,frequency,peak flux density,analytical loss,Measured loss,loss calculted by iGSE,loss calculted by SE,loss error percent by iGSE
0,50000.0,0.0369,0.0,5.00744,3.722765702081163,0.1,1.3450859927071577
1,50000.0,0.0417,0.0,5.53823,5.052942179845946,0.1,1.0960406438232486
2,50000.0,0.0478,0.0,8.15669,7.106687315041107,0.1,1.147748541396579
3,50000.0,0.053,0.0,11.74871,9.198275510391232,0.1,1.2772731135012818
4,50000.0,0.06,0.0,15.82329,12.540010203362614,0.1,1.261824332149026
5,50000.0,0.067,0.0,19.6344102,16.52039809047683,0.1,1.1884949801129938
6,50000.0,0.0751,0.0,26.5592,21.97071177470473,0.1,1.2088456793001163
7,50000.0,0.0837,0.0,31.8912402,28.80535124804193,0.1,1.1071290165978391
8,50000.0,0.0947,0.0,46.144468800000006,39.213711892387884,0.1,1.1767431995887518
9,50000.0,0.1058,0.0,60.6123594,51.72381279661733,0.1,1.1718463145463238
10,50000.0,0.118,0.0,76.4808516,67.9353890438201,0.1,1.1257880859513125
11,50000.0,0.1324,0.0,98.8779375,90.57763991426047,0.1,1.091637379750637
12,50000.0,0.1485,0.0,131.341734,120.65003790069292,0.1,1.0886174284346883
13,50000.0,0.1653,0.0,166.90146900000002,157.6920063921602,0.1,1.0584015817830172
14,50000.0,0.1847,0.0,224.525734,208.06931353575573,0.1,1.0790910499227284
15,50000.0,0.2081,0.0,298.981469,280.30300066528457,0.1,1.0666367048885779
16,50000.0,0.2325,0.0,372.949156,369.75858647081816,0.1,1.0086287909082368
17,50000.0,0.2607,0.0,482.210875,492.179998058206,0.1,0.9797449650584397
18,50000.0,0.2931,0.0,635.090875,659.5069153787061,0.1,0.9629783406218178
19,60000.0,0.0307,0.0,4.14148,3.1567377313710976,0.1,1.3119493453139006
20,60000.0,0.0378,0.0,7.002689999999999,5.308348486198609,0.1,1.3191843034055841
21,60000.0,0.0419,0.0,8.197659999999999,6.865694641070279,0.1,1.1940030002152968
22,60000.0,0.0473,0.0,10.6663398,9.29410369094691,0.1,1.1476458790092627
23,60000.0,0.0529,0.0,14.3014199,12.291542058175168,0.1,1.163517143114525
24,60000.0,0.0589,0.0,18.7709,16.075757306375056,0.1,1.1676526114608703
25,60000.0,0.0668,0.0,25.1507793,22.01536905712953,0.1,1.1424191543068904
26,60000.0,0.0749,0.0,35.6329414,29.30217708352969,0.1,1.216050988239667
27,60000.0,0.0838,0.0,43.3951,38.78980702040702,0.1,1.1187243075782813
28,60000.0,0.0932,0.0,56.5513516,50.58994926714904,0.1,1.1178376815792153
29,60000.0,0.1054,0.0,77.22128909999999,68.79071536022049,0.1,1.1225539478057913
30,60000.0,0.1181,0.0,100.337992,91.40376937681997,0.1,1.0977445753505846
31,60000.0,0.1325,0.0,130.613133,121.83978353520833,0.1,1.072007264049812
32,60000.0,0.1473,0.0,174.406609,158.73529879026808,0.1,1.0987260573367361
33,60000.0,0.1656,0.0,221.159781,212.67964864358757,0.1,1.0398727965298815
34,60000.0,0.1843,0.0,285.97690600000004,277.84641919144445,0.1,1.0292625214757705
35,60000.0,0.2072,0.0,378.688906,372.2839281990156,0.1,1.0172045509242624
36,60000.0,0.2323,0.0,480.371031,495.3743865916531,0.1,0.9697130978150055
37,60000.0,0.2609,0.0,621.681125,662.0715956121369,0.1,0.9389938023624276
38,60000.0,0.2906,0.0,799.424875,866.711391024496,0.1,0.9223657185987137
39,70000.0,0.0263,0.0,3.56445,2.7515802267480267,0.1,1.295419252308216
40,70000.0,0.0296,0.0,3.89944,3.69683171714002,0.1,1.0548059252793698
41,70000.0,0.0341,0.0,5.79686,5.264725334898272,0.1,1.1010754847122541
42,70000.0,0.0377,0.0,8.42182,6.76495154264655,0.1,1.244919486401119
43,70000.0,0.042,0.0,10.37746,8.860334262751566,0.1,1.1712266932892543
44,70000.0,0.0472,0.0,13.3587598,11.8601622409904,0.1,1.1263555698951768
45,70000.0,0.0534,0.0,18.6093906,16.143299246854905,0.1,1.1527625372877572
46,70000.0,0.059,0.0,22.7211309,20.7105305481297,0.1,1.0970810644950797
47,70000.0,0.0668,0.0,33.1004297,28.242639825440836,0.1,1.1720019766064251
48,70000.0,0.0752,0.0,43.4588281,37.96786165105063,0.1,1.1446214300772302
49,70000.0,0.0834,0.0,54.1535703,49.17062818585725,0.1,1.1013398099228673
50,70000.0,0.0939,0.0,71.4857578,66.12442546515659,0.1,1.0810794543336864
51,70000.0,0.1056,0.0,95.2677734,88.66779927363467,0.1,1.0744348476045669
52,70000.0,0.1178,0.0,123.249797,116.5155510888134,0.1,1.0577969708614556
53,70000.0,0.1309,0.0,163.69879699999998,151.6307747627773,0.1,1.0795882119319302
54,70000.0,0.1475,0.0,217.121469,204.3266215324496,0.1,1.0626195811959747
55,70000.0,0.1649,0.0,276.198219,269.96618596350856,0.1,1.0230844948757167
56,70000.0,0.1845,0.0,355.901406,357.405195784782,0.1,0.995792479229408
57,70000.0,0.2073,0.0,467.678625,478.1642528389972,0.1,0.9780710754165728
58,70000.0,0.2323,0.0,603.416125,635.4960638157443,0.1,0.9495198465540055
59,70000.0,0.2598,0.0,796.614875,840.4274819625329,0.1,0.9478686645750525
60,70000.0,0.289,0.0,978.186938,1096.6390834713563,0.1,0.8919862083554401
61,80000.0,0.023,0.0,3.05812,2.44245401627687,0.1,1.252068607891998
62,80000.0,0.0269,0.0,4.03091,3.612144055477272,0.1,1.1159327917411637
63,80000.0,0.0298,0.0,5.01304,4.664928450623357,0.1,1.0746231272486346
64,80000.0,0.0336,0.0,7.50725,6.295912721750307,0.1,1.1924005830107716
65,80000.0,0.0374,0.0,9.86139,8.22821730449105,0.1,1.1984843903694118
66,80000.0,0.042,0.0,12.7906904,10.994090139974318,0.1,1.1634150927590885
67,80000.0,0.0474,0.0,16.9087793,14.872616150003337,0.1,1.1369068581788286
68,80000.0,0.0533,0.0,21.0389102,19.937368213819344,0.1,1.0552501199941293
69,80000.0,0.0595,0.0,29.2677793,26.24558152574578,0.1,1.1151507262770908
70,80000.0,0.067,0.0,40.660718800000005,35.30676998353652,0.1,1.1516408558177376
71,80000.0,0.0746,0.0,50.8935312,46.177886815051,0.1,1.102119103107421
72,80000.0,0.0838,0.0,66.86207030000001,61.74561540075468,0.1,1.082863452992369
73,80000.0,0.0937,0.0,89.5601875,81.61270304253907,0.1,1.0973804831990241
74,80000.0,0.1038,0.0,111.35443,105.39551848722996,0.1,1.0565385663290041
75,80000.0,0.1173,0.0,150.100141,143.0468207658052,0.1,1.0493077734718932
76,80000.0,0.1317,0.0,203.774438,191.03242957824597,0.1,1.066700760964436
77,80000.0,0.1469,0.0,260.147828,250.9641956702028,0.1,1.0365933965411767
78,80000.0,0.1646,0.0,336.711719,333.4593656199402,0.1,1.0097533724206946
79,80000.0,0.1854,0.0,443.664438,448.9000390051559,0.1,0.9883368221202231
80,80000.0,0.2047,0.0,543.68075,574.9002674301581,0.1,0.945695768120423
81,80000.0,0.2319,0.0,745.476812,785.1492973756547,0.1,0.9494714119871734
82,80000.0,0.258,0.0,915.966688,1024.8640648055552,0.1,0.8937445652109813
83,80000.0,0.29,0.0,1225.9158799999998,1372.5260453985402,0.1,0.893182234399079
84,90000.0,0.0204,0.0,2.72733,2.1894415791969064,0.1,1.2456737945939587
85,90000.0,0.0239,0.0,3.67892,3.2518380862153475,0.1,1.131335540842291
86,90000.0,0.0264,0.0,4.436439999999999,4.169329391550412,0.1,1.0640656046487753
87,90000.0,0.0298,0.0,6.56395,5.642899922422833,0.1,1.163222826957687
88,90000.0,0.0338,0.0,9.01531,7.729563650109101,0.1,1.1663413884783458
89,90000.0,0.038,0.0,11.9177,10.356920872444457,0.1,1.1506991456995814
90,90000.0,0.042,0.0,15.45821,13.298928601934016,0.1,1.1623650643369847
91,90000.0,0.0473,0.0,18.6625605,17.89589318565901,0.1,1.04284040513582
92,90000.0,0.053,0.0,26.1853398,23.77941983488593,0.1,1.101176562835416
93,90000.0,0.0596,0.0,36.3333086,31.88126045060017,0.1,1.1396446717123452
94,90000.0,0.0665,0.0,46.8222305,41.91681843372765,0.1,1.1170272995320012
95,90000.0,0.0746,0.0,61.7337695,55.85877611723746,0.1,1.1051758343296314
96,90000.0,0.084,0.0,81.8432188,75.13629734729578,0.1,1.0892634011721847
97,90000.0,0.0932,0.0,102.624344,97.41147274208728,0.1,1.0535139353833058
98,90000.0,0.1043,0.0,135.506688,129.03072469170846,0.1,1.0501893120709387
99,90000.0,0.1172,0.0,183.644562,172.66735512955498,0.1,1.063574303678936
100,90000.0,0.1308,0.0,238.681312,227.156277536882,0.1,1.0507361477661419
101,90000.0,0.1469,0.0,309.641812,303.57718350193755,0.1,1.0199772210417908
102,90000.0,0.1651,0.0,409.085312,406.4349209980336,0.1,1.0065210710621473
103,90000.0,0.1816,0.0,496.408875,515.6303584192094,0.1,0.9627223589430662
104,90000.0,0.206,0.0,695.98125,706.5100875407317,0.1,0.9850973995610153
105,90000.0,0.2308,0.0,848.898812,938.5360608075704,0.1,0.9044924829734925
106,90000.0,0.2588,0.0,1118.8535,1249.3456858101017,0.1,0.8955515776840516
107,90000.0,0.2908,0.0,1499.14325,1671.7326042176664,0.1,0.8967601913235195
108,100000.0,0.0186,0.0,2.59014,2.060876862303684,0.1,1.2568145372376573
109,100000.0,0.0216,0.0,3.3777600000000003,2.9942438573223806,0.1,1.1280844717238834
110,100000.0,0.024,0.0,4.04074,3.895816836936637,0.1,1.0371996860040575
111,100000.0,0.0271,0.0,5.96028,5.2771408828661945,0.1,1.1294525070103434
112,100000.0,0.0301,0.0,8.08908,6.85977111946152,0.1,1.1792055243725068
113,100000.0,0.0339,0.0,10.6758301,9.232082827730586,0.1,1.1563837001042498
114,100000.0,0.0382,0.0,13.9519297,12.441292463531411,0.1,1.121421246297091
115,100000.0,0.0423,0.0,17.0808301,16.05012103981323,0.1,1.0642181487373235
116,100000.0,0.0478,0.0,23.8079902,21.78219178116516,0.1,1.0930025058629098
117,100000.0,0.0534,0.0,32.6418809,28.72753579495469,0.1,1.1362576008253644
118,100000.0,0.0601,0.0,42.7772109,38.59570800589488,0.1,1.1083411371405978
119,100000.0,0.067,0.0,55.0309102,50.63547382285238,0.1,1.0868054753970506
120,100000.0,0.0755,0.0,74.22867969999999,68.24044978947774,0.1,1.08775191149818
121,100000.0,0.0832,0.0,92.0409062,86.9774958614606,0.1,1.0582151772523376
122,100000.0,0.0937,0.0,122.709773,117.04548137509288,0.1,1.0483939367702277
123,100000.0,0.1055,0.0,166.941766,157.41427040258685,0.1,1.0605249801879244
124,100000.0,0.118,0.0,218.543125,208.22383302958025,0.1,1.049558649556479
125,100000.0,0.1325,0.0,283.679438,278.14708524690656,0.1,1.0198900259845702
126,100000.0,0.1487,0.0,376.580375,371.0411417716476,0.1,1.0149288922568094
127,100000.0,0.1646,0.0,459.19875,478.2332959573143,0.1,0.9601982000872369
128,100000.0,0.1863,0.0,648.59,651.6292346797416,0.1,0.995335944862518
129,100000.0,0.2075,0.0,791.547188,852.9614946297359,0.1,0.9279987349764302
130,100000.0,0.2326,0.0,1030.923,1134.5383605357029,0.1,0.9086717874512608
131,100000.0,0.2621,0.0,1388.10925,1528.8649272092912,0.1,0.9079345240352794
132,100000.0,0.2925,0.0,1789.935,2011.0851336668863,0.1,0.8900344247169412
133,110000.0,0.0167,0.0,2.47203,1.836671700066268,0.1,1.3459291608352262
134,110000.0,0.0189,0.0,2.6853800000000003,2.502062335100721,0.1,1.0732666258260508
135,110000.0,0.0211,0.0,3.82319,3.2943040176702465,0.1,1.1605455900526707
136,110000.0,0.0239,0.0,5.48583,4.497331308298717,0.1,1.2197967247548012
137,110000.0,0.0266,0.0,6.77279,5.87598327168748,0.1,1.1526224100455909
138,110000.0,0.0299,0.0,8.769260000000001,7.869787555654042,0.1,1.1142943742744025
139,110000.0,0.0338,0.0,12.2996396,10.69007978917598,0.1,1.1505657434338092
140,110000.0,0.0374,0.0,14.9608096,13.76540782620832,0.1,1.0868409994737478
141,110000.0,0.0422,0.0,21.7306699,18.61216144795804,0.1,1.1675521921922771
142,110000.0,0.0478,0.0,28.789089800000003,25.40902598728845,0.1,1.133026107116523
143,110000.0,0.053,0.0,35.3948086,32.887224542313774,0.1,1.0762479684006137
144,110000.0,0.0596,0.0,46.5528594,44.09216786663057,0.1,1.0558079054042546
145,110000.0,0.0666,0.0,61.8895586,58.18949195096023,0.1,1.0635865089208554
146,110000.0,0.0748,0.0,83.20939999999999,77.77181203802905,0.1,1.069917208040775
147,110000.0,0.0831,0.0,110.866719,101.15527235007592,0.1,1.0960053433133463
148,110000.0,0.0933,0.0,145.681312,135.08264895299104,0.1,1.0784605804606135
149,110000.0,0.1041,0.0,185.702297,177.59742252361707,0.1,1.0456362167942224
150,110000.0,0.117,0.0,241.952266,237.7842942553272,0.1,1.0175283727536577
151,110000.0,0.1311,0.0,321.920969,315.963044941296,0.1,1.0188563952465104
152,110000.0,0.1473,0.0,428.864688,422.71275087676247,0.1,1.0145534694907536
153,110000.0,0.1646,0.0,563.148688,557.8613193311998,0.1,1.0094779266559277
154,110000.0,0.1828,0.0,693.7404379999999,724.9535275745266,0.1,0.9569447028157017
155,110000.0,0.2059,0.0,950.354125,975.92744461718,0.1,0.9737958802590991
156,110000.0,0.2322,0.0,1213.63338,1317.7658015493826,0.1,0.9209780513146211
157,110000.0,0.2584,0.0,1532.2463799999998,1721.196256663152,0.1,0.8902217710899131
158,120000.0,0.0153,0.0,2.28463,1.6986343965867297,0.1,1.344980417558235
159,120000.0,0.0188,0.0,3.69662,2.841874667056046,0.1,1.30076813128054
160,120000.0,0.0213,0.0,4.797890000000001,3.88205520447981,0.1,1.2359149335288526
161,120000.0,0.0237,0.0,5.70316,5.068740990817394,0.1,1.1251630356200737
162,120000.0,0.0267,0.0,7.51513,6.82675339190213,0.1,1.100835136203165
163,120000.0,0.0297,0.0,9.86959,8.907256183309505,0.1,1.1080393105223274
164,120000.0,0.0333,0.0,13.1148701,11.854246826586296,0.1,1.1063435992058492
165,120000.0,0.0374,0.0,18.608039100000003,15.84351787822162,0.1,1.174489102926975
166,120000.0,0.0419,0.0,22.968339800000003,21.043542617415085,0.1,1.0914673549781493
167,120000.0,0.047,0.0,30.2607305,28.037458924037825,0.1,1.0792964719800646
168,120000.0,0.0527,0.0,41.2806094,37.31909131704881,0.1,1.1061525868702333
169,120000.0,0.0591,0.0,53.97625,49.69167388397273,0.1,1.086223219729557
170,120000.0,0.0662,0.0,70.395,65.9737561422566,0.1,1.0670151908314882
171,120000.0,0.0739,0.0,97.1072109,86.84629942853192,0.1,1.1181502440401856
172,120000.0,0.0829,0.0,122.761961,115.72753689808911,0.1,1.0607843585931105
173,120000.0,0.0924,0.0,158.593562,151.75587046131636,0.1,1.045057179784202
174,120000.0,0.1037,0.0,214.585547,202.45209294291655,0.1,1.0599324703474644
175,120000.0,0.1164,0.0,280.056531,270.1889086177184,0.1,1.03652119708675
176,120000.0,0.1306,0.0,367.649188,360.2077281704073,0.1,1.0206588011517406
177,120000.0,0.1462,0.0,477.790594,477.50212421116805,0.1,1.0006041225247082
178,120000.0,0.1626,0.0,620.94125,622.766320687762,0.1,0.9970694133142163
179,120000.0,0.1842,0.0,837.6318120000001,850.4530146691718,0.1,0.9849242668930285
180,120000.0,0.2053,0.0,1042.02144,1115.100100497609,0.1,0.9344644839822022
181,120000.0,0.2288,0.0,1326.19625,1461.8298006570026,0.1,0.9072165921121298
182,130000.0,0.0149,0.0,2.43461,1.809380080663927,0.1,1.3455492441956438
183,130000.0,0.0169,0.0,3.28932,2.4784629699274308,0.1,1.3271612446549126
184,130000.0,0.0193,0.0,4.22337,3.453465633024485,0.1,1.222936739144917
185,130000.0,0.0213,0.0,5.14038,4.418082226840234,0.1,1.1634867202723718
186,130000.0,0.0239,0.0,7.1766000000000005,5.891006545637071,0.1,1.2182298465302253
187,130000.0,0.0267,0.0,9.40025,7.769378908620037,0.1,1.2099100984211917
188,130000.0,0.0299,0.0,11.9508301,10.308551188475564,0.1,1.159312291465402
189,130000.0,0.0337,0.0,16.4951094,13.899554716437486,0.1,1.1867365348397123
190,130000.0,0.0378,0.0,20.9613809,18.516797770832188,0.1,1.132019756300333
191,130000.0,0.0418,0.0,28.5554297,23.806659273834452,0.1,1.199472356517693
192,130000.0,0.0471,0.0,37.4872188,32.07869551584595,0.1,1.1686017213973803
193,130000.0,0.0529,0.0,49.2182812,42.87585850376149,0.1,1.147925264182922
194,130000.0,0.0593,0.0,63.7855391,57.0323286187246,0.1,1.1184102182890392
195,130000.0,0.0659,0.0,82.744,74.23614508747656,0.1,1.1146052896806289
196,130000.0,0.0741,0.0,107.634031,99.5074773257252,0.1,1.0816677690227594
197,130000.0,0.0826,0.0,144.499141,130.51950659794767,0.1,1.1071076252618333
198,130000.0,0.0929,0.0,192.976234,175.0542768970649,0.1,1.1023794300865528
199,130000.0,0.1042,0.0,251.436109,233.19165497896225,0.1,1.0782380228086794
200,130000.0,0.117,0.0,329.156219,311.47112317987626,0.1,1.0567792469477517
201,130000.0,0.1298,0.0,407.128188,403.6999595148261,0.1,1.0084920208793036
202,130000.0,0.1462,0.0,563.9306879999999,543.4347367913097,0.1,1.0377155706492152
203,130000.0,0.1643,0.0,720.842875,727.4139577443551,0.1,0.9909665154560253
204,130000.0,0.1833,0.0,916.836625,956.1110536223624,0.1,0.9589227334277063
205,130000.0,0.2053,0.0,1221.722,1269.071065622933,0.1,0.9626899809588745
206,140000.0,0.0134,0.0,2.37983,1.564646764089964,0.1,1.5210014519693627
207,140000.0,0.0151,0.0,2.73547,2.1086442148579736,0.1,1.2972648399977924
208,140000.0,0.0169,0.0,3.58929,2.793763663350714,0.1,1.2847507636688091
209,140000.0,0.019,0.0,5.20163,3.743392319076832,0.1,1.3895497870986677
210,140000.0,0.0212,0.0,6.4667,4.921929024526242,0.1,1.313854784938198
211,140000.0,0.0238,0.0,8.21795,6.571244902330724,0.1,1.2505925623142145
212,140000.0,0.0269,0.0,11.33046,8.922575775285765,0.1,1.2698642505658202
213,140000.0,0.0296,0.0,13.5929199,11.330890733719054,0.1,1.1996338345713178
214,140000.0,0.0333,0.0,19.1746699,15.207340956054995,0.1,1.2608824879648248
215,140000.0,0.0375,0.0,25.142169900000003,20.461054494398915,0.1,1.2287817280816349
216,140000.0,0.0416,0.0,31.0501699,26.5156365539717,0.1,1.1710135578604122
217,140000.0,0.0468,0.0,40.3408086,35.58699269273888,0.1,1.1335829624128673
218,140000.0,0.0526,0.0,53.8934688,47.64854955573833,0.1,1.131062105824575
219,140000.0,0.0581,0.0,69.2648594,61.086875603598926,0.1,1.133874645176963
220,140000.0,0.0655,0.0,95.5118672,82.41705932211732,0.1,1.1588846773421406
221,140000.0,0.0738,0.0,126.356641,111.03541039971556,0.1,1.1379850855247857
222,140000.0,0.0826,0.0,161.086094,147.12370502048964,0.1,1.094902374689149
223,140000.0,0.0923,0.0,209.824734,194.15563002180343,0.1,1.0807038352502936
224,140000.0,0.1037,0.0,278.361281,259.7177239253139,0.1,1.0717839229179729
225,140000.0,0.1161,0.0,368.569625,344.38715947682147,0.1,1.0702188361491627
226,140000.0,0.1303,0.0,484.199875,459.4489235366395,0.1,1.0538709532124668
227,140000.0,0.1446,0.0,602.4515,595.9578277205356,0.1,1.0108961942899581
228,140000.0,0.163,0.0,819.555,803.8410345469536,0.1,1.019548598264709
229,140000.0,0.1838,0.0,1070.42625,1085.1032012118917,0.1,0.9864741425557497
230,140000.0,0.2041,0.0,1347.03312,1409.720104419844,0.1,0.9555323186331076
231,150000.0,0.0134,0.0,2.34761,1.749177486451062,0.1,1.3421222364135892
232,150000.0,0.0151,0.0,3.53134,2.357332704235068,0.1,1.498023589820719
233,150000.0,0.0172,0.0,4.58007,3.2636068629350703,0.1,1.4033767522724814
234,150000.0,0.0191,0.0,5.41711,4.24012080004062,0.1,1.277583883918615
235,150000.0,0.0216,0.0,7.193560000000001,5.765447645548873,0.1,1.2477019031737597
236,150000.0,0.024,0.0,9.2712,7.50143578155053,0.1,1.235923397864997
237,150000.0,0.0268,0.0,12.2203398,9.882504348212644,0.1,1.2365630582505314
238,150000.0,0.0301,0.0,17.1564395,13.208560536238714,0.1,1.2988879032601601
239,150000.0,0.0337,0.0,21.0613594,17.515627073172737,0.1,1.2024325085259422
240,150000.0,0.0375,0.0,27.2029609,22.874182653915007,0.1,1.1892429693151947
241,150000.0,0.0421,0.0,37.0761289,30.540926193978176,0.1,1.2139818113083416
242,150000.0,0.0473,0.0,47.5265195,40.85439404972857,0.1,1.1633147573343035
243,150000.0,0.0531,0.0,61.7950703,54.54209358626304,0.1,1.1329794336234222
244,150000.0,0.0592,0.0,84.8115938,71.56732082607144,0.1,1.1850603434787763
245,150000.0,0.0663,0.0,106.695062,94.97422717980922,0.1,1.123410689070419
246,150000.0,0.0739,0.0,139.04215599999998,124.55128360299102,0.1,1.1163446251039757
247,150000.0,0.0828,0.0,184.557984,165.4718258472634,0.1,1.1153438541879257
248,150000.0,0.0931,0.0,243.644688,221.78428226628773,0.1,1.0985660728990043
249,150000.0,0.1047,0.0,317.98318800000004,297.3934998106177,0.1,1.069233820518922
250,150000.0,0.1169,0.0,412.847188,391.6651078783111,0.1,1.0540821219343084
251,150000.0,0.1302,0.0,536.843875,512.6510278600502,0.1,1.0471916485585477
252,150000.0,0.1472,0.0,722.9039379999999,696.5751266824637,0.1,1.0377975186150141
253,150000.0,0.1646,0.0,913.4565,920.8431783060724,0.1,0.9919783536653217
254,150000.0,0.1832,0.0,1171.33025,1203.2090203950202,0.1,0.9735052099388731
255,160000.0,0.0122,0.0,2.33406,1.535806195141059,0.1,1.5197620685373154
256,160000.0,0.0138,0.0,3.27626,2.089480005936868,0.1,1.56797863137772
257,160000.0,0.0153,0.0,3.64055,2.703886258133714,0.1,1.3464138844778157
258,160000.0,0.0171,0.0,4.82941,3.569958512689668,0.1,1.352791631284656
259,160000.0,0.0191,0.0,6.64939,4.706194199048243,0.1,1.412901745819316
260,160000.0,0.0214,0.0,8.61162,6.25218722483334,0.1,1.3773771786288045
261,160000.0,0.0241,0.0,10.8374697,8.412929738715228,0.1,1.2881921086452617
262,160000.0,0.0271,0.0,14.2707803,11.278105908929447,0.1,1.2653525703018182
263,160000.0,0.03,0.0,18.353839800000003,14.539069235036662,0.1,1.2623806588505955
264,160000.0,0.0338,0.0,25.3579492,19.58537930150356,0.1,1.2947387339112335
265,160000.0,0.0377,0.0,32.7101191,25.728131523410998,0.1,1.2713756173951392
266,160000.0,0.0424,0.0,42.4458711,34.504653383890975,0.1,1.2301491809744276
267,160000.0,0.0476,0.0,55.4970117,46.06700473040786,0.1,1.2047019775819632
268,160000.0,0.0528,0.0,69.44439999999999,59.68653280101336,0.1,1.163485240992604
269,160000.0,0.0591,0.0,92.2733125,79.09920723878123,0.1,1.1665516725275054
270,160000.0,0.0662,0.0,123.969109,105.01702602335376,0.1,1.1804667651932141
271,160000.0,0.0744,0.0,162.47956200000002,140.59044115832876,0.1,1.1556942325618025
272,160000.0,0.0833,0.0,210.774312,186.4436637927529,0.1,1.1304986595537652
273,160000.0,0.0936,0.0,278.787219,249.47877990910467,0.1,1.117478685367844
274,160000.0,0.1035,0.0,342.520469,320.7127811929381,0.1,1.0679975638200168
275,160000.0,0.117,0.0,477.679812,435.6464766190395,0.1,1.0964849657620839
276,160000.0,0.1311,0.0,599.355688,578.8783809358553,0.1,1.0353741092058744
277,160000.0,0.1465,0.0,784.018812,763.9902921402288,0.1,1.0262156732432604
278,160000.0,0.1646,0.0,1044.09875,1022.062112932176,0.1,1.021560956803891
279,160000.0,0.1846,0.0,1348.1828799999998,1361.10713564752,0.1,0.9905046007701872
280,170000.0,0.0122,0.0,2.5242600000000004,1.693874956736407,0.1,1.4902280655140554
281,170000.0,0.0136,0.0,3.5232,2.222000329956559,0.1,1.585598324402085
282,170000.0,0.0151,0.0,4.52192,2.8857415187501663,0.1,1.5669871922411378
283,170000.0,0.017,0.0,5.584560000000001,3.8801160369014265,0.1,1.4392765440230764
284,170000.0,0.0189,0.0,7.00788,5.055849031835053,0.1,1.3860936028496176
285,170000.0,0.0214,0.0,9.41244,6.895676940539878,0.1,1.3649769386184556
286,170000.0,0.0239,0.0,12.3871,9.087634557269425,0.1,1.3630719767545285
287,170000.0,0.0267,0.0,16.7434902,11.985265287268527,0.1,1.3970062237826264
288,170000.0,0.03,0.0,21.0526,16.03546420726829,0.1,1.3128774900359683
289,170000.0,0.0334,0.0,26.7414805,20.96817543580074,0.1,1.2753365490419355
290,170000.0,0.0376,0.0,35.88087109999999,28.188469241614683,0.1,1.2728917910529531
291,170000.0,0.0421,0.0,46.58925,37.38683919359856,0.1,1.246140380007762
292,170000.0,0.0474,0.0,60.6689805,50.27668924660208,0.1,1.206701980761398
293,170000.0,0.0524,0.0,80.4327891,64.59079639272247,0.1,1.2452670286174465
294,170000.0,0.059,0.0,102.667203,86.8719787107435,0.1,1.1818218546840018
295,170000.0,0.0657,0.0,133.409375,113.65250815209488,0.1,1.1738357311170433
296,170000.0,0.0738,0.0,175.88815599999998,151.95521918025648,0.1,1.1574999328674136
297,170000.0,0.0829,0.0,231.356656,203.174942925438,0.1,1.138706637092076
298,170000.0,0.0929,0.0,301.32693800000004,270.0437155863898,0.1,1.1158450302969647
299,170000.0,0.1038,0.0,396.369125,356.2882062928638,0.1,1.1124957772926962
300,170000.0,0.1156,0.0,507.79025,466.24960760467206,0.1,1.0890952865542136
301,170000.0,0.1306,0.0,685.332812,632.392139104903,0.1,1.083714944607044
302,170000.0,0.1467,0.0,873.01425,845.4986696787364,0.1,1.032543611608187
303,170000.0,0.1631,0.0,1117.5275,1101.766856367002,0.1,1.0143048808755852
304,180000.0,0.0107,0.0,2.47599,1.338616582223346,0.1,1.8496633262136633
305,180000.0,0.0121,0.0,3.10974,1.8199692877809213,0.1,1.7086771853121154
306,180000.0,0.0133,0.0,3.64889,2.304919789160975,0.1,1.583087627239406
307,180000.0,0.015,0.0,5.04991,3.112868899832436,0.1,1.6222687695816016
308,180000.0,0.0167,0.0,6.65821,4.070426671573969,0.1,1.6357523515895636
309,180000.0,0.0186,0.0,8.33041,5.327787375074755,0.1,1.563577788215153
310,180000.0,0.021,0.0,10.9309902,7.21469355734429,0.1,1.5151011076378509
311,180000.0,0.0235,0.0,13.5133301,9.555455199897535,0.1,1.4142005605494237
312,180000.0,0.0263,0.0,18.1850293,12.65852483591774,0.1,1.4365836095214795
313,180000.0,0.0295,0.0,24.1537,16.86393841177401,0.1,1.4322692250308768
314,180000.0,0.0332,0.0,31.1965,22.654621354720472,0.1,1.3770479546549421
315,180000.0,0.0372,0.0,39.7344805,30.100937331039557,0.1,1.3200413018044623
316,180000.0,0.0418,0.0,52.9698906,40.27840220359885,0.1,1.3150941373555074
317,180000.0,0.0461,0.0,65.2764219,51.44075083276072,0.1,1.2689632410736091
318,180000.0,0.0519,0.0,87.23828909999999,69.16410166931334,0.1,1.2613232442040925
319,180000.0,0.0582,0.0,116.485094,92.08316698031211,0.1,1.264998781209438
320,180000.0,0.0652,0.0,149.459266,122.293391942987,0.1,1.2221368924796665
321,180000.0,0.0731,0.0,193.990812,162.73764923267944,0.1,1.192046296076425
322,180000.0,0.082,0.0,255.630266,216.840007271088,0.1,1.178888846283875
323,180000.0,0.0907,0.0,318.195281,278.9614370943544,0.1,1.1406425358081855
324,180000.0,0.1028,0.0,442.507938,381.426485396408,0.1,1.1601395155874177
325,180000.0,0.1144,0.0,549.66775,498.2066744314452,0.1,1.1032926257507134
326,180000.0,0.1284,0.0,734.486938,664.7629240095895,0.1,1.1048855335822019
327,180000.0,0.1443,0.0,967.757625,889.874568762892,0.1,1.0875213866886673
328,190000.0,0.0109,0.0,2.5830300000000004,1.5300006914408737,0.1,1.6882541390013617
329,190000.0,0.0122,0.0,3.57449,2.0273880341745274,0.1,1.7631010639043214
330,190000.0,0.0135,0.0,4.49159,2.6109140204530976,0.1,1.7203132561295644
331,190000.0,0.015,0.0,5.37976,3.3970655983147457,0.1,1.583649136086407
332,190000.0,0.0169,0.0,6.91403,4.576140135212422,0.1,1.5108868600412855
333,190000.0,0.0192,0.0,9.4183,6.294132475612432,0.1,1.4963618952242628
334,190000.0,0.0215,0.0,12.3791504,8.35007757977033,0.1,1.482519207964112
335,190000.0,0.024,0.0,16.4804902,10.990981426849444,0.1,1.499455741026042
336,190000.0,0.0268,0.0,20.5118,14.47968427712286,0.1,1.416591660938876
337,190000.0,0.0299,0.0,26.1441602,19.03331839202584,0.1,1.373599687743011
338,190000.0,0.0336,0.0,34.5398516,25.47378814875559,0.1,1.355897732928555
339,190000.0,0.0376,0.0,44.3821406,33.738597418227,0.1,1.31547082558989
340,190000.0,0.0423,0.0,58.6240508,45.28102568240475,0.1,1.2946714416581793
341,190000.0,0.0469,0.0,77.1259219,58.60258123982446,0.1,1.3160840404686416
342,190000.0,0.0527,0.0,97.9211094,78.41877049722835,0.1,1.2486947803327386
343,190000.0,0.0586,0.0,125.712477,102.22440096449432,0.1,1.229769759606259
344,190000.0,0.0659,0.0,166.018938,137.0668059762058,0.1,1.2112264294596617
345,190000.0,0.0739,0.0,217.874156,182.4905104350269,0.1,1.1938930713746398
346,190000.0,0.0831,0.0,285.604812,244.647074912186,0.1,1.1674156010347372
347,190000.0,0.0928,0.0,372.318844,322.3451232138597,0.1,1.1550317258964244
348,190000.0,0.1031,0.0,478.381562,419.29100683934377,0.1,1.1409296984595174
349,190000.0,0.1168,0.0,643.8990620000001,572.6357525731672,0.1,1.1244478869972887
350,190000.0,0.131,0.0,821.0675,762.7108082297785,0.1,1.076512212939089
351,190000.0,0.1457,0.0,1054.26212,994.8266300075568,0.1,1.059744570762035
352,200000.0,0.0108,0.0,2.9849,1.624382874226418,0.1,1.8375593878515268
353,200000.0,0.0123,0.0,3.80881,2.2479680042240857,0.1,1.6943346136791027
354,200000.0,0.0135,0.0,4.92099,2.8365405510435617,0.1,1.7348562135625278
355,200000.0,0.0154,0.0,6.63223,3.941426579108764,0.1,1.6826978422365235
356,200000.0,0.0172,0.0,8.481309999999999,5.1950094536958575,0.1,1.6325879819075568
357,200000.0,0.0194,0.0,10.7793398,7.017387482731495,0.1,1.5360901512886358
358,200000.0,0.0214,0.0,13.3587598,8.966622058779166,0.1,1.4898319247124416
359,200000.0,0.0242,0.0,17.730529299999997,12.19092679623942,0.1,1.4544037214192278
360,200000.0,0.0269,0.0,23.6013203,15.878019173661494,0.1,1.486414649199438
361,200000.0,0.0303,0.0,30.7952305,21.37613338049233,0.1,1.4406361502264695
362,200000.0,0.0339,0.0,39.8244609,28.29658739418817,0.1,1.4073944799498874
363,200000.0,0.038,0.0,51.5721406,37.63609509665885,0.1,1.3702840442811592
364,200000.0,0.0423,0.0,65.3094688,49.194061748037306,0.1,1.327588462495794
365,200000.0,0.0472,0.0,83.0859219,64.68909525692388,0.1,1.2843883744240039
366,200000.0,0.0531,0.0,111.220492,86.82010539412138,0.1,1.2810453465255844
367,200000.0,0.0595,0.0,145.988312,115.36855681538567,0.1,1.2654081495845741
368,200000.0,0.0668,0.0,190.286156,154.0443360598049,0.1,1.235268760067393
369,200000.0,0.075,0.0,249.607547,205.7155988713003,0.1,1.2133622747595303
370,200000.0,0.0829,0.0,306.713125,264.19348538735306,0.1,1.1609412872172296
371,200000.0,0.0935,0.0,423.844281,356.83770901098,0.1,1.187778842585715
372,200000.0,0.1052,0.0,538.4564379999999,479.0588828103064,0.1,1.1239880050678723
373,200000.0,0.1173,0.0,697.169938,628.7955651731801,0.1,1.1087386371880479
374,200000.0,0.1319,0.0,931.127875,842.9168283776548,0.1,1.1046497633605479
375,200000.0,0.1476,0.0,1207.12875,1116.3508680625855,0.1,1.0813166223402133
376,210000.0,0.0106,0.0,3.39482,1.6774441798865656,0.1,2.023805048600526
377,210000.0,0.012,0.0,4.27128,2.286859869285875,0.1,1.8677488976767982
378,210000.0,0.0133,0.0,5.23097,2.956889764731117,0.1,1.7690784629151284
379,210000.0,0.0148,0.0,6.96914,3.8616844370357706,0.1,1.8046891489014345
380,210000.0,0.0167,0.0,8.92908,5.221788202723889,0.1,1.709965945256501
381,210000.0,0.0187,0.0,11.3431797,6.926975729285196,0.1,1.6375370931421638
382,210000.0,0.0209,0.0,15.0064297,9.145730852238191,0.1,1.6408125214320677
383,210000.0,0.0234,0.0,18.8671406,12.128414179610507,0.1,1.5556148001375312
384,210000.0,0.0262,0.0,25.0101406,16.085303160531232,0.1,1.5548442171340473
385,210000.0,0.0294,0.0,33.1336602,21.451332043784923,0.1,1.5445968638390355
386,210000.0,0.0329,0.0,42.2939,28.41108089945887,0.1,1.4886410041796596
387,210000.0,0.0368,0.0,54.4594609,37.586335423582895,0.1,1.4489164821806586
388,210000.0,0.0412,0.0,70.31960000000001,49.83852602819539,0.1,1.4109486295846263
389,210000.0,0.0459,0.0,88.1029375,65.27838713006818,0.1,1.3496494226251876
390,210000.0,0.0514,0.0,117.291758,86.60780429465548,0.1,1.3542862442390542
391,210000.0,0.0578,0.0,154.029047,116.11199591347484,0.1,1.32655584626054
392,210000.0,0.0647,0.0,200.318266,153.89695907393946,0.1,1.3016388836101531
393,210000.0,0.0726,0.0,261.434234,205.22054203291148,0.1,1.2739184460299957
394,210000.0,0.0809,0.0,328.30028100000004,268.946539846043,0.1,1.2206897370307639
395,210000.0,0.0906,0.0,441.539406,356.88363025904044,0.1,1.2372083462598522
396,210000.0,0.1022,0.0,569.87575,482.2133087100257,0.1,1.1817918330053585
397,210000.0,0.1137,0.0,728.30925,629.4043750256158,0.1,1.157140431332971
398,210000.0,0.1272,0.0,961.287938,833.0262098144307,0.1,1.153970819494553
399,220000.0,0.0106,0.0,3.75,1.8084009591044343,0.1,2.0736551709511892
400,220000.0,0.012,0.0,5.03216,2.465393263478775,0.1,2.041118581178975
401,220000.0,0.0133,0.0,6.16908,3.1877318784267605,0.1,1.935256864527961
402,220000.0,0.0149,0.0,7.66983,4.233792330308005,0.1,1.8115744471203257
403,220000.0,0.0169,0.0,10.3240898,5.799388213216533,0.1,1.7802032594527617
404,220000.0,0.0186,0.0,12.7362,7.368394222164102,0.1,1.7284905796285381
405,220000.0,0.0208,0.0,16.9602305,9.742298667153682,0.1,1.7408859119851965
406,220000.0,0.0236,0.0,22.0024492,13.356245153256092,0.1,1.6473529010236885
407,220000.0,0.0261,0.0,26.8174609,17.176193795930494,0.1,1.5613156918591466
408,220000.0,0.0293,0.0,35.1677305,22.93001322751392,0.1,1.5336986573475646
409,220000.0,0.0329,0.0,45.469769500000005,30.62911217185749,0.1,1.484527832373096
410,220000.0,0.0365,0.0,59.3307812,39.70047016650249,0.1,1.4944604169967917
411,220000.0,0.0412,0.0,78.5337734,53.72938149025898,0.1,1.4616541494012545
412,220000.0,0.0462,0.0,99.3247109,71.529336967776,0.1,1.3885870484825802
413,220000.0,0.0516,0.0,126.701359,94.2794631095775,0.1,1.3438913928979392
414,220000.0,0.0577,0.0,164.50828099999998,124.63643908061914,0.1,1.31990517551284
415,220000.0,0.0649,0.0,216.33125,167.19578228401264,0.1,1.2938798278566728
416,220000.0,0.0727,0.0,281.528969,222.00404181100512,0.1,1.268125421066294
417,220000.0,0.0816,0.0,375.431812,296.2510993888051,0.1,1.2672756751774168
418,220000.0,0.0903,0.0,468.561125,381.57046731020864,0.1,1.2279805832537607
419,220000.0,0.1021,0.0,632.054438,518.5895068173344,0.1,1.2187952700374094
420,220000.0,0.1147,0.0,809.724688,693.5486755229215,0.1,1.1675095297233236
421,220000.0,0.1274,0.0,1031.47862,901.5916504904312,0.1,1.1440640776108733
422,230000.0,0.0107,0.0,4.10699,1.989195049724184,0.1,2.064649216058256
423,230000.0,0.0119,0.0,5.294149999999999,2.5941927144412675,0.1,2.0407697433304386
424,230000.0,0.0132,0.0,6.94394,3.361155548288624,0.1,2.0659383061089205
425,230000.0,0.0149,0.0,8.80559,4.549092336318379,0.1,1.9356806476973916
426,230000.0,0.0167,0.0,11.2188896,6.048686900256309,0.1,1.85476447781164
427,230000.0,0.0186,0.0,14.0246602,7.917135058105418,0.1,1.7714312181199698
428,230000.0,0.0209,0.0,18.3434902,10.594007311584605,0.1,1.7314968416098122
429,230000.0,0.0234,0.0,24.0260195,14.04901484338736,0.1,1.710156887712924
430,230000.0,0.0263,0.0,31.4746309,18.810670116304387,0.1,1.6732328356935549
431,230000.0,0.0294,0.0,39.8171289,24.8482676985264,0.1,1.602410654259062
432,230000.0,0.0331,0.0,52.3032305,33.41220292838873,0.1,1.5653930575035648
433,230000.0,0.0366,0.0,65.0410703,42.94961388550589,0.1,1.5143575090892556
434,230000.0,0.041,0.0,84.0347266,57.03316161505312,0.1,1.4734362293851897
435,230000.0,0.0458,0.0,108.022898,75.20469486936281,0.1,1.4363850313819544
436,230000.0,0.0516,0.0,142.223578,101.3006660798569,0.1,1.4039747565715208
437,230000.0,0.0577,0.0,183.933953,133.9183941047032,0.1,1.3734778872586575
438,230000.0,0.0649,0.0,239.35,179.6472270045484,0.1,1.332333395794303
439,230000.0,0.0718,0.0,299.320719,231.228255666838,0.1,1.2944815854653684
440,230000.0,0.081,0.0,405.276281,312.4986104313245,0.1,1.2968898659761066
441,230000.0,0.091,0.0,516.161875,417.9728020427813,0.1,1.2349173737557417
442,230000.0,0.1016,0.0,669.9560620000001,550.4180628957495,0.1,1.217176737397318
443,230000.0,0.1136,0.0,883.037062,727.4731417085288,0.1,1.213841462141292
444,240000.0,0.0105,0.0,4.56283,2.032699866139544,0.1,2.2447140751111574
445,240000.0,0.0119,0.0,5.7365,2.7788785761835944,0.1,2.064321935173681
446,240000.0,0.0132,0.0,7.213850000000001,3.600443055893618,0.1,2.0036006369248205
447,240000.0,0.0148,0.0,9.23941,4.7916597200389,0.1,1.9282274910633663
448,240000.0,0.0165,0.0,11.7714502,6.2871893639171175,0.1,1.8722913401587153
449,240000.0,0.0185,0.0,15.6870195,8.367323565366439,0.1,1.8747953724331685
450,240000.0,0.0208,0.0,19.8783,11.21305558518569,0.1,1.772781722964304
451,240000.0,0.0233,0.0,25.3886,14.88904057838922,0.1,1.7051871049938854
452,240000.0,0.026,0.0,32.8585508,19.580535705679527,0.1,1.6781231777263916
453,240000.0,0.0292,0.0,42.9100898,26.167220324443864,0.1,1.639841346079696
454,240000.0,0.0326,0.0,54.5498906,34.455484416134254,0.1,1.583199061756806
455,240000.0,0.0365,0.0,72.38667969999999,45.69389565481861,0.1,1.5841652076860404
456,240000.0,0.0408,0.0,90.4802,60.35168098326201,0.1,1.4992159046090838
457,240000.0,0.0455,0.0,115.524531,79.24688912066338,0.1,1.457780012337132
458,240000.0,0.0512,0.0,151.74035899999998,106.42321340799188,0.1,1.425820120825303
459,240000.0,0.0574,0.0,196.558031,141.59627916786488,0.1,1.3881581645727923
460,240000.0,0.0642,0.0,254.951016,187.2932642126273,0.1,1.3612396423961264
461,240000.0,0.0718,0.0,326.668062,247.68986602418676,0.1,1.318859213917541
462,240000.0,0.08,0.0,428.613188,324.5170781969701,0.1,1.320772362371164
463,240000.0,0.0906,0.0,566.052188,442.8287561389004,0.1,1.2782642955157333
464,240000.0,0.1012,0.0,715.630625,583.8215316617656,0.1,1.2257694966526131
465,240000.0,0.1126,0.0,932.818625,762.2393389341389,0.1,1.223787040832066
466,250000.0,0.0108,0.0,5.04753,2.3296211050893403,0.1,2.1666742239641708
467,250000.0,0.0123,0.0,6.72319,3.2239404818275834,0.1,2.085395198173375
468,250000.0,0.0138,0.0,8.66148,4.297659461248382,0.1,2.0153946765907826
469,250000.0,0.0154,0.0,10.7791,5.652627030572843,0.1,1.9069186666128997
470,250000.0,0.0172,0.0,13.8340098,7.450462484241627,0.1,1.8567987999751865
471,250000.0,0.0191,0.0,17.6519297,9.67973848447681,0.1,1.8235957229947921
472,250000.0,0.0215,0.0,23.2513301,13.01019562314986,0.1,1.7871622205762567
473,250000.0,0.0241,0.0,29.9306191,17.303782273904083,0.1,1.7297154244213133
474,250000.0,0.027,0.0,38.0652891,22.98365117916223,0.1,1.6561898195927767
475,250000.0,0.0303,0.0,49.3309883,30.65674494513197,0.1,1.6091397957705664
476,250000.0,0.0337,0.0,62.36644140000001,39.98628752706993,0.1,1.559695717132508
477,250000.0,0.0377,0.0,79.3305625,52.91783005707824,0.1,1.4991272774116484
478,250000.0,0.0423,0.0,104.664969,70.55203936933509,0.1,1.483514437507413
479,250000.0,0.0474,0.0,133.837547,93.75955109140985,0.1,1.4274550746250538
480,250000.0,0.0531,0.0,173.039141,124.51371722848756,0.1,1.3897195012053682
481,250000.0,0.0595,0.0,225.800797,165.4566968694591,0.1,1.3647123463255812
482,250000.0,0.066,0.0,281.467969,214.373316056463,0.1,1.3129804314164975
483,250000.0,0.0742,0.0,379.400344,287.2295397569222,0.1,1.3208959785998353
484,250000.0,0.0835,0.0,483.114125,385.78311832531926,0.1,1.2522946237180976
485,250000.0,0.0935,0.0,628.4445,511.7615256806972,0.1,1.2280026310381618
486,250000.0,0.1048,0.0,828.866812,680.5383792850787,0.1,1.2179574837068612
487,250000.0,0.1175,0.0,1076.24938,905.6380574985054,0.1,1.1883879780546613
488,260000.0,0.0107,0.0,5.418159999999999,2.425028196023728,0.1,2.2342668051794417
489,260000.0,0.0121,0.0,7.049930000000001,3.29704330379315,0.1,2.138258236368708
490,260000.0,0.0135,0.0,8.976799999999999,4.33421109554101,0.1,2.0711496976313026
491,260000.0,0.0152,0.0,11.4818301,5.828970944898187,0.1,1.969786812893532
492,260000.0,0.017,0.0,15.386,7.709349497420245,0.1,1.995758527376216
493,260000.0,0.0191,0.0,19.4036602,10.31306600245782,0.1,1.881463785393762
494,260000.0,0.0213,0.0,24.665220700000003,13.54154335259853,0.1,1.8214482690606246
495,260000.0,0.0239,0.0,31.7364492,18.05609683847807,0.1,1.7576583402216086
496,260000.0,0.0267,0.0,40.541718800000005,23.813359714015,0.1,1.7024779068087472
497,260000.0,0.03,0.0,52.2567305,31.86064456616784,0.1,1.6401655149026817
498,260000.0,0.0334,0.0,67.72746090000001,41.66138105676366,0.1,1.6256652847806774
499,260000.0,0.0374,0.0,85.5332188,55.26600548029992,0.1,1.547664211600911
500,260000.0,0.0417,0.0,110.479281,72.53274801196697,0.1,1.5231641434814014
501,260000.0,0.0468,0.0,141.978656,96.7650285945017,0.1,1.467251734042968
502,260000.0,0.0524,0.0,184.150844,128.33457014493374,0.1,1.4349278124517078
503,260000.0,0.0589,0.0,238.589297,171.8748248376284,0.1,1.388157324526133
504,260000.0,0.0656,0.0,303.73175,224.9569476764176,0.1,1.3501772367435105
505,260000.0,0.0732,0.0,400.634656,295.8229215417163,0.1,1.3543056566139124
506,260000.0,0.0827,0.0,523.517188,401.2568903078518,0.1,1.3046933290001521
507,260000.0,0.0924,0.0,665.52675,529.3610190014315,0.1,1.2572265922704828
508,260000.0,0.1031,0.0,867.991125,696.0381383176577,0.1,1.2470453517072457
509,270000.0,0.0106,0.0,6.00492,2.517761714230565,0.1,2.3850231600789593
510,270000.0,0.012,0.0,7.69559,3.432464873488457,0.1,2.2420010935694954
511,270000.0,0.0133,0.0,9.60064,4.438146992970978,0.1,2.1632091084872234
512,270000.0,0.015,0.0,12.5825703,5.993861396943971,0.1,2.0992427863639533
513,270000.0,0.0168,0.0,16.7234805,7.9554208691219825,0.1,2.102149059757504
514,270000.0,0.0187,0.0,20.7072695,10.397051953036074,0.1,1.9916481704175006
515,270000.0,0.0209,0.0,26.0205391,13.727294931494976,0.1,1.895532894853176
516,270000.0,0.0235,0.0,33.6711094,18.399128230545276,0.1,1.8300383027985518
517,270000.0,0.0263,0.0,43.0173398,24.37412104324345,0.1,1.7648775815825568
518,270000.0,0.0295,0.0,55.2751797,32.47168856106145,0.1,1.7022576327084957
519,270000.0,0.0328,0.0,72.41475,42.320573956115766,0.1,1.7111003757909882
520,270000.0,0.0369,0.0,92.6781,56.79901189863078,0.1,1.6316850751805796
521,270000.0,0.0411,0.0,117.55057,74.35242748022732,0.1,1.5809916903017112
522,270000.0,0.046,0.0,149.827812,98.51381274986144,0.1,1.5208812634267952
523,270000.0,0.0518,0.0,194.507938,132.5360791053656,0.1,1.4675848215289895
524,270000.0,0.0581,0.0,251.310328,176.5469936749816,0.1,1.4234755447756633
525,270000.0,0.0647,0.0,325.275125,230.99181250792824,0.1,1.40816733488697
526,270000.0,0.072,0.0,419.180375,301.70572781725497,0.1,1.3893683027917196
527,270000.0,0.0816,0.0,556.384,412.4581288705082,0.1,1.348946622833266
528,270000.0,0.0915,0.0,708.933812,549.0573249855621,0.1,1.2911835973022343
529,270000.0,0.1015,0.0,908.066625,711.4575285868308,0.1,1.2763469195465458
530,280000.0,0.0105,0.0,6.94641,2.607669671293086,0.1,2.663838168028172
531,280000.0,0.0118,0.0,8.68731,3.490543861585832,0.1,2.4888127307625814
532,280000.0,0.0131,0.0,11.0567598,4.531944887380821,0.1,2.4397383628356772
533,280000.0,0.0145,0.0,13.8017402,5.8404594390368,0.1,2.3631257684542986
534,280000.0,0.0164,0.0,18.2305293,7.944020755682426,0.1,2.294874328841544
535,280000.0,0.0184,0.0,23.1067207,10.589741390529165,0.1,2.181991027719079
536,280000.0,0.0206,0.0,29.0245391,14.041728090166544,0.1,2.067020448880929
537,280000.0,0.023,0.0,36.5828789,18.49208789128953,0.1,1.9782989954980645
538,280000.0,0.0259,0.0,47.2207188,24.878428264738623,0.1,1.8980587639022264
539,280000.0,0.0286,0.0,59.658511700000005,31.87213035313113,0.1,1.8718080981411125
540,280000.0,0.0322,0.0,78.0473906,42.85909611494159,0.1,1.8210227857043169
541,280000.0,0.0362,0.0,99.6362,57.42264854645536,0.1,1.7351376594793178
542,280000.0,0.0405,0.0,125.962383,76.00840304410718,0.1,1.6572165438985063
543,280000.0,0.0453,0.0,158.91951600000002,100.54998201780556,0.1,1.5805026794719692
544,280000.0,0.0508,0.0,205.006641,133.87706879589769,0.1,1.5313051207637578
545,280000.0,0.056,0.0,261.880812,170.78148991366135,0.1,1.5334262052192773
546,280000.0,0.0637,0.0,346.938781,235.6234978592918,0.1,1.4724286166364562
547,280000.0,0.0707,0.0,437.977406,305.7292905643561,0.1,1.4325660625827592
548,280000.0,0.0799,0.0,585.3715,415.01121510373775,0.1,1.4104956172176657
549,280000.0,0.0896,0.0,750.55025,552.5522334987932,0.1,1.3583335737283546
550,280000.0,0.0997,0.0,952.867188,721.5355165697468,0.1,1.3206102348641513
551,290000.0,0.0107,0.0,7.2408,2.8930123283732376,0.1,2.502858328319519
552,290000.0,0.0121,0.0,9.30181,3.933309699530061,0.1,2.3648811587634073
553,290000.0,0.0136,0.0,11.79579,5.266846143834504,0.1,2.2396306400194423
554,290000.0,0.0152,0.0,15.5751904,6.953851024483041,0.1,2.2397935108421283
555,290000.0,0.0168,0.0,18.9870605,8.929175902959141,0.1,2.1264068158526994
556,290000.0,0.0188,0.0,24.4131094,11.826190486756818,0.1,2.0643257376361595
557,290000.0,0.0212,0.0,31.6178691,15.965994624945484,0.1,1.980325676084083
558,290000.0,0.0238,0.0,40.6483594,21.316126312876168,0.1,1.9069299366764423
559,290000.0,0.0266,0.0,51.2883281,28.14381942262056,0.1,1.8223655904634277
560,290000.0,0.0297,0.0,66.5737812,37.066697401994645,0.1,1.796053758930719
561,290000.0,0.0332,0.0,83.43535159999999,48.9610690202093,0.1,1.7041162145696
562,290000.0,0.037,0.0,107.535547,64.18377814298304,0.1,1.6754318631795349
563,290000.0,0.0417,0.0,140.667469,86.53018325868435,0.1,1.6256462624084682
564,290000.0,0.0467,0.0,178.185953,114.82360080598536,0.1,1.551823420875613
565,290000.0,0.0524,0.0,230.886812,153.10069144537923,0.1,1.5080716476213436
566,290000.0,0.0582,0.0,291.2185,199.009739493311,0.1,1.4633379287941246
567,290000.0,0.0652,0.0,383.743562,264.2999461294671,0.1,1.4519244805748976
568,290000.0,0.0737,0.0,498.845375,358.96409352467634,0.1,1.389680427648978
569,290000.0,0.0822,0.0,633.021875,471.494363740352,0.1,1.3425863036373429
570,290000.0,0.0918,0.0,828.278375,621.3228377675485,0.1,1.3330885727234099
571,300000.0,0.0105,0.0,7.66968,2.9152120375106234,0.1,2.6309166884990436
572,300000.0,0.0118,0.0,9.81012,3.9022103124388217,0.1,2.513990588546424
573,300000.0,0.0132,0.0,12.3612695,5.163602906535568,0.1,2.393923336814756
574,300000.0,0.0147,0.0,16.2132803,6.756584418461236,0.1,2.399626689440885
575,300000.0,0.0165,0.0,20.2863691,9.016820643870547,0.1,2.249836156360753
576,300000.0,0.0184,0.0,25.6571797,11.83867033299762,0.1,2.1672349156041966
577,300000.0,0.0207,0.0,33.158289100000005,15.888838790446664,0.1,2.086891908044078
578,300000.0,0.0232,0.0,42.3735195,21.125019840353676,0.1,2.0058451930566603
579,300000.0,0.0261,0.0,54.5595781,28.35217344914256,0.1,1.9243525791018332
580,300000.0,0.0291,0.0,70.1613203,37.20767274444285,0.1,1.885668065882431
581,300000.0,0.0325,0.0,88.3043,49.03679236920896,0.1,1.8007764320132769
582,300000.0,0.0363,0.0,113.0815,64.6388724866843,0.1,1.7494349088978145
583,300000.0,0.0406,0.0,146.164125,85.49776830031949,0.1,1.7095665525044332
584,300000.0,0.0456,0.0,186.637344,114.27757384999752,0.1,1.6331930904044483
585,300000.0,0.051,0.0,238.744047,151.1425884354398,0.1,1.5795948016463868
586,300000.0,0.0571,0.0,305.71903100000003,200.4302957329815,0.1,1.525313475599951
587,300000.0,0.0636,0.0,396.3945,262.38053179698534,0.1,1.510761859064707
588,300000.0,0.0721,0.0,520.0375,358.9458363036242,0.1,1.448791008011894
589,300000.0,0.0801,0.0,658.518812,466.86336217145737,0.1,1.4105172205784622
590,300000.0,0.0894,0.0,853.007,614.280078514413,0.1,1.3886287865022886
591,310000.0,0.0108,0.0,8.56842,3.297960070360879,0.1,2.5980969499919992
592,310000.0,0.0122,0.0,11.1331797,4.471881597916452,0.1,2.4895962597013286
593,310000.0,0.0134,0.0,13.5768799,5.653005063836685,0.1,2.4017101960254386
594,310000.0,0.0152,0.0,17.797099999999997,7.745114073408445,0.1,2.2978486606289463
595,310000.0,0.017,0.0,22.7625098,10.243624793078602,0.1,2.2221147552553995
596,310000.0,0.0191,0.0,28.8883691,13.703254552252943,0.1,2.108139273764748
597,310000.0,0.0212,0.0,35.8342305,17.782729200015012,0.1,2.0151142210482376
598,310000.0,0.024,0.0,47.0648281,24.24319703839115,0.1,1.941362272701446
599,310000.0,0.0264,0.0,58.5466484,30.76076255221158,0.1,1.9032898908349956
600,310000.0,0.0298,0.0,76.1402,41.63257164840946,0.1,1.8288613214434681
601,310000.0,0.0334,0.0,98.4514922,55.35662328576049,0.1,1.7784952613850076
602,310000.0,0.0374,0.0,125.80757,73.43346207638638,0.1,1.7132185578984882
603,310000.0,0.042,0.0,160.9365,98.11774184883592,0.1,1.6402385233034118
604,310000.0,0.0471,0.0,206.000547,130.64325650956815,0.1,1.576817300056454
605,310000.0,0.0526,0.0,266.60328100000004,172.15226983179602,0.1,1.5486480733625458
606,310000.0,0.0588,0.0,344.94443800000005,227.40740543749584,0.1,1.5168566623254047
607,310000.0,0.0657,0.0,433.362219,300.0460912071284,0.1,1.4443188286723605
608,310000.0,0.0735,0.0,567.248125,397.104855859955,0.1,1.4284593014396392
609,310000.0,0.083,0.0,742.710312,538.0059238362521,0.1,1.3804872383264908
610,310000.0,0.0925,0.0,950.783812,705.2797977279341,0.1,1.348094493934123
611,320000.0,0.0106,0.0,9.27838,3.313185627400572,0.1,2.8004407369349673
612,320000.0,0.0118,0.0,11.7409404,4.331140644787735,0.1,2.710819472955585
613,320000.0,0.0131,0.0,14.4001299,5.623333062130722,0.1,2.5607819670108043
614,320000.0,0.0147,0.0,18.5187305,7.499267095229314,0.1,2.4694053785310244
615,320000.0,0.0165,0.0,24.0168203,10.007948124410866,0.1,2.3997746592450273
616,320000.0,0.0186,0.0,30.3064199,13.499693035987647,0.1,2.244971038912424
617,320000.0,0.0207,0.0,37.8938203,17.635337404655175,0.1,2.1487437087536088
618,320000.0,0.0233,0.0,49.1035,23.700375017483253,0.1,2.0718448532471494
619,320000.0,0.0259,0.0,62.09775,30.86967994348345,0.1,2.0116097774155497
620,320000.0,0.0289,0.0,79.5509609,40.5921118808846,0.1,1.9597640333037631
621,320000.0,0.0324,0.0,102.4575,54.00950545365867,0.1,1.897027183259635
622,320000.0,0.0364,0.0,130.331617,72.23873507870086,0.1,1.8041791132971743
623,320000.0,0.0407,0.0,165.489953,95.48065931484204,0.1,1.7332301032223323
624,320000.0,0.0457,0.0,212.107297,127.53497669183102,0.1,1.663130401572309
625,320000.0,0.0505,0.0,267.383719,163.67757307782725,0.1,1.6336002176233477
626,320000.0,0.0572,0.0,355.433406,223.43613753082,0.1,1.5907606080550545
627,320000.0,0.0638,0.0,446.377969,293.514577633662,0.1,1.5208034047192303
628,320000.0,0.0715,0.0,582.63275,390.1701222850837,0.1,1.4932787436099233
629,320000.0,0.0803,0.0,759.76125,521.4192148423995,0.1,1.4571025163114484
630,330000.0,0.0109,0.0,9.93979,3.733536132881055,0.1,2.6622991304304775
631,330000.0,0.0122,0.0,12.7114697,4.947269973997787,0.1,2.5693907481924065
632,330000.0,0.0136,0.0,16.3120098,6.48975620714482,0.1,2.513501166968566
633,330000.0,0.0152,0.0,20.6386504,8.568467089650607,0.1,2.408674758747492
634,330000.0,0.017,0.0,25.8718906,11.332584786526782,0.1,2.282964662285949
635,330000.0,0.019,0.0,32.7684219,14.96248498165857,0.1,2.1900387495906224
636,330000.0,0.0212,0.0,41.1610508,19.673142121642464,0.1,2.092245892674086
637,330000.0,0.0239,0.0,53.4275,26.54209001735657,0.1,2.0129349258126377
638,330000.0,0.0266,0.0,68.5254375,34.678538503450504,0.1,1.9760186114297098
639,330000.0,0.0298,0.0,86.8249922,46.05836875297693,0.1,1.885107843607426
640,330000.0,0.0332,0.0,110.294008,60.32934946358925,0.1,1.8281981984003668
641,330000.0,0.0372,0.0,141.30842199999998,80.15891940950482,0.1,1.762853379773036
642,330000.0,0.0418,0.0,180.138734,107.2615500532121,0.1,1.6794343724347984
643,330000.0,0.0468,0.0,231.345422,142.2425966399409,0.1,1.626414502159331
644,330000.0,0.0524,0.0,297.593844,188.64917172280207,0.1,1.5774988105289929
645,330000.0,0.0583,0.0,380.749062,246.27178890997575,0.1,1.5460522851002725
646,330000.0,0.0658,0.0,500.744156,333.2064572201342,0.1,1.5028044779731904
647,330000.0,0.0736,0.0,636.52175,440.8142622485801,0.1,1.443968139218368
648,330000.0,0.0821,0.0,820.911938,579.2066730263829,0.1,1.4173040060306892
649,340000.0,0.0104,0.0,10.28375,3.4843700848335284,0.1,2.951394297856659
650,340000.0,0.0116,0.0,13.132,4.577206825499347,0.1,2.868998605621753
651,340000.0,0.0131,0.0,16.816289100000002,6.202099638266024,0.1,2.7113864789024062
652,340000.0,0.0146,0.0,20.9851309,8.131260833327103,0.1,2.5807966722687734
653,340000.0,0.0163,0.0,26.4775293,10.706774638363472,0.1,2.4729697032314752
654,340000.0,0.0183,0.0,33.8524609,14.2964069043333,0.1,2.367899929438856
655,340000.0,0.0206,0.0,43.4397305,19.216517162675228,0.1,2.260541290196654
656,340000.0,0.0231,0.0,55.4738789,25.582738779995992,0.1,2.168410480873803
657,340000.0,0.0257,0.0,70.5654922,33.393851911035874,0.1,2.1131282604951536
658,340000.0,0.0288,0.0,89.8136406,44.3839449894809,0.1,2.0235614617241895
659,340000.0,0.032,0.0,113.404219,57.74804204969347,0.1,1.9637759995813047
660,340000.0,0.0359,0.0,145.408125,76.96770545143146,0.1,1.8892095606482147
661,340000.0,0.0404,0.0,185.600281,103.37928270949628,0.1,1.7953334182202738
662,340000.0,0.0452,0.0,237.797656,136.8479909751748,0.1,1.7376773623453352
663,340000.0,0.0505,0.0,303.574375,180.52365128691267,0.1,1.6816321453498546
664,340000.0,0.0562,0.0,391.388781,235.81034395580156,0.1,1.659760867289854
665,340000.0,0.0636,0.0,509.288281,321.1945403200948,0.1,1.5856069050627557
666,340000.0,0.071,0.0,646.3475,422.8488900827237,0.1,1.5285543255737346
667,340000.0,0.079,0.0,833.1603120000001,552.1074248533624,0.1,1.5090547138019095
668,350000.0,0.0107,0.0,11.355,3.920314531926941,0.1,2.8964512687758015
669,350000.0,0.0119,0.0,14.2866602,5.1126466449095815,0.1,2.7943766100527494
670,350000.0,0.0133,0.0,18.1016504,6.750260428841832,0.1,2.6816225226892128
671,350000.0,0.015,0.0,23.4830098,9.116445549873228,0.1,2.5758953609201947
672,350000.0,0.0167,0.0,29.195,11.920779290818606,0.1,2.4490848532432787
673,350000.0,0.0188,0.0,37.4628711,16.025644262856922,0.1,2.337682684422787
674,350000.0,0.0211,0.0,47.1444805,21.38143202733896,0.1,2.204926238790723
675,350000.0,0.0233,0.0,59.3199492,27.39320962471412,0.1,2.165498311905795
676,350000.0,0.0262,0.0,76.7057,36.72101229662585,0.1,2.0888775990265436
677,350000.0,0.0296,0.0,99.5270703,49.80756513623672,0.1,1.9982319960385022
678,350000.0,0.033,0.0,125.127594,65.35305344358099,0.1,1.91464036348389
679,350000.0,0.0369,0.0,159.264047,86.38923474681563,0.1,1.8435635813508648
680,350000.0,0.0416,0.0,204.235859,116.55564649128412,0.1,1.7522605308981962
681,350000.0,0.0457,0.0,253.780312,147.406627465819,0.1,1.7216343414331705
682,350000.0,0.0518,0.0,338.159219,201.5825639835112,0.1,1.677522164206922
683,350000.0,0.0579,0.0,426.164938,266.2183251942729,0.1,1.600809928050618
684,350000.0,0.0648,0.0,552.2025,352.6882885978303,0.1,1.5656955953807565
685,350000.0,0.073,0.0,722.7143120000001,474.9714748394749,0.1,1.5215951910464818
686,350000.0,0.0814,0.0,919.589312,623.4996977863079,0.1,1.4748833323655768
687,360000.0,0.0103,0.0,11.7931602,3.730387712235636,0.1,3.1613765403844076
688,360000.0,0.0114,0.0,14.7561104,4.806663469023824,0.1,3.0699279229957805
689,360000.0,0.0128,0.0,19.062900000000003,6.419718179612258,0.1,2.969429415225728
690,360000.0,0.0143,0.0,23.7989199,8.467291395234712,0.1,2.810688659350231
691,360000.0,0.0161,0.0,30.3633398,11.386137409730162,0.1,2.666693603579089
692,360000.0,0.018,0.0,37.0144102,15.04547105082205,0.1,2.4601695802656587
693,360000.0,0.0203,0.0,48.2995586,20.317516403435377,0.1,2.3772373375238565
694,360000.0,0.0224,0.0,61.0265391,25.982062105587524,0.1,2.3487950591449036
695,360000.0,0.0252,0.0,79.2151094,34.87087524419001,0.1,2.2716696625846344
696,360000.0,0.0283,0.0,101.647047,46.59473974959294,0.1,2.1815133542169427
697,360000.0,0.0316,0.0,126.494547,61.37652371625045,0.1,2.060959783007529
698,360000.0,0.0354,0.0,160.775766,81.50869996190647,0.1,1.972498225037811
699,360000.0,0.0397,0.0,205.403234,108.53816155801564,0.1,1.892451752006212
700,360000.0,0.0438,0.0,259.085312,138.74413702528824,0.1,1.8673604345009385
701,360000.0,0.0498,0.0,343.967344,191.2063720303783,0.1,1.7989324327818506
702,360000.0,0.0554,0.0,429.082719,249.52847441456225,0.1,1.719574168866714
703,360000.0,0.0622,0.0,559.298125,333.2200737541924,0.1,1.6784646816103264
704,360000.0,0.0699,0.0,724.730812,446.0226334625025,0.1,1.6248745189764653
705,370000.0,0.0105,0.0,12.9197803,4.091165788534586,0.1,3.157970360479508
706,370000.0,0.0118,0.0,16.5869902,5.476304681956908,0.1,3.0288654783306885
707,370000.0,0.0132,0.0,20.7964707,7.246524535771125,0.1,2.869854451929622
708,370000.0,0.0147,0.0,26.2455293,9.482091410324635,0.1,2.7679051133616355
709,370000.0,0.0165,0.0,33.208,12.654073756863449,0.1,2.624293222725077
710,370000.0,0.0185,0.0,41.7555781,16.84070948321517,0.1,2.4794429321173808
711,370000.0,0.0207,0.0,52.5546211,22.298163167069376,0.1,2.356903602607694
712,370000.0,0.023,0.0,67.6246,29.012185926871314,0.1,2.330903302855424
713,370000.0,0.0258,0.0,85.5011406,38.65630342323377,0.1,2.2118291980451206
714,370000.0,0.0288,0.0,108.788961,50.88224736794658,0.1,2.1380533806478823
715,370000.0,0.0324,0.0,139.258797,68.28974901611483,0.1,2.0392342775654084
716,370000.0,0.0363,0.0,175.14321900000002,90.7132449798718,0.1,1.9307348010630887
717,370000.0,0.0407,0.0,220.901953,120.72597602468946,0.1,1.829779806086005
718,370000.0,0.0453,0.0,281.849125,157.75259075089303,0.1,1.7866529079390379
719,370000.0,0.0508,0.0,369.157281,210.0393657051926,0.1,1.7575623491366965
720,370000.0,0.0572,0.0,471.316719,282.5131914270508,0.1,1.6682998645806637
721,370000.0,0.0635,0.0,597.220125,366.7763232372041,0.1,1.6282951956355203
722,370000.0,0.0711,0.0,777.942,486.4661305901001,0.1,1.5991699135484103
723,380000.0,0.0107,0.0,13.8622,4.4774801929644665,0.1,3.0959824281929573
724,380000.0,0.012,0.0,17.9346895,5.962627912571064,0.1,3.007849854623349
725,380000.0,0.0135,0.0,22.5023594,8.002523172403482,0.1,2.8119080588980827
726,380000.0,0.015,0.0,27.8340508,10.412099347480908,0.1,2.6732409931080943
727,380000.0,0.0169,0.0,35.060941400000004,14.02599518227255,0.1,2.499711496002331
728,380000.0,0.019,0.0,45.2616484,18.793573458449178,0.1,2.4083577559142353
729,380000.0,0.0213,0.0,58.0000117,25.002592647312994,0.1,2.319759895229634
730,380000.0,0.0235,0.0,73.26557030000001,31.961625128861613,0.1,2.2922980294215574
731,380000.0,0.0266,0.0,94.5390078,43.5578489532433,0.1,2.1704241617046303
732,380000.0,0.0296,0.0,118.394633,56.88635045506688,0.1,2.081248525400078
733,380000.0,0.0332,0.0,150.333266,75.77645439472553,0.1,1.983904726089481
734,380000.0,0.0373,0.0,192.522156,101.3608219264687,0.1,1.899374455937852
735,380000.0,0.0417,0.0,242.039703,133.92171814635978,0.1,1.8073222652018301
736,380000.0,0.0467,0.0,316.126531,177.71109830795362,0.1,1.7788789445900999
737,380000.0,0.0519,0.0,398.848562,231.34398557514757,0.1,1.7240498429575204
738,380000.0,0.0584,0.0,522.082938,310.655963232543,0.1,1.6805823798373132
739,380000.0,0.0655,0.0,668.146062,413.7720352489146,0.1,1.6147685321412806
740,380000.0,0.073,0.0,851.972625,542.475700226928,0.1,1.5705267989766243
741,390000.0,0.0102,0.0,14.0928799,4.143249186318105,0.1,3.4014077518044785
742,390000.0,0.0115,0.0,18.07425,5.59102519600977,0.1,3.232725549671877
743,390000.0,0.0128,0.0,22.329669900000003,7.306141024975104,0.1,3.0562878301512244
744,390000.0,0.0144,0.0,28.4230703,9.805670202888775,0.1,2.898636167839552
745,390000.0,0.0161,0.0,36.3617695,12.958314262053443,0.1,2.8060570815511245
746,390000.0,0.018,0.0,44.5028398,17.122921942832942,0.1,2.599021355617832
747,390000.0,0.02,0.0,56.7218086,22.27866893316237,0.1,2.5460142511282684
748,390000.0,0.0225,0.0,74.0582891,29.900501423551223,0.1,2.476824319797786
749,390000.0,0.0253,0.0,93.9209531,40.0803763309172,0.1,2.3433151506502017
750,390000.0,0.0281,0.0,117.198758,52.09718207357127,0.1,2.249617989596688
751,390000.0,0.0316,0.0,150.485344,69.85128090478561,0.1,2.154367708805896
752,390000.0,0.0354,0.0,190.068797,92.76327091355898,0.1,2.0489660953969024
753,390000.0,0.0392,0.0,238.739391,119.67497826383143,0.1,1.9948981354622282
754,390000.0,0.0443,0.0,312.012531,162.44333365973168,0.1,1.9207469089102134
755,390000.0,0.0492,0.0,395.985375,211.11705760589072,0.1,1.8756673643075203
756,390000.0,0.0557,0.0,515.905594,287.8402698994904,0.1,1.792332928884991
757,390000.0,0.0621,0.0,652.1595,377.7091799798212,0.1,1.7266180822897685
758,390000.0,0.0692,0.0,833.301875,495.00450315564507,0.1,1.683422816737454
759,400000.0,0.0104,0.0,14.9811504,4.53081400608255,0.1,3.306503065428868
760,400000.0,0.0117,0.0,19.4543691,6.080866457738025,0.1,3.199275832680707
761,400000.0,0.0131,0.0,24.539089800000003,8.064746058545548,0.1,3.042760382268695
762,400000.0,0.0146,0.0,30.1300703,10.57328285279118,0.1,2.84964194370778
763,400000.0,0.0165,0.0,37.99325,14.352975237054276,0.1,2.6470644150430185
764,400000.0,0.0185,0.0,48.1484219,19.101697274042603,0.1,2.520635795303339
765,400000.0,0.0205,0.0,59.9850195,24.685790662892384,0.1,2.4299411884007154
766,400000.0,0.0229,0.0,78.8956484,32.551015967555855,0.1,2.4237537924664663
767,400000.0,0.0258,0.0,101.35482,43.84619344334033,0.1,2.3115990703041174
768,400000.0,0.0289,0.0,128.51632,58.21548727106038,0.1,2.207596741423944
769,400000.0,0.0324,0.0,161.376656,77.45814473709056,0.1,2.083404612229569
770,400000.0,0.0363,0.0,206.464609,102.89215820025892,0.1,2.0066117050257426
771,400000.0,0.04,0.0,250.278906,131.12630290091167,0.1,1.908685751546953
772,400000.0,0.0454,0.0,341.36275,179.920428912704,0.1,1.8972984450010764
773,400000.0,0.0505,0.0,425.42875,234.7394414962048,0.1,1.8123445607962656
774,400000.0,0.0568,0.0,553.8968120000001,314.873823939537,0.1,1.7591072038632243
775,400000.0,0.0638,0.0,715.155625,420.9461731935576,0.1,1.6989241630928433
776,410000.0,0.0106,0.0,16.421200000000002,4.945057579569399,0.1,3.3207297864122975
777,410000.0,0.012,0.0,20.669339800000003,6.741597643380257,0.1,3.0659408783162463
778,410000.0,0.0134,0.0,26.1845098,8.881482154184956,0.1,2.948213974360333
779,410000.0,0.015,0.0,33.372960899999995,11.772356996422229,0.1,2.83485804160904
780,410000.0,0.0168,0.0,41.2517812,15.62499502838721,0.1,2.6401148368402363
781,410000.0,0.0188,0.0,51.6870703,20.694425730721427,0.1,2.4976325012618816
782,410000.0,0.021,0.0,64.9234297,27.28478163067399,0.1,2.3794740444985654
783,410000.0,0.0235,0.0,85.4953203,36.13715626847252,0.1,2.365856340903877
784,410000.0,0.0263,0.0,108.754852,47.87245406464834,0.1,2.2717626268570714
785,410000.0,0.0294,0.0,136.998922,63.2379147913893,0.1,2.1664047976903604
786,410000.0,0.0329,0.0,172.37484400000002,83.75505583448336,0.1,2.058082849835919
787,410000.0,0.037,0.0,220.028453,112.3139722283738,0.1,1.959047913937233
788,410000.0,0.0412,0.0,278.877594,146.9225526818785,0.1,1.898126522507643
789,410000.0,0.046,0.0,362.0655,193.4879197175572,0.1,1.8712563581670778
790,410000.0,0.052,0.0,468.89325,262.8280986487776,0.1,1.7840301414141848
791,410000.0,0.058,0.0,593.837,345.26142108285165,0.1,1.7199633777140082
792,410000.0,0.0646,0.0,761.40875,451.93410528806,0.1,1.6847782477374282
793,420000.0,0.0101,0.0,16.599410199999998,4.556789747521158,0.1,3.642786066447303
794,420000.0,0.0113,0.0,20.8517695,6.032035683560248,0.1,3.4568378892103633
795,420000.0,0.0126,0.0,26.3340508,7.9178820935663214,0.1,3.3258958000142167
796,420000.0,0.0142,0.0,33.44575,10.67357918668104,0.1,3.1335083962964427
797,420000.0,0.0159,0.0,41.202441400000005,14.157730155695244,0.1,2.9102434462932223
798,420000.0,0.0179,0.0,52.7883594,19.03446946401619,0.1,2.7733034272268013
799,420000.0,0.0198,0.0,65.23744140000001,24.49019892836581,0.1,2.663818354061577
800,420000.0,0.0221,0.0,85.39150780000001,32.22731415379606,0.1,2.649662562399471
801,420000.0,0.0248,0.0,109.340961,42.98159459383636,0.1,2.5439019197226265
802,420000.0,0.0279,0.0,137.569312,57.68617659318489,0.1,2.3847881784602896
803,420000.0,0.0311,0.0,170.036938,75.6619166200815,0.1,2.2473252806137656
804,420000.0,0.035,0.0,215.744047,101.63753482987636,0.1,2.1226808320481028
805,420000.0,0.0388,0.0,265.134156,131.48698024041323,0.1,2.016428968976425
806,420000.0,0.0438,0.0,362.204844,177.98932553564646,0.1,2.0349807097137416
807,420000.0,0.0489,0.0,456.9725,234.36606396067623,0.1,1.9498236744577255
808,420000.0,0.0546,0.0,586.482625,308.6867543957724,0.1,1.8999280553776559
809,420000.0,0.0612,0.0,754.628,410.51188700844966,0.1,1.8382610196729026
810,430000.0,0.0104,0.0,18.1830898,5.09247812048672,0.1,3.5705778934720547
811,430000.0,0.0115,0.0,22.4523809,6.546540037515546,0.1,3.429656088763619
812,430000.0,0.0128,0.0,27.9927793,8.554771810699387,0.1,3.2721830481778187
813,430000.0,0.0144,0.0,35.2097383,11.481474385717007,0.1,3.0666565213785635
814,430000.0,0.0163,0.0,45.0265,15.648170044902985,0.1,2.877429109652748
815,430000.0,0.0182,0.0,54.5161094,20.61041919535215,0.1,2.645075235165227
816,430000.0,0.0203,0.0,69.8450234,27.07466460810111,0.1,2.5797188778139626
817,430000.0,0.0226,0.0,92.0749688,35.40056440432872,0.1,2.6009463506955055
818,430000.0,0.0253,0.0,116.066008,46.93017455122578,0.1,2.473163782361607
819,430000.0,0.0284,0.0,147.110516,62.64066514934614,0.1,2.348482661371222
820,430000.0,0.0318,0.0,182.952406,83.0883079093427,0.1,2.201903139002645
821,430000.0,0.0356,0.0,231.450391,110.15618036184168,0.1,2.101111260754779
822,430000.0,0.0397,0.0,290.086062,144.63550874093494,0.1,2.005635161968352
823,430000.0,0.0444,0.0,385.244656,191.2795843822609,0.1,2.014039591544236
824,430000.0,0.0501,0.0,498.699,258.64917070124847,0.1,1.9280904657375453
825,430000.0,0.0559,0.0,630.9955620000001,340.0640024149629,0.1,1.8555200124652655
826,430000.0,0.0621,0.0,798.16825,442.2602622216377,0.1,1.8047478333018303
827,440000.0,0.0105,0.0,19.3646797,5.413088069705093,0.1,3.5773812379621956
828,440000.0,0.0118,0.0,24.8527695,7.245787893281431,0.1,3.429960946420255
829,440000.0,0.0132,0.0,31.1124492,9.58799460567896,0.1,3.2449381210093846
830,440000.0,0.0148,0.0,38.9739297,12.760209461660097,0.1,3.054333066953394
831,440000.0,0.0166,0.0,47.7796406,16.997459365975335,0.1,2.810987193512161
832,440000.0,0.0184,0.0,59.5114805,21.98253997175583,0.1,2.7072158438680454
833,440000.0,0.0206,0.0,74.0294688,29.148289616465178,0.1,2.539753439192621
834,440000.0,0.0232,0.0,101.394531,39.22582350742134,0.1,2.584892347277722
835,440000.0,0.026,0.0,127.57968,52.14304678838022,0.1,2.4467246902118194
836,440000.0,0.029,0.0,160.745469,68.49717563038617,0.1,2.346745942743534
837,440000.0,0.0326,0.0,204.178328,91.75509613384422,0.1,2.2252532731496757
838,440000.0,0.0359,0.0,250.4315,116.747324742627,0.1,2.145072707679459
839,440000.0,0.0407,0.0,318.302062,159.73450461337254,0.1,1.9926944574087508
840,440000.0,0.0453,0.0,417.975719,208.72502144788356,0.1,2.0025185102417833
841,440000.0,0.0508,0.0,540.935,277.90650475556777,0.1,1.9464639752703108
842,440000.0,0.0571,0.0,693.4485,372.1673856582077,0.1,1.8632704710907997
843,440000.0,0.0636,0.0,877.82675,487.1991841821432,0.1,1.8017820606034052
844,450000.0,0.0107,0.0,20.1614,5.884200472706546,0.1,3.426361847037206
845,450000.0,0.012,0.0,25.6266094,7.835947110799946,0.1,3.27039080760001
846,450000.0,0.0134,0.0,32.2917695,10.323194605664993,0.1,3.1280791202249985
847,450000.0,0.0151,0.0,40.6809,13.912369925073332,0.1,2.9240812470550788
848,450000.0,0.0169,0.0,49.9903711,18.43263709159257,0.1,2.712057469129115
849,450000.0,0.0188,0.0,63.6571094,24.05370864479579,0.1,2.6464571571907154
850,450000.0,0.021,0.0,77.6741875,31.7138632557855,0.1,2.4492187178056914
851,450000.0,0.0235,0.0,105.3995,42.00322538271236,0.1,2.5093192020291903
852,450000.0,0.0264,0.0,134.477844,56.17354565566445,0.1,2.3939710842596504
853,450000.0,0.0296,0.0,169.398344,74.75872048841717,0.1,2.265934233401519
854,450000.0,0.0332,0.0,212.979312,99.58365633199094,0.1,2.1386974514168453
855,450000.0,0.0367,0.0,258.030219,127.91741335718471,0.1,2.0171625756651315
856,450000.0,0.0414,0.0,335.22103100000004,172.85070664147517,0.1,1.9393674316606146
857,450000.0,0.0464,0.0,443.847969,229.8138117818782,0.1,1.931337222765648
858,450000.0,0.0517,0.0,562.951,301.1084767875732,0.1,1.8695953232733205
859,450000.0,0.0579,0.0,725.04825,399.5806923638133,0.1,1.814522733095053
860,460000.0,0.01,0.0,20.5426797,5.14879008812023,0.1,3.9898071874007823
861,460000.0,0.0112,0.0,25.7201,6.833790340671601,0.1,3.7636653625332497
862,460000.0,0.0126,0.0,32.5774707,9.171721992122515,0.1,3.5519470311006383
863,460000.0,0.0141,0.0,40.5227,12.14742911879153,0.1,3.3359075079774034
864,460000.0,0.0159,0.0,51.6049297,16.399684093936745,0.1,3.1467026684422086
865,460000.0,0.0175,0.0,60.7194414,20.83832655816883,0.1,2.9138348144466226
866,460000.0,0.0197,0.0,78.3659531,28.01178037090335,0.1,2.7976070089925806
867,460000.0,0.0221,0.0,105.098641,37.33068546342541,0.1,2.8153418480078534
868,460000.0,0.0248,0.0,132.475594,49.78796498032003,0.1,2.66079551659451
869,460000.0,0.0277,0.0,163.694156,65.63086760577184,0.1,2.4941641330001874
870,460000.0,0.031,0.0,205.546953,86.94106781190405,0.1,2.3642101273094362
871,460000.0,0.0343,0.0,254.414203,111.9378489525176,0.1,2.272816615476672
872,460000.0,0.0389,0.0,328.553688,153.29121990856368,0.1,2.143330115031887
873,460000.0,0.0432,0.0,435.385312,199.19144523973472,0.1,2.1857631058201155
874,460000.0,0.0485,0.0,562.286,265.9654341233669,0.1,2.1141318677493484
875,460000.0,0.0544,0.0,715.249062,354.30587813990115,0.1,2.018733264474875
876,470000.0,0.0102,0.0,21.3427695,5.601220683908969,0.1,3.8103782558171497
877,470000.0,0.0114,0.0,27.1038496,7.395327892148856,0.1,3.6649963321808103
878,470000.0,0.0128,0.0,34.1642812,9.877105235133806,0.1,3.458936640512282
879,470000.0,0.0144,0.0,43.1958398,13.256195871921092,0.1,3.258539645713612
880,470000.0,0.0161,0.0,53.3406797,17.51822654376881,0.1,3.0448675593234147
881,470000.0,0.0179,0.0,66.5782578,22.82838439449305,0.1,2.9164682287398684
882,470000.0,0.02,0.0,81.4563125,30.118328786611496,0.1,2.7045429073146243
883,470000.0,0.0224,0.0,109.427352,39.97489523101933,0.1,2.737401846023792
884,470000.0,0.0252,0.0,141.178938,53.65084491121534,0.1,2.631439229589607
885,470000.0,0.0283,0.0,177.400688,71.68868399425571,0.1,2.4745981948031686
886,470000.0,0.0316,0.0,215.909359,94.43130784733395,0.1,2.286417120782212
887,470000.0,0.0352,0.0,273.77903100000003,123.64330824573996,0.1,2.214264846876037
888,470000.0,0.0394,0.0,339.368938,163.85752704422868,0.1,2.07112205415133
889,470000.0,0.0443,0.0,461.225531,219.6056571887196,0.1,2.100244305653942
890,470000.0,0.0492,0.0,581.907,285.4072194578662,0.1,2.0388657340390273
891,470000.0,0.0552,0.0,747.954125,380.460819275537,0.1,1.9659162970427115
892,480000.0,0.0105,0.0,23.1659902,6.230280910782434,0.1,3.7182898382491527
893,480000.0,0.0116,0.0,28.1987305,7.9910062494609955,0.1,3.528808465379694
894,480000.0,0.013,0.0,35.852378900000005,10.622477120793915,0.1,3.3751429626351057
895,480000.0,0.0146,0.0,44.0444,14.19576580484227,0.1,3.1026434646432506
896,480000.0,0.0164,0.0,54.3628906,18.979965681176537,0.1,2.864224915533679
897,480000.0,0.0182,0.0,70.5653516,24.619706037268188,0.1,2.8662142225898792
898,480000.0,0.0205,0.0,86.3564609,33.143320559638056,0.1,2.6055464401827293
899,480000.0,0.0229,0.0,116.48568,43.70322877185875,0.1,2.665379269986732
900,480000.0,0.0256,0.0,145.155344,57.73479165944657,0.1,2.5141745527759203
901,480000.0,0.0287,0.0,184.140641,76.81624540098325,0.1,2.3971575288375524
902,480000.0,0.0322,0.0,234.874094,102.3995528720088,0.1,2.29370233963398
903,480000.0,0.036,0.0,289.909281,135.30923199963755,0.1,2.1425683725762084
904,480000.0,0.04,0.0,360.515,176.05111986054183,0.1,2.047785894719559
905,480000.0,0.0452,0.0,495.420781,238.91276772041064,0.1,2.0736471546793585
906,480000.0,0.0505,0.0,625.226938,315.16286691979684,0.1,1.9838217113284122
907,480000.0,0.056,0.0,786.616875,408.033528263741,0.1,1.9278241137369323
908,490000.0,0.0105,0.0,24.0545801,6.441362770055082,0.1,3.7343930094771394
909,490000.0,0.0119,0.0,30.7087207,8.805906519356196,0.1,3.487286701545082
910,490000.0,0.0133,0.0,38.7880586,11.626495325444438,0.1,3.3361780583279317
911,490000.0,0.0149,0.0,48.5036,15.441752510729383,0.1,3.1410683448202055
912,490000.0,0.0165,0.0,57.2892812,19.92328930189532,0.1,2.8754931142093096
913,490000.0,0.0185,0.0,72.35496090000001,26.514965340808427,0.1,2.7288348285577637
914,490000.0,0.0209,0.0,94.7862266,35.96102846633838,0.1,2.6358041091267856
915,490000.0,0.0234,0.0,125.342703,47.68894412170227,0.1,2.6283388174861915
916,490000.0,0.0261,0.0,157.459016,62.64608960019278,0.1,2.513469188658113
917,490000.0,0.0294,0.0,194.092766,84.34667220483993,0.1,2.30113128267392
918,490000.0,0.0322,0.0,236.927094,105.86884877028908,0.1,2.2379302009231914
919,490000.0,0.0367,0.0,310.341875,146.78829079661944,0.1,2.114214106014696
920,490000.0,0.0408,0.0,378.125375,191.2466653201117,0.1,1.9771606180274452
921,490000.0,0.0458,0.0,521.657344,255.2799987255182,0.1,2.0434712731289837
922,490000.0,0.0514,0.0,669.8435,340.5420262159771,0.1,1.9669921725760058
923,490000.0,0.0575,0.0,847.920875,450.6556927102825,0.1,1.8815270476237196
924,500000.0,0.0107,0.0,25.4178203,6.976329579305387,0.1,3.6434374280996593
925,500000.0,0.0121,0.0,32.1901406,9.484945685257449,0.1,3.393813909765817
926,500000.0,0.0135,0.0,39.7539805,12.468673608972956,0.1,3.1883086963950555
927,500000.0,0.0152,0.0,50.82587109999999,16.768803961323922,0.1,3.0309777141665157
928,500000.0,0.0169,0.0,63.4839102,21.853801882370355,0.1,2.904936657781866
929,500000.0,0.0189,0.0,78.93336719999999,28.89863404145556,0.1,2.7313874796562634
930,500000.0,0.0211,0.0,98.3728281,38.04896660343071,0.1,2.5854270662670285
931,500000.0,0.0238,0.0,133.119531,51.402588593995965,0.1,2.589743719940768
932,500000.0,0.0266,0.0,166.690344,67.86717014201629,0.1,2.4561263369489263
933,500000.0,0.0298,0.0,205.733,90.1379147887386,0.1,2.2824246653829108
934,500000.0,0.0333,0.0,261.760156,118.95716905870664,0.1,2.2004571735463756
935,500000.0,0.0371,0.0,323.933125,155.82256074838006,0.1,2.0788589498479775
936,500000.0,0.0419,0.0,417.329656,211.17159895132883,0.1,1.976258446081032
937,500000.0,0.0466,0.0,551.268688,275.41153973749186,0.1,2.0016179733261756
938,500000.0,0.0521,0.0,708.8995,363.93551315733447,0.1,1.947871186985626
