,frequency,peak flux density,duty cycle,loss calculted by iGSE,loss calculted by SE,Measured loss,Ratio of igse,ratio of se,Error of iGSE,Error of SE
0,56190,0.0773,0.1,38.55475706,27.26758976,34.2107812,0.887329705,1.254631652,0.12697681,0.202953314
1,56180,0.0874,0.1,51.1091146,36.14657377,46.1464102,0.902899817,1.276646868,0.107542588,0.216698035
2,56180,0.0978,0.1,66.17412013,46.80119649,60.6761602,0.916916766,1.296466004,0.090611534,0.228672409
3,56180,0.1093,0.1,85.43251585,60.42156591,78.0417578,0.913490104,1.291620908,0.094702609,0.225779024
4,56180,0.123,0.1,112.0623245,79.25531699,103.198156,0.920899655,1.302097574,0.08589464,0.2320084
5,56190,0.1533,0.1,185.9183998,131.4895241,174.828656,0.940351553,1.329601405,0.063432072,0.247894898
6,56180,0.1733,0.1,246.359443,174.2360409,231.592781,0.940060499,1.329189873,0.063761323,0.247662038
7,56190,0.1934,0.1,317.0963414,224.2642312,300.836125,0.948721526,1.341436052,0.054050079,0.254530249
8,56180,0.2174,0.1,414.7640297,293.3390397,390.438906,0.941351897,1.331015832,0.062301997,0.248694136
9,56180,0.2447,0.1,544.305989,384.9567095,513.24,0.942925506,1.333240822,0.060529166,0.249947959
10,56190,0.2711,0.1,688.9679829,487.2679211,650.475438,0.94413014,1.334944103,0.059176016,0.250904965
11,70800,0.0271,0.1,4.956331176,3.505331522,3.55019,0.716293943,1.012797214,0.396074908,0.012635515
12,70780,0.0306,0.1,6.54905121,4.631771936,4.7736,0.728899477,1.030620692,0.371931291,0.029710923
13,70780,0.035,0.1,8.917441631,6.306799957,6.71914,0.753482925,1.065380232,0.327170089,0.061367979
14,70780,0.0391,0.1,11.50214212,8.134811804,9.00817,0.783173248,1.10736059,0.276856689,0.096951789
15,70770,0.0435,0.1,14.69248633,10.39116105,11.5612,0.786878391,1.112599443,0.270844404,0.101203936
16,70780,0.0487,0.1,19.0488005,13.47213463,15.2358,0.79982989,1.130912095,0.250265854,0.115757976
17,70770,0.0548,0.1,24.97656258,17.66450405,20.4215293,0.817627695,1.156077139,0.223050547,0.135005817
18,70770,0.0617,0.1,32.79999657,23.19757454,27.0633301,0.825101614,1.166644817,0.211971936,0.14284109
19,70790,0.0697,0.1,43.42301906,30.71063496,36.5629883,0.842018567,1.190564387,0.187622267,0.160062227
20,70790,0.078,0.1,56.23269257,39.77018945,48.4908086,0.862324146,1.219275273,0.159656731,0.179840663
21,70790,0.0872,0.1,72.65188655,51.38255274,63.07,0.86811235,1.227459451,0.151924632,0.185309137
22,70770,0.0981,0.1,95.18960792,67.32220293,83.4620703,0.876798131,1.23974063,0.14051338,0.193379667
23,70780,0.1093,0.1,122.0571025,86.32405581,109.695156,0.898719974,1.270736818,0.112693641,0.213054988
24,70790,0.1222,0.1,157.7548891,111.5710726,142.114047,0.900853519,1.273753525,0.110058383,0.214918757
25,70780,0.1383,0.1,209.5996945,148.2379587,189.283453,0.903071226,1.27688923,0.10733237,0.216846711
26,70780,0.1543,0.1,269.5448172,190.6337391,246.070234,0.912910278,1.290801068,0.095397899,0.225287285
27,70780,0.1734,0.1,352.4396107,249.2605181,321.688719,0.91274848,1.290572295,0.095592074,0.225149956
28,70780,0.1953,0.1,463.1985073,327.5939947,420.147156,0.907056369,1.282523986,0.102467316,0.220287487
29,70780,0.2166,0.1,587.5734426,415.5573219,538.7755,0.916950054,1.296513072,0.090571941,0.228700411
30,70790,0.2442,0.1,774.1705948,547.5268889,705.880438,0.911789265,1.289216023,0.096744651,0.224334803
31,70780,0.2752,0.1,1018.586477,720.3883599,920.26,0.903467718,1.277449847,0.10684641,0.217190403
32,79430,0.0691,0.1,50.85438484,35.96641788,42.8803086,0.843197863,1.192231841,0.185961261,0.161236963
33,79430,0.1921,0.1,532.8584838,376.8605393,488.061625,0.91593104,1.295072246,0.091785251,0.227842305
34,112170,0.0976,0.1,191.6007296,135.5083132,170.814016,0.891510259,1.260542707,0.121692084,0.206690901
35,112180,0.2192,0.1,1229.817301,869.7799235,1142.60512,0.929085254,1.313671527,0.07632749,0.238774702
36,112180,0.2457,0.1,1598.542661,1130.558427,1482.08275,0.927146198,1.310929815,0.078578548,0.237182656
37,125890,0.0153,0.1,3.241248571,2.292351012,2.36501,0.729660175,1.031696275,0.370501,0.030722487
38,125890,0.0197,0.1,5.793483178,4.097401583,4.35665,0.751991482,1.06327142,0.329802297,0.059506368
39,125890,0.0221,0.1,7.544906437,5.336083774,5.71188,0.757051137,1.070425473,0.320914732,0.065792038
40,125890,0.0245,0.1,9.561582408,6.762364141,7.27026,0.76036159,1.075106257,0.31516375,0.06985938
41,125890,0.0275,0.1,12.46799488,8.817904598,9.46326,0.759004162,1.073186934,0.317515833,0.068195886
42,125890,0.0308,0.1,16.17647566,11.44070241,12.91325,0.798273386,1.128711292,0.252703669,0.114033848
43,125890,0.0347,0.1,21.27428409,15.04609276,17.1390801,0.805624294,1.13910504,0.241273392,0.122117834
44,125880,0.0392,0.1,28.15003947,19.908924,22.8554102,0.811913966,1.147998264,0.231657591,0.128918544
45,125900,0.0439,0.1,36.52430286,25.83156484,30.6626602,0.839513907,1.187022946,0.191165496,0.157556302
46,125880,0.049,0.1,47.00534667,33.24421181,39.4816797,0.839940188,1.187625681,0.190560965,0.157983853
47,125880,0.0552,0.1,61.80678299,43.712427,51.9619414,0.840715839,1.188722406,0.189462544,0.158760704
48,125880,0.0615,0.1,79.22826783,56.03365369,68.3712266,0.862965056,1.220181482,0.158795472,0.180449782
49,125880,0.0687,0.1,102.1777575,72.26452421,89.2142109,0.873127509,1.234550589,0.14530809,0.189988641
50,125890,0.0778,0.1,135.9993772,96.18463473,119.643,0.87973197,1.243888905,0.136709855,0.196069685
51,125890,0.0868,0.1,174.8915985,123.6908938,157.202234,0.898855264,1.270928111,0.112526165,0.213173435
52,125890,0.0976,0.1,228.9760347,161.9417435,204.929812,0.894983671,1.265453907,0.117338822,0.209769716
53,125880,0.1098,0.1,300.1020126,212.2451078,270.698375,0.902021192,1.275404544,0.108621404,0.21593505
54,125890,0.122,0.1,382.3475239,270.4126864,350.701906,0.917233365,1.296913657,0.090235089,0.228938646
55,125890,0.1373,0.1,501.5958035,354.7502212,459.92925,0.916932013,1.296487564,0.090593398,0.228685235
56,125890,0.1548,0.1,660.7908398,467.3398282,609.907875,0.922996867,1.305062908,0.083427296,0.233753412
57,125890,0.1738,0.1,862.1615903,609.7579222,797.364,0.92484287,1.307673047,0.081264755,0.235282854
58,125890,0.1952,0.1,1125.798837,796.2135723,1035.41,0.919711378,1.300417421,0.087297628,0.231016146
59,125890,0.2186,0.1,1460.288077,1032.778813,1344.10862,0.920440728,1.301448677,0.086436063,0.231625482
60,141290,0.0134,0.1,2.856263652,2.020073046,2.27932,0.798007564,1.128335435,0.253120954,0.113738727
61,141280,0.0151,0.1,3.757824124,2.657695559,3.00545,0.799784636,1.13084811,0.250336596,0.115707944
62,141280,0.0173,0.1,5.136396016,3.632681156,4.07385,0.793133938,1.121444417,0.260821095,0.108292854
63,141280,0.0194,0.1,6.683147347,4.726610517,5.36556,0.802849275,1.135181327,0.245563808,0.119083466
64,141280,0.0215,0.1,8.463343787,5.985642345,6.83684,0.807817829,1.142206568,0.23790286,0.12450162
65,141290,0.0241,0.1,11.00285015,7.781690952,8.92663,0.811301606,1.147132423,0.232587231,0.128261062
66,141290,0.027,0.1,14.28526169,10.10315419,11.8730303,0.831138453,1.17518055,0.203168975,0.149066924
67,141290,0.0304,0.1,18.76036617,13.26814141,15.8148496,0.842992586,1.191941592,0.186250053,0.161032716
68,141290,0.0344,0.1,24.9225208,17.62628336,21.1373398,0.848122065,1.199194372,0.179075562,0.166106827
69,141280,0.0385,0.1,32.27797864,22.82838091,27.9377109,0.865534711,1.223814821,0.155355167,0.182882914
70,141290,0.043,0.1,41.61598889,29.43262516,36.1409,0.868437852,1.227919691,0.151492876,0.185614493
71,141280,0.0484,0.1,54.60852748,38.62150973,47.8259219,0.875795853,1.238323469,0.141818606,0.192456555
72,141290,0.0539,0.1,69.93737791,49.46273496,62.0272617,0.886897158,1.254020057,0.127526445,0.202564588
73,141270,0.0603,0.1,90.48509266,63.9949665,81.2684922,0.898142333,1.269920068,0.113409271,0.212548864
74,141280,0.0682,0.1,120.0811225,84.92655737,108.287289,0.90178445,1.275069806,0.108912446,0.215729213
75,141280,0.076,0.1,154.0043037,108.9184966,141.388609,0.918082194,1.29811385,0.089227094,0.229651544
76,141280,0.0855,0.1,201.8668534,142.7689594,185.775344,0.92028652,1.301230637,0.086618111,0.23149673
77,141290,0.0963,0.1,265.345091,187.6635113,245.659766,0.925812364,1.309043854,0.080132475,0.236083652
78,141290,0.1069,0.1,337.2982816,238.5519161,317.139156,0.940233536,1.329434536,0.063565552,0.247800495
79,141280,0.1203,0.1,442.3947036,312.8806459,417.771531,0.944341168,1.335242485,0.058939326,0.251072362
80,141290,0.1355,0.1,581.549881,411.2971989,547.50175,0.941452776,1.33115847,0.062188168,0.248774641
81,141290,0.1522,0.1,759.5619795,537.1950452,720.560875,0.948653164,1.341339391,0.054126037,0.254476528
82,141290,0.1711,0.1,993.9547852,702.9677631,936.401375,0.942096551,1.332068729,0.06146233,0.249287985
83,141280,0.1916,0.1,1288.961087,911.6089643,1219.05988,0.945769343,1.337261839,0.057340257,0.252203293
84,158760,0.0122,0.1,2.756562248,1.949559906,2.31561,0.840035447,1.187760372,0.190425956,0.158079337
85,158760,0.0138,0.1,3.658793989,2.587657169,3.05861,0.835961251,1.181999701,0.196227695,0.153976097
86,158750,0.0158,0.1,4.992852987,3.531161325,4.14306,0.829798116,1.173285392,0.205112402,0.147692448
87,158750,0.0177,0.1,6.481292249,4.583849872,5.43162,0.838045839,1.184947185,0.193252151,0.15608053
88,158750,0.0196,0.1,8.192365961,5.793995119,6.83262,0.8340228,1.179258846,0.199007988,0.152009753
89,158760,0.022,0.1,10.68362004,7.555917626,8.9355,0.83637381,1.182583035,0.19563763,0.154393417
90,158750,0.0246,0.1,13.80836459,9.765871961,11.8832598,0.860584157,1.216815032,0.162001405,0.178182407
91,158740,0.0277,0.1,18.13565156,12.82631625,15.6034,0.860371625,1.216514523,0.162288447,0.177979399
92,158750,0.0313,0.1,24.0160091,16.98515913,20.8739492,0.869168108,1.228952231,0.150525417,0.186298723
93,158750,0.0351,0.1,31.24926512,22.10083027,27.4909707,0.87973175,1.243888594,0.136710139,0.196069484
94,158750,0.0392,0.1,40.27913264,28.48714267,35.4005898,0.878881631,1.242686577,0.137809649,0.195291863
95,158740,0.0442,0.1,53.06769183,37.5317642,47.0724492,0.887026505,1.254202945,0.127362029,0.202680871
96,158750,0.0491,0.1,67.57448679,47.79159629,61.5298203,0.910548096,1.287461083,0.098239625,0.223277493
97,158750,0.0549,0.1,87.33719592,61.76863794,78.8897188,0.903277441,1.277180806,0.107079569,0.217025502
98,158750,0.0621,0.1,115.9229427,81.98571295,105.385156,0.909096625,1.285408789,0.099993083,0.222037372
99,158750,0.0693,0.1,149.1539138,105.4880913,136.979141,0.918374433,1.298527059,0.088880487,0.229896679
100,158750,0.0779,0.1,195.1490893,138.0178664,180.217344,0.923485447,1.305753731,0.082854097,0.234158803
101,158750,0.0878,0.1,256.8900309,181.6837276,238.358375,0.927861522,1.311941241,0.077747031,0.237770741
102,158750,0.0974,0.1,326.0550571,230.600222,307.5635,0.94328701,1.333751968,0.060122729,0.250235408
103,158750,0.1097,0.1,428.5098297,303.0606633,405.323625,0.945891079,1.337433966,0.057204178,0.252299534
104,158750,0.1236,0.1,563.6478478,398.6361077,532.661938,0.945026119,1.336210965,0.058171811,0.251615182
105,158750,0.139,0.1,738.2120456,522.0954495,696.741562,0.943823074,1.33450993,0.059520611,0.250661252
106,158750,0.1559,0.1,960.8986217,679.5890163,909.517,0.946527531,1.338333873,0.056493305,0.252802294
107,158750,0.1746,0.1,1246.577097,881.6331752,1184.33038,0.950065891,1.343336904,0.052558575,0.255585105
108,177890,0.0107,0.1,2.430863648,1.719211786,2.31698,0.953150952,1.347698997,0.049151761,0.257994551
109,177880,0.0121,0.1,3.224205364,2.28029732,3.01302,0.934500027,1.321327694,0.070090927,0.243185469
110,177900,0.0138,0.1,4.361955414,3.084963306,4.08506,0.936520347,1.324184308,0.067782459,0.244818116
111,177890,0.0155,0.1,5.695967535,4.028434308,5.26115,0.923662217,1.306003672,0.082646861,0.234305369
112,177880,0.0172,0.1,7.233983139,5.116185386,6.58718,0.910588243,1.287517848,0.098191205,0.223311738
113,177890,0.0193,0.1,9.426827044,6.667059326,8.58442,0.910637265,1.287587163,0.098132086,0.223353549
114,177880,0.0215,0.1,12.0794106,8.543081011,11.29696,0.935224439,1.322351969,0.06926205,0.243771686
115,177900,0.0243,0.1,16.00603641,11.32016041,14.8440596,0.927403838,1.311294104,0.07827891,0.237394573
116,177900,0.0275,0.1,21.26816158,15.04176266,19.6430391,0.923588954,1.305900083,0.082732742,0.234244631
117,177890,0.0308,0.1,27.59176884,19.5140909,25.6997695,0.931428849,1.31698523,0.073619312,0.240690042
118,177890,0.0344,0.1,35.57017168,25.15676205,33.1949609,0.933224647,1.319524382,0.071553354,0.242151177
119,177890,0.0387,0.1,46.62492188,32.97515896,43.6077109,0.935287592,1.322441264,0.06918985,0.243822749
120,177890,0.043,0.1,59.39559171,42.00712836,57.0833906,0.961071166,1.358897712,0.040505672,0.264109439
121,177880,0.0481,0.1,76.83513071,54.34112373,73.4521484,0.955970891,1.351686225,0.046056955,0.260183331
122,177890,0.0544,0.1,101.9570704,72.10844475,96.8234297,0.949648998,1.342747442,0.053020645,0.255258309
123,177890,0.0608,0.1,131.6455159,93.10539595,125.877297,0.956183704,1.351987129,0.04582414,0.260347988
124,177890,0.0682,0.1,171.4021259,121.222988,165.041844,0.962892631,1.361473156,0.03853739,0.265501493
125,177890,0.0769,0.1,225.8508779,159.7314977,218.376938,0.966907634,1.367150131,0.034224951,0.268551436
126,177900,0.0853,0.1,286.6204983,202.7103985,279.460031,0.975017602,1.378617146,0.02562251,0.274635454
127,177880,0.096,0.1,375.9705838,265.9026388,367.735219,0.97809572,1.382969423,0.022394822,0.276918214
128,177890,0.1083,0.1,496.0114986,350.8007596,484.532562,0.976857519,1.38121868,0.023690743,0.276001683
129,177900,0.1216,0.1,647.3133111,457.8079377,635.75675,0.982146882,1.388697525,0.018177646,0.279900783
130,177890,0.1366,0.1,845.5689958,598.0229226,826.997312,0.978036466,1.38288564,0.022456764,0.276874406
131,177890,0.1529,0.1,1095.559844,774.8272501,1082.632,0.988199783,1.397255969,0.011941125,0.28431152
132,199160,0.0108,0.1,2.956602899,2.091037296,3.07817,1.041117155,1.472078,0.039493303,0.32068817
133,199160,0.0123,0.1,3.98629203,2.819277932,4.08116,1.02379855,1.447590517,0.023245345,0.309196912
134,199160,0.0139,0.1,5.27956584,3.73393704,5.35013,1.013365523,1.432838835,0.013189242,0.302084802
135,199170,0.0154,0.1,6.681781555,4.72564457,6.67031,0.998283159,1.411513266,0.001719793,0.291540488
136,199160,0.0173,0.1,8.728704402,6.173316835,8.58571,0.983617912,1.390777475,0.01665493,0.280977714
137,199170,0.0193,0.1,11.22403559,7.938122848,11.27671,1.004693001,1.420576403,0.00467108,0.296060389
138,199160,0.0217,0.1,14.69172773,10.39062454,14.7862598,1.006434374,1.4230386,0.006393237,0.297278373
139,199170,0.0245,0.1,19.418197,13.73338779,19.2335,0.990488458,1.400492019,0.009602881,0.285965228
140,199170,0.0275,0.1,25.32070221,17.90789446,25.2129395,0.995744087,1.407923168,0.004274103,0.289733969
141,199170,0.0307,0.1,32.6075321,23.06145535,32.3658398,0.992587838,1.40346042,0.007467512,0.287475453
142,199160,0.0346,0.1,42.91612998,30.3521411,42.1095508,0.981205687,1.387366732,0.019154305,0.279210048
143,199160,0.0384,0.1,54.52584111,38.56303036,54.6614297,1.002486685,1.417456802,0.002480517,0.294511128
144,199160,0.043,0.1,70.71377691,50.01183788,70.5863203,0.99819757,1.411392248,0.001805684,0.291479742
145,199170,0.0487,0.1,94.13507683,66.57639299,94.1681875,1.000351736,1.41443811,0.000351612,0.293005475
146,199170,0.0543,0.1,120.8828905,85.49360234,119.957992,0.992348806,1.403122441,0.007710187,0.287303823
147,199160,0.061,0.1,157.918486,111.6867754,156.023328,0.987999138,1.396972269,0.012146632,0.284166177
148,199170,0.0688,0.1,208.2285251,147.2682084,206.479234,0.991599176,1.402062511,0.008471995,0.286765039
149,199170,0.0762,0.1,263.3178758,186.2297772,266.24175,1.011103972,1.429641135,0.010982027,0.300523764
150,199170,0.0859,0.1,346.7747647,245.2540943,349.986906,1.009262904,1.427037975,0.00917789,0.2992478
151,199170,0.0967,0.1,455.2236349,321.9538203,458.246531,1.006640464,1.42333,0.006596659,0.297422242
152,199160,0.1086,0.1,594.2947951,420.3109528,598.521688,1.007112451,1.423997362,0.007062222,0.297751508
153,199160,0.1219,0.1,774.9710437,548.093001,779.991062,1.006477685,1.42309984,0.006435995,0.297308613
154,199160,0.1366,0.1,1006.697225,711.9797668,1019.71212,1.012928311,1.432220644,0.012763304,0.301783559
155,224180,0.0109,0.1,3.625433842,2.564063432,4.20466,1.159767405,1.639842426,0.137758144,0.39018531
156,224180,0.0122,0.1,4.696703575,3.321711666,5.35803,1.140806507,1.613032839,0.12342716,0.380049819
157,224180,0.0135,0.1,5.926949307,4.191794596,6.66977,1.125329348,1.591149053,0.111371261,0.371523367
158,224180,0.0152,0.1,7.783668349,5.504946512,8.61057,1.106235468,1.564151437,0.096033323,0.360675715
159,224180,0.017,0.1,10.06616053,7.119223589,11.2009199,1.112730109,1.573334474,0.10130948,0.36440724
160,224180,0.0191,0.1,13.15499688,9.303782094,14.5931904,1.109326785,1.568522376,0.098552371,0.362457294
161,224180,0.0216,0.1,17.45153877,12.34248213,19.0534102,1.091789696,1.54372597,0.084072689,0.352216637
162,224180,0.0242,0.1,22.65953267,16.0258004,24.4208496,1.077729623,1.52384586,0.072123491,0.343765648
163,224180,0.027,0.1,29.14083409,20.60965676,31.2830098,1.073511132,1.517881164,0.068477289,0.341186897
164,224180,0.0304,0.1,38.26970272,27.06598702,40.6478906,1.062142837,1.501807068,0.058507043,0.334135508
165,224180,0.0338,0.1,48.82558575,34.53156352,52.8640391,1.082711826,1.5308904,0.076393204,0.346785374
166,224180,0.0378,0.1,63.13315941,44.6504977,67.5754609,1.070363998,1.513431303,0.065738382,0.339249824
167,224170,0.0428,0.1,83.98311822,59.39648929,89.3642578,1.064074063,1.504537707,0.060215792,0.335344009
168,224180,0.0478,0.1,108.2615175,76.5672221,115.383578,1.065785707,1.506957871,0.061725079,0.336411442
169,224170,0.0538,0.1,142.0496441,100.4636449,148.218594,1.043428126,1.475345575,0.041620621,0.322192701
170,224180,0.0604,0.1,185.3272279,131.0714218,193.856656,1.04602361,1.479015436,0.043998634,0.323874535
171,224180,0.0671,0.1,235.9989669,166.9086646,250.567094,1.061729622,1.501222807,0.058140624,0.333876361
172,224180,0.0755,0.1,309.4621094,218.8649726,328.221688,1.060619953,1.499653801,0.057155207,0.333179431
173,224180,0.085,0.1,406.3250853,287.3706537,428.405844,1.054342593,1.490777985,0.051541684,0.329209305
174,224180,0.0956,0.1,532.2857944,376.4555087,560.299062,1.052628246,1.488353999,0.049996992,0.328116832
175,224180,0.1072,0.1,692.5073189,489.7710924,728.390125,1.051815779,1.48720522,0.049263169,0.327597841
176,224190,0.1201,0.1,899.1677759,635.9302954,952.628,1.059455227,1.498006947,0.056118678,0.332446353
177,251220,0.011,0.1,4.414189876,3.121905774,5.61777,1.272661611,1.799468148,0.214245176,0.444280244
178,251230,0.0123,0.1,5.70615764,4.03564119,6.93581,1.215495687,1.718638916,0.177290376,0.418144212
179,251220,0.0137,0.1,7.309438739,5.169550846,8.79337,1.20301576,1.700993038,0.168755694,0.412108117
180,251220,0.0153,0.1,9.421189751,6.663072389,11.4626602,1.21668924,1.72032653,0.178097441,0.418715004
181,251230,0.0173,0.1,12.49465993,8.836763277,14.8126104,1.185515291,1.676248411,0.156484941,0.40342971
182,251230,0.0195,0.1,16.45043644,11.63445931,19.3045,1.173494702,1.65925201,0.147844469,0.397318795
183,251220,0.0219,0.1,21.4771012,15.18953378,24.9294492,1.160745529,1.641225436,0.138484729,0.390699182
184,251220,0.0245,0.1,27.79221655,19.65585618,31.4570195,1.131864364,1.600389177,0.116501913,0.375151986
185,251230,0.0275,0.1,36.24238125,25.6321777,41.0408516,1.132399423,1.601145719,0.116919366,0.375447226
186,251230,0.0307,0.1,46.67226842,33.00864448,53.2218594,1.140331533,1.612361254,0.123062047,0.379791596
187,251230,0.0343,0.1,60.2151021,42.58672151,67.9236406,1.128016697,1.594948805,0.1134883,0.373020628
188,251220,0.0387,0.1,79.45402367,56.19331797,89.0591328,1.120888895,1.584870515,0.107850917,0.369033627
189,251220,0.0432,0.1,102.3016143,72.35212109,113.863898,1.113021518,1.573746509,0.101544773,0.36457365
190,251220,0.0486,0.1,134.0956355,94.83822637,146.072516,1.089315961,1.540228256,0.081992704,0.350745582
191,251230,0.0547,0.1,175.9663657,124.4510156,191.964656,1.090916751,1.542491679,0.08333977,0.351698285
192,251210,0.0606,0.1,222.6328641,157.4555793,243.475188,1.093617463,1.546310325,0.085603482,0.35329928
193,251220,0.0683,0.1,293.0731708,207.2740072,319.316125,1.089544035,1.540550739,0.08218487,0.35088149
194,251230,0.0769,0.1,384.898535,272.2168717,418.039375,1.086102796,1.535685031,0.079276838,0.348824805
195,251230,0.0865,0.1,504.352553,356.6999136,546.667562,1.083899663,1.532569931,0.077405378,0.347501227
196,251220,0.097,0.1,656.1906874,464.0864017,710.607688,1.082928639,1.531196961,0.07657812,0.346916154
197,251230,0.1086,0.1,850.70029,601.6519955,925.791062,1.088269362,1.538748428,0.081109848,0.350121188
198,282490,0.011,0.1,5.290934578,3.741977503,7.12538,1.346714819,1.904174997,0.257452293,0.474838184
199,282490,0.0124,0.1,6.967523029,4.927733284,9.11054,1.307572284,1.848829771,0.235223924,0.459117321
200,282490,0.0138,0.1,8.908871196,6.300738575,11.7573203,1.319731764,1.866022556,0.242270265,0.464100797
201,282490,0.0155,0.1,11.63447162,8.228400943,15.1282402,1.300294564,1.838539505,0.230943489,0.456090012
202,282490,0.0175,0.1,15.37620006,10.87471294,19.5674102,1.272577758,1.799349584,0.214193401,0.444243626
203,282490,0.0197,0.1,20.18433958,14.27523692,25.2122793,1.249101027,1.766154877,0.199424243,0.43379824
204,282490,0.022,0.1,26.01376167,18.39805606,32.1091797,1.234315133,1.745248498,0.189834125,0.427015694
205,282490,0.0247,0.1,33.94043272,24.00414025,40.9932695,1.207800438,1.70775829,0.172048653,0.414437039
206,282480,0.0275,0.1,43.43578417,30.719663,52.8261211,1.216188958,1.719619161,0.17775935,0.418475891
207,282490,0.0308,0.1,56.35840613,39.85909951,67.7920078,1.202873049,1.700791253,0.168657074,0.412038369
208,282480,0.0348,0.1,74.60665622,52.7650503,88.7609531,1.189718955,1.682192144,0.159465355,0.405537588
209,282490,0.0388,0.1,95.80152587,67.75497774,112.805938,1.177496256,1.664909971,0.150740399,0.399366922
210,282490,0.0436,0.1,125.2451426,88.57877545,146.487141,1.169603371,1.6537499,0.145009304,0.395313644
211,282490,0.0491,0.1,164.5544859,116.3800412,187.480766,1.139323337,1.610935725,0.122286038,0.379242769
212,282500,0.0544,0.1,208.2668983,147.2953476,239.283828,1.148928754,1.624517216,0.129624012,0.384432501
213,282490,0.0613,0.1,274.0045907,193.7878836,311.936938,1.138436904,1.609682361,0.121602615,0.378759422
214,282490,0.0691,0.1,360.8092014,255.1798543,408.252156,1.131490423,1.599860448,0.11620993,0.374945483
215,282490,0.0776,0.1,471.0241689,333.1286406,530.721938,1.126740352,1.593144129,0.11248408,0.372310401
216,282490,0.0871,0.1,614.1672498,434.3656112,689.818125,1.123176342,1.58810483,0.109667857,0.370318646
217,282480,0.0975,0.1,795.8260474,562.8425606,898.602625,1.129144526,1.596543488,0.114373779,0.373646877
218,316460,0.0109,0.1,6.174171337,4.366640695,9.15257,1.482396503,2.096020863,0.325416649,0.522905512
219,316470,0.0122,0.1,7.998951016,5.657203715,11.8189805,1.477566305,2.08919125,0.323211421,0.52134588
220,316470,0.0138,0.1,10.61703356,7.508824791,15.2768,1.438895329,2.03451278,0.305022416,0.508481829
221,316460,0.0156,0.1,14.07094204,9.951578077,19.7133105,1.400994364,1.98092306,0.286221255,0.495184836
222,316470,0.0175,0.1,18.3243902,12.95980037,25.4145,1.386922005,1.961025577,0.278978921,0.490062745
223,316470,0.0195,0.1,23.49701094,16.61810121,32.1167305,1.366843237,1.932635389,0.268387206,0.482571826
224,316460,0.0219,0.1,30.67724548,21.69627326,41.1258281,1.340597158,1.895524988,0.254063763,0.472441668
225,316460,0.0243,0.1,38.95691657,27.55201434,52.0213281,1.335355379,1.888113423,0.251135679,0.470370801
226,316480,0.0272,0.1,50.4809413,35.70230248,66.2369922,1.312118802,1.855258277,0.237873888,0.46099149
227,316470,0.0308,0.1,67.1644113,47.50157318,86.5472,1.28858719,1.821985972,0.223956277,0.451148354
228,316470,0.0344,0.1,86.58559204,61.23707121,110.489359,1.276070954,1.804288755,0.216344517,0.445764988
229,316460,0.0387,0.1,113.489738,80.26484551,142.717984,1.257540871,1.778088316,0.204797217,0.437598239
230,316460,0.0436,0.1,149.2520168,105.557474,185.673797,1.244028731,1.75898295,0.196160044,0.431489657
231,316460,0.0484,0.1,189.7319225,134.186612,232.469969,1.225254907,1.732437875,0.183843301,0.422778725
232,316470,0.0545,0.1,249.2353578,176.270012,302.261812,1.212756547,1.714765935,0.175432199,0.416830029
233,316460,0.0613,0.1,326.5255398,230.9329677,392.917938,1.203329878,1.701437183,0.168972683,0.412261581
234,316460,0.0687,0.1,424.2713987,300.0630618,509.714344,1.201387474,1.698690738,0.167629078,0.411311325
235,316470,0.0772,0.1,554.710951,392.3155482,659.745312,1.189349716,1.681670061,0.159204407,0.405353034
236,316460,0.0865,0.1,720.3577366,509.4681109,858.094875,1.191206579,1.684295556,0.160515046,0.406279975
237,354580,0.0107,0.1,7.053122445,4.988272889,12.0254199,1.704978184,2.410738179,0.413482231,0.585189296
238,354590,0.0121,0.1,9.356213833,6.617118613,15.4903398,1.65562054,2.340949393,0.395996863,0.572822888
239,354590,0.0137,0.1,12.44589095,8.802271748,19.8861699,1.597810071,2.259208812,0.374143386,0.557367166
240,354590,0.0153,0.1,16.04160107,11.34531328,25.42225,1.584770117,2.24077109,0.368993654,0.553725053
241,354590,0.0171,0.1,20.71268663,14.64890677,31.9992793,1.544912057,2.184414155,0.352713965,0.542211353
242,354580,0.0192,0.1,27.02729685,19.11487191,40.7596094,1.508090492,2.132350643,0.336909817,0.531033977
243,354580,0.0214,0.1,34.67785202,24.52567504,51.9560703,1.49824938,2.118435893,0.332554371,0.527953617
244,354590,0.0239,0.1,44.70162392,31.61491955,65.5544375,1.466488949,2.073528525,0.318099192,0.51773029
245,354590,0.027,0.1,59.15915118,41.8399074,84.9714297,1.436319285,2.030870405,0.30377597,0.507600289
246,354590,0.0301,0.1,75.94142321,53.70905518,108.023656,1.422460252,2.011274554,0.296992659,0.502802838
247,354590,0.0338,0.1,99.12139782,70.1029346,138.511938,1.39739694,1.975836515,0.28438372,0.493885252
248,354590,0.0382,0.1,131.3050625,92.86461262,179.464234,1.366773151,1.932536291,0.26834969,0.482545293
249,354590,0.0423,0.1,165.9647602,117.3774481,227.407516,1.370215675,1.937403817,0.270187885,0.483845344
250,354590,0.0476,0.1,217.6757847,153.9497186,289.680094,1.330786952,1.881653936,0.24856492,0.468552649
251,354590,0.0536,0.1,285.9391079,202.2284897,376.475125,1.316626913,1.861632481,0.240483398,0.462837047
252,354590,0.0602,0.1,373.3786641,264.0695213,486.18375,1.302119796,1.841120276,0.232021506,0.456852432
253,354590,0.0674,0.1,484.040309,342.3342172,626.674562,1.294674328,1.830592826,0.227604983,0.453728876
254,354590,0.0757,0.1,632.0730981,447.0294006,813.990625,1.287810899,1.820888344,0.223488479,0.450817507
255,396800,0.0112,0.1,9.319781069,6.591351788,16.2672803,1.745457343,2.467973312,0.427084251,0.594809233
256,396800,0.0126,0.1,12.21624872,8.63985884,20.9236699,1.712773731,2.42176062,0.416151718,0.587077273
257,396800,0.0141,0.1,15.8188996,11.18780918,26.5591895,1.678953035,2.373940159,0.404390725,0.57875939
258,396800,0.0158,0.1,20.54797088,14.53241269,33.2897695,1.620100091,2.290725581,0.382754186,0.563457095
259,396800,0.0178,0.1,27.02113489,19.11051391,42.9943594,1.59113818,2.249775155,0.371519072,0.555511137
260,396800,0.0198,0.1,34.51121539,24.40782242,54.4436602,1.577564267,2.230582445,0.366111403,0.5516866
261,396800,0.0221,0.1,44.42442809,31.41887469,68.2772188,1.536929607,2.173127442,0.349352114,0.539833707
262,396800,0.025,0.1,58.97357214,41.70865789,88.3091172,1.497435444,2.117285035,0.332191579,0.527697035
263,396800,0.0278,0.1,75.2647299,53.23046844,112.17582,1.490416828,2.107361128,0.32904676,0.525472883
264,396800,0.0312,0.1,98.11328477,69.3899535,143.208062,1.459619483,2.063815506,0.314889934,0.515460565
265,396800,0.0352,0.1,129.4490489,91.55195963,184.270906,1.423501428,2.012746715,0.297506851,0.503166498
266,396800,0.0391,0.1,164.7978092,116.55213,234.305484,1.421775478,2.010306324,0.296654067,0.502563372
267,396800,0.0439,0.1,215.0288085,152.0776627,299.84575,1.39444455,1.971662009,0.28286858,0.492813679
268,396800,0.0494,0.1,282.0209257,199.457382,385.197688,1.365847896,1.931228035,0.267854054,0.482194758
269,396800,0.0555,0.1,368.5241278,260.6361835,496.118719,1.346231309,1.903491343,0.257185602,0.474649568
270,396790,0.0622,0.1,478.8265697,338.6468355,638.397438,1.333253997,1.885142193,0.249955371,0.469536036
271,396790,0.0698,0.1,624.0389607,441.3473116,825.815312,1.323339349,1.871123467,0.244335929,0.465561724
272,446400,0.0106,0.1,9.850518736,6.966712395,20.3161406,2.06244373,2.916173289,0.515138287,0.65708485
273,446410,0.012,0.1,13.0997359,9.264699141,25.9473496,1.980753643,2.800668344,0.495141658,0.64294237
274,446410,0.0133,0.1,16.59208018,11.73463588,32.2160293,1.941651014,2.745379544,0.484974389,0.635751639
275,446410,0.015,0.1,21.87413016,15.47032981,41.0514219,1.876711055,2.653558289,0.467152923,0.623147528
276,446410,0.0167,0.1,27.99372132,19.79836905,51.6537617,1.845190967,2.608990749,0.458050674,0.616710025
277,446410,0.0187,0.1,36.30233021,25.6745762,65.7348281,1.810760569,2.560308205,0.447745871,0.609422023
278,446410,0.0212,0.1,48.43339263,34.2541876,85.7977266,1.771458119,2.504736869,0.435493287,0.600756466
279,446400,0.0236,0.1,61.96507256,43.82437622,107.982797,1.742639725,2.463989367,0.426157923,0.594154093
280,446410,0.0265,0.1,80.87478574,57.19814228,137.820641,1.704123723,2.409530022,0.413188147,0.584981307
281,446400,0.0299,0.1,106.7221938,75.47854585,176.583172,1.654605904,2.339514759,0.395626477,0.572560935
282,446410,0.0331,0.1,134.8118291,95.34474944,222.432578,1.649948521,2.332929493,0.393920484,0.571354384
283,446410,0.0373,0.1,177.3918217,125.4591596,285.29325,1.608266082,2.273992994,0.378212342,0.560244907
284,446410,0.042,0.1,233.000634,164.788114,364.833375,1.565804216,2.21395443,0.361350551,0.54831952
285,446410,0.0471,0.1,303.1910509,214.4298091,467.181219,1.540880635,2.178713962,0.351020464,0.541013636
286,446410,0.0527,0.1,392.4818172,277.5800964,597.729375,1.52294794,2.153358194,0.343378737,0.535609077
287,446410,0.0591,0.1,510.7294224,361.2099111,768.954125,1.505599817,2.128828976,0.335812884,0.530258179
288,56340,0.0974,0.5,42.10433429,46.56662058,39.6910508,0.942683253,0.852349823,0.060801703,0.173227205
289,56330,0.1094,0.5,54.97243258,60.798501,51.7357812,0.941122282,0.850938433,0.062561177,0.175173151
290,56340,0.1215,0.5,69.97516578,77.39124844,66.2610781,0.946922774,0.856183088,0.056052328,0.167974483
291,56340,0.1358,0.5,90.35992956,99.93642286,85.9209609,0.950874589,0.859756217,0.051663396,0.163120405
292,56340,0.1544,0.5,121.3572956,134.2189406,115.94093,0.955368439,0.863819439,0.046716596,0.157649335
293,56340,0.1731,0.5,157.8138827,174.5392565,152.580953,0.966841132,0.874192752,0.034296088,0.143912481
294,56340,0.1937,0.5,204.3369054,225.9928652,200.326031,0.980371268,0.886426352,0.020021733,0.128125307
295,56340,0.2181,0.5,268.3720001,296.8145041,266.221344,0.991986287,0.896928352,0.008078451,0.114916256
296,56340,0.2439,0.5,346.979398,383.7528427,353.55375,1.018947384,0.921305879,0.018595057,0.085415846
297,56340,0.2738,0.5,452.5816928,500.5470417,464.982188,1.027399463,0.928948029,0.026668753,0.076486486
298,63010,0.0867,0.5,38.30407327,42.36360168,35.5138711,0.927156515,0.838310948,0.078566545,0.192874794
299,63010,0.0975,0.5,50.16414251,55.48062048,46.0199,0.917386358,0.829477025,0.090053271,0.205578901
300,63010,0.1083,0.5,63.85904284,70.62692877,58.6948281,0.919131034,0.831054516,0.087984153,0.203290495
301,63010,0.1207,0.5,81.92085545,90.60296186,75.1903,0.917840757,0.829887881,0.089513614,0.20498205
302,63010,0.1373,0.5,110.1489063,121.8226677,100.850891,0.915586858,0.827849963,0.092195668,0.207948353
303,63010,0.1541,0.5,143.6043989,158.8238283,131.482844,0.915590644,0.827853386,0.092191153,0.207943359
304,63010,0.1729,0.5,187.0829477,206.9103049,171.940203,0.919058659,0.830989076,0.088069832,0.203385254
305,63010,0.1944,0.5,244.9001527,270.855072,225.740297,0.921764623,0.833435739,0.084875656,0.199852554
306,63010,0.2173,0.5,316.3099478,349.832994,296.467938,0.937270358,0.847455623,0.066928012,0.18000279
307,63010,0.2438,0.5,412.0378199,455.7062628,387.329844,0.940034689,0.84995506,0.06379053,0.176532792
308,63010,0.2735,0.5,536.5937783,593.4628656,504.512781,0.940213624,0.850116848,0.063588077,0.176308883
309,70880,0.0775,0.5,35.50133638,39.26382615,30.8864609,0.870008401,0.786639101,0.149414188,0.271230986
310,70880,0.0871,0.5,46.42745823,51.34791628,40.2334219,0.866586788,0.783545367,0.153952511,0.276250288
311,70880,0.0965,0.5,58.75471653,64.9816376,51.1967617,0.871364287,0.787865058,0.147625642,0.269252887
312,70880,0.108,0.5,76.10113593,84.16645893,66.0789609,0.868304528,0.785098503,0.151669683,0.273725521
313,70880,0.1225,0.5,101.6488812,112.4217961,88.0642188,0.86635699,0.78333759,0.154258593,0.276588808
314,70880,0.1374,0.5,132.325474,146.3495444,114.552539,0.865687728,0.782732461,0.155150948,0.277575737
315,70880,0.1544,0.5,172.9996598,191.334447,150.002266,0.867066826,0.783979405,0.153313643,0.275543711
316,70880,0.1736,0.5,226.4658702,250.467094,196.994125,0.86986231,0.786507009,0.149607229,0.271444486
317,70880,0.194,0.5,292.3280323,323.3094358,258.726625,0.885055815,0.800244584,0.129872244,0.249617954
318,70880,0.2178,0.5,381.3669303,421.7848221,338.298125,0.887067279,0.802063297,0.12731021,0.246784392
319,70880,0.2442,0.5,496.0319906,548.6022733,440.618031,0.888285513,0.803164792,0.125764167,0.245074497
320,70880,0.2755,0.5,654.4144392,723.7703531,578.63625,0.884204589,0.799474927,0.130959976,0.250820966
321,79530,0.069,0.5,32.47491144,35.91665573,26.8074199,0.825480924,0.746378508,0.211415032,0.339802781
322,79530,0.0775,0.5,42.41036011,46.90507952,35.1438398,0.828661669,0.749254455,0.206765122,0.334660065
323,79530,0.0862,0.5,54.1548783,59.89430098,45.0320586,0.831542051,0.751858822,0.202585002,0.33003693
324,79530,0.0963,0.5,69.85535812,77.25874336,57.9342617,0.829345998,0.749873208,0.205769368,0.33355878
325,79530,0.1095,0.5,93.83877722,103.7839645,77.96475,0.830837233,0.751221543,0.203605183,0.331165232
326,79540,0.1228,0.5,122.1391698,135.083679,101.411422,0.830294018,0.750730382,0.204392636,0.332036139
327,79530,0.1375,0.5,158.3422108,175.1235776,131.698766,0.831735046,0.752033323,0.202305957,0.329728311
328,79530,0.1546,0.5,207.2832689,229.2514891,172.799625,0.833640003,0.753755736,0.199558557,0.326689737
329,79530,0.1733,0.5,269.4660757,298.0245316,228.583734,0.848283901,0.76699637,0.178850616,0.303787135
330,79530,0.1944,0.5,350.8755185,388.0618806,297.9265,0.849094577,0.767729362,0.177725105,0.30254234
331,79540,0.2175,0.5,454.2335329,502.3739466,387.886438,0.853936158,0.772106994,0.171047731,0.295157287
332,79530,0.2458,0.5,601.5249837,665.2755865,512.323062,0.851707038,0.770091481,0.174112642,0.298547022
333,79530,0.2756,0.5,782.4241905,865.3467875,666.527562,0.851874942,0.770243296,0.173881224,0.298291079
334,89080,0.0616,0.5,29.81271788,32.97231854,24.0994395,0.808361036,0.730899147,0.237071006,0.368177817
335,89080,0.0692,0.5,38.94868132,43.07652634,30.8849,0.792963945,0.716977496,0.261091385,0.394743915
336,89080,0.077,0.5,49.78171133,55.05765862,39.8996,0.801491129,0.724687555,0.247674446,0.379905027
337,89080,0.0858,0.5,63.83412505,70.59937015,50.9519805,0.79819345,0.721705879,0.252829123,0.385606005
338,89080,0.0977,0.5,86.0317606,95.14954747,69.0688672,0.80282987,0.72589801,0.245593914,0.377603996
339,89080,0.1096,0.5,112.033992,123.9075379,89.7988125,0.801531847,0.724724371,0.247611064,0.379834927
340,89080,0.1226,0.5,144.9441551,160.305574,116.406391,0.803112005,0.726153109,0.245156334,0.377120042
341,89080,0.1381,0.5,190.545266,210.7395653,153.426844,0.805198928,0.728040052,0.241929124,0.373550806
342,89080,0.1544,0.5,246.2232716,272.3184171,201.967734,0.820262572,0.741660208,0.219121821,0.348326348
343,89080,0.1733,0.5,321.0411391,355.0656047,263.651406,0.821238695,0.742542794,0.217672775,0.346723729
344,89080,0.1944,0.5,418.0321247,462.3358538,345.088031,0.825506009,0.746401189,0.21137822,0.339762067
345,89080,0.2195,0.5,552.5675039,611.1295128,456.6465,0.826408532,0.747217227,0.21005527,0.338298909
346,89080,0.246,0.5,717.9957382,794.0901022,595.330938,0.829156646,0.749702,0.206044726,0.333863321
347,89080,0.276,0.5,935.2895814,1034.413103,772.804,0.826272435,0.747094171,0.210254581,0.338519344
348,99900,0.0548,0.5,27.19965994,30.08232444,20.4631191,0.752329961,0.680237298,0.329204009,0.470075226
349,99900,0.0615,0.5,35.45396114,39.21142999,26.3268398,0.74256413,0.671407286,0.346685033,0.489408918
350,99900,0.0684,0.5,45.26618744,50.06357211,34.0938711,0.753186275,0.681011555,0.327692807,0.468403865
351,99900,0.0764,0.5,58.36442189,64.54997889,44.0942188,0.755498253,0.683101986,0.323629797,0.463910251
352,99900,0.0869,0.5,78.46016744,86.77550446,59.5482617,0.758961695,0.686233541,0.317589552,0.45722985
353,99900,0.0972,0.5,101.490016,112.2460941,77.3736406,0.762376869,0.689321452,0.311687226,0.450701986
354,99900,0.1092,0.5,132.612883,146.6674135,101.707711,0.766951963,0.693458135,0.303862625,0.442048121
355,99900,0.1229,0.5,173.9898539,192.4295836,133.796797,0.76899195,0.695302637,0.30040373,0.438222647
356,99900,0.1375,0.5,225.1841007,249.0494804,176.051797,0.781812732,0.706894858,0.279078683,0.414637537
357,99900,0.1544,0.5,293.9094342,325.0584373,229.816812,0.781930708,0.707001528,0.278885699,0.414424099
358,99900,0.1731,0.5,382.2019001,422.7082833,301.181,0.788015444,0.712503189,0.269010662,0.40350249
359,99900,0.1953,0.5,504.3165192,557.7648097,400.149875,0.793449867,0.717416854,0.260319072,0.393889751
360,99900,0.2192,0.5,657.5140018,727.1984124,524.90725,0.798321022,0.721821227,0.25262892,0.385384584
361,99900,0.2458,0.5,855.4501152,946.1121192,683.813938,0.799361559,0.722762053,0.25099836,0.383581215
362,99900,0.2748,0.5,1105.305934,1222.448066,896.18425,0.810801989,0.733106195,0.233346752,0.36405886
363,112040,0.049,0.5,25.11023518,27.77145902,17.8069609,0.709151498,0.641196449,0.410135919,0.559584433
364,112030,0.055,0.5,32.73842322,36.20809493,23.4255098,0.715535676,0.646968857,0.397554354,0.545669453
365,112040,0.0611,0.5,41.69387611,46.11266138,29.7570098,0.713702169,0.645311047,0.401144685,0.549640293
366,112030,0.0683,0.5,53.84842786,59.55537243,38.8049609,0.720633126,0.65157784,0.387668654,0.53473605
367,112030,0.0778,0.5,72.63188197,80.32952776,52.7672109,0.726502047,0.656884366,0.376458614,0.522337952
368,112030,0.0867,0.5,93.15561614,103.0284009,68.1440234,0.731507409,0.661410085,0.367040152,0.511921306
369,112030,0.0975,0.5,121.9993386,134.9290282,89.97925,0.737538834,0.666863544,0.355860808,0.499557156
370,112030,0.1099,0.5,160.627891,177.6514979,119.100492,0.741468317,0.670416481,0.348675293,0.491610109
371,112030,0.1227,0.5,206.8987088,228.8261728,156.582531,0.756807676,0.684285932,0.321339663,0.461377405
372,112030,0.1378,0.5,270.1292267,298.7579645,204.181797,0.755867107,0.683435494,0.322983883,0.463195882
373,112030,0.1545,0.5,351.3327693,388.5675915,267.101125,0.760251102,0.687399389,0.315354884,0.454758349
374,112030,0.1744,0.5,464.1068803,513.2936875,357.212094,0.769676359,0.695921463,0.299247389,0.436943754
375,112030,0.1955,0.5,603.3698542,667.3159794,468.080219,0.775776608,0.70143715,0.289030875,0.425644478
376,112030,0.2195,0.5,787.2792816,870.7164291,611.921125,0.777260547,0.702778889,0.286569869,0.42292265
377,112030,0.2453,0.5,1016.299784,1124.008899,800.878938,0.788034152,0.712520104,0.268980536,0.403469171
378,112030,0.2761,0.5,1333.678223,1475.023625,1047.93412,0.785747343,0.710452431,0.272673728,0.407553774
379,125890,0.049,0.5,30.06224447,33.24829036,20.5026504,0.682006642,0.616652772,0.46626138,0.621658162
380,125890,0.0543,0.5,38.06331157,42.09732366,26.4689199,0.695391935,0.628755408,0.43803796,0.590443578
381,125890,0.0608,0.5,49.35501639,54.58574184,33.8712383,0.686277521,0.62051439,0.457136463,0.611566172
382,125890,0.0691,0.5,66.22526042,73.24392197,46.2830703,0.698873361,0.631903222,0.4308744,0.582520811
383,125890,0.0775,0.5,86.19905765,95.33457494,61.0284102,0.707993937,0.640149812,0.412441474,0.562134334
384,125890,0.0869,0.5,112.1343757,124.0185604,80.0641328,0.714001681,0.645581859,0.400556926,0.548990242
385,125890,0.0978,0.5,147.1138691,162.7052378,106.004578,0.720561417,0.651513002,0.387806752,0.534888784
386,125890,0.1227,0.5,247.7355126,273.9909279,182.268062,0.735736512,0.665233931,0.359182239,0.503230598
387,125890,0.1377,0.5,322.9071452,357.1293732,238.703594,0.739232927,0.668395298,0.352753596,0.496120637
388,125890,0.1552,0.5,425.0695819,470.1191522,318.356875,0.74895238,0.677183377,0.335198374,0.476704884
389,125890,0.1742,0.5,554.2471774,612.9872008,418.381094,0.754863734,0.68252827,0.324742407,0.465140776
390,125890,0.1955,0.5,722.4604781,799.0280226,547.093188,0.757263829,0.684698374,0.320543728,0.460497115
391,125890,0.2184,0.5,931.8500251,1030.609017,719.706875,0.77234196,0.69833163,0.294763268,0.431984399
392,125890,0.2459,0.5,1223.742699,1353.436954,944.993,0.772215434,0.698217229,0.294975411,0.432219026
393,125890,0.276,0.5,1595.58544,1764.688197,1231.04888,0.77153429,0.697601356,0.296118672,0.433483451
394,141260,0.0389,0.5,21.13227414,23.37190715,13.4121104,0.634674258,0.573856054,0.575611407,0.742597284
395,141260,0.0437,0.5,27.60910013,30.53515777,17.5772109,0.636645556,0.57563845,0.570732711,0.737201536
396,141260,0.0485,0.5,35.07890001,38.79661927,22.9470801,0.654156205,0.591471126,0.528686868,0.690699605
397,141260,0.0542,0.5,45.28208292,50.08115222,29.9004492,0.660315234,0.597039962,0.514428182,0.674929761
398,141260,0.0618,0.5,61.21661983,67.70445744,40.4759219,0.661191716,0.597832453,0.512420643,0.672709459
399,141250,0.0691,0.5,79.11073363,87.49501872,53.0938711,0.671133595,0.606821644,0.490016305,0.647930673
400,141260,0.0776,0.5,103.2876699,114.2342663,70.449,0.682065924,0.616706373,0.46613394,0.621517215
401,141260,0.0873,0.5,135.3881444,149.7368017,93.4521094,0.69025327,0.624109159,0.44874359,0.602283808
402,141260,0.0976,0.5,174.9323427,193.4719588,123.955883,0.708593283,0.640691725,0.411246795,0.560813042
403,141260,0.1097,0.5,228.8195078,253.0701739,162.623516,0.71070652,0.642602459,0.407050551,0.556172072
404,141260,0.1229,0.5,297.0794973,328.5644689,212.135047,0.714068285,0.64564208,0.400426292,0.548845764
405,141260,0.1385,0.5,390.946612,432.3797742,283.342719,0.724760646,0.655309836,0.379765866,0.525995712
406,141250,0.1556,0.5,510.7875302,564.921629,372.771562,0.729797695,0.659864206,0.37024275,0.51546332
407,141260,0.1746,0.5,665.6583768,736.2059416,489.557906,0.735449178,0.664974131,0.359713261,0.503817899
408,141260,0.195,0.5,858.0605707,948.999235,644.10275,0.750649514,0.678717881,0.332179642,0.473366222
409,141260,0.2195,0.5,1126.207789,1245.565135,846.432875,0.751577891,0.679557296,0.330534083,0.471546264
410,141260,0.2463,0.5,1467.476737,1623.002325,1106.38462,0.753936735,0.681690102,0.326371237,0.466942233
411,141260,0.276,0.5,1906.24748,2108.274709,1446.83088,0.758994252,0.686262978,0.317533034,0.457167343
412,158750,0.0346,0.5,19.33498256,21.38413567,11.6401602,0.602025896,0.544336249,0.661058115,0.837099774
413,158750,0.0389,0.5,25.30666067,27.98870201,15.3226602,0.60547934,0.547458764,0.651584016,0.826621595
414,158750,0.0433,0.5,32.3716605,35.80246209,19.9162207,0.615236302,0.556280757,0.625391734,0.797653412
415,158750,0.0482,0.5,41.4136026,45.80268402,25.8898203,0.625152575,0.565246794,0.599609504,0.769138738
416,158750,0.055,0.5,56.08362397,62.02745827,35.9318281,0.640683065,0.579289062,0.560834139,0.726253897
417,158750,0.0616,0.5,72.7651388,80.47690736,46.6219219,0.640717831,0.579320496,0.560749446,0.726160229
418,158750,0.0691,0.5,94.74831574,104.7898974,61.9443,0.653777321,0.591128549,0.529572789,0.691679418
419,158750,0.0778,0.5,124.424415,137.6111182,82.6065234,0.663909277,0.600289602,0.506229894,0.665862604
420,158750,0.0869,0.5,160.430373,177.4330467,109.668648,0.683590307,0.618084681,0.46286451,0.617901286
421,158750,0.0976,0.5,209.4877914,231.6896506,144.1055,0.687894502,0.621976422,0.453711284,0.607777986
422,158750,0.1094,0.5,272.3008573,301.159748,189.502969,0.695932326,0.629244015,0.436921325,0.5892086
423,158740,0.1234,0.5,359.0628581,397.1169278,253.724938,0.706630976,0.638917458,0.415165813,0.565147403
424,158750,0.1383,0.5,466.6207537,516.0739853,332.729531,0.713062007,0.644732229,0.402402583,0.551031505
425,158750,0.1551,0.5,607.2460339,671.602963,435.467375,0.717118517,0.648400021,0.394469641,0.542257817
426,158740,0.1736,0.5,786.6221138,869.9896136,576.2355,0.732544242,0.662347563,0.365105263,0.509781354
427,158750,0.1952,0.5,1029.981641,1139.140782,757.895625,0.735834111,0.665322177,0.359001962,0.503031215
428,158750,0.2192,0.5,1344.44292,1486.929182,993.338812,0.738847888,0.668047157,0.353458562,0.496900316
429,158750,0.2457,0.5,1747.535476,1932.742147,1303.14088,0.745702103,0.674244561,0.341018076,0.483141368
430,158750,0.2756,0.5,2275.205616,2516.335633,1699.38562,0.746915183,0.675341396,0.338840101,0.480732568
431,177940,0.031,0.5,17.91627092,19.81506665,10.1825098,0.568338682,0.513877141,0.759514233,0.945990433
432,177930,0.0348,0.5,23.36650811,25.8429289,13.4574199,0.575927727,0.520738959,0.736328975,0.920347963
433,177930,0.0386,0.5,29.64885744,32.7910919,17.5674395,0.592516576,0.535738168,0.687716496,0.866583454
434,177940,0.0432,0.5,38.40555618,42.47583991,22.8487598,0.594933704,0.537923673,0.680859553,0.858999801
435,177930,0.049,0.5,51.29414908,56.73038699,31.4856895,0.613826139,0.555005724,0.629125799,0.801783219
436,177930,0.055,0.5,66.88591497,73.97459377,41.9687617,0.627467857,0.567340212,0.593707135,0.762610827
437,177940,0.0616,0.5,86.78799569,95.98592959,54.4559,0.627458896,0.56733211,0.593729893,0.762635997
438,177930,0.0696,0.5,114.8853315,127.0610671,73.4244,0.639110311,0.577867018,0.564675115,0.730501946
439,177930,0.0776,0.5,147.5148323,163.1486957,97.7546562,0.662676794,0.599175223,0.509031262,0.668960867
440,177930,0.0872,0.5,192.8520035,213.2907746,128.806094,0.667901249,0.60389904,0.497227324,0.655905928
441,177940,0.0977,0.5,250.4476143,276.9904626,169.983781,0.678719905,0.613680989,0.473361828,0.629511127
442,177930,0.1101,0.5,329.5430679,364.4685819,228.449812,0.693232036,0.626802483,0.442518446,0.595398913
443,177940,0.1236,0.5,429.8975933,475.4588442,300.231812,0.698379839,0.631456993,0.43188555,0.583639126
444,177940,0.1386,0.5,559.3228735,618.6008275,393.203875,0.702999812,0.635634253,0.422475487,0.573231768
445,177930,0.155,0.5,723.135548,799.7746375,518.346812,0.716804496,0.648116091,0.395080535,0.542933455
446,177930,0.1743,0.5,946.9402642,1047.298544,684.463312,0.722815723,0.653551288,0.383478482,0.530101797
447,177930,0.1956,0.5,1234.158136,1364.956236,896.493188,0.726400582,0.656792624,0.37665088,0.522550595
448,177930,0.2192,0.5,1603.39665,1773.327253,1177.98562,0.734681353,0.664279883,0.361134315,0.505389559
449,177930,0.2459,0.5,2088.029072,2309.321812,1537.87325,0.736519079,0.665941508,0.357738079,0.501633384
450,177930,0.2767,0.5,2738.382544,3028.600811,2015.56975,0.736043894,0.665511857,0.358614627,0.50260283
451,199170,0.0277,0.5,16.46370529,18.20855573,9.10286,0.552904698,0.499922132,0.808629957,1.000311521
452,199160,0.0311,0.5,21.47942794,23.75585289,11.9285303,0.555346741,0.502130164,0.800676814,0.991515492
453,199170,0.0345,0.5,27.26383207,30.15329764,15.49671,0.568398087,0.513930854,0.75933034,0.94578705
454,199160,0.0385,0.5,35.07667992,38.7941639,20.2118203,0.57621817,0.52100157,0.735453779,0.919380013
455,199160,0.0439,0.5,47.42365046,52.44968659,27.9195293,0.588725858,0.532310698,0.698583452,0.878602108
456,199170,0.0493,0.5,61.91434949,68.47613364,37.2383203,0.601448947,0.543814586,0.66265151,0.83886204
457,199160,0.0551,0.5,79.93672696,88.40855218,49.1945195,0.615418236,0.556445257,0.624911225,0.797121978
458,199170,0.0621,0.5,105.225638,116.3776235,64.9409102,0.617158626,0.558018872,0.620328968,0.792054086
459,199170,0.0693,0.5,135.3900736,149.7389354,87.0242,0.642766472,0.581172824,0.555774987,0.720658568
460,199170,0.078,0.5,177.6637566,196.4928525,115.759953,0.651567631,0.589130605,0.534760096,0.697416485
461,199170,0.0873,0.5,230.1444724,254.5355604,152.473125,0.662510481,0.599024847,0.509410084,0.669379836
462,199170,0.0984,0.5,302.9953387,335.1072808,206.111641,0.680246904,0.615061662,0.470054468,0.625853247
463,199170,0.1102,0.5,393.0527169,434.7090875,270.854,0.689103493,0.62306956,0.451160835,0.604957237
464,199170,0.1239,0.5,514.4925657,569.0193303,355.304844,0.690592766,0.624416123,0.448031386,0.601496123
465,199170,0.1383,0.5,662.3619216,732.5601227,468.277562,0.706981405,0.639234306,0.414464359,0.564371608
466,199170,0.1556,0.5,868.3757352,960.4076176,617.055125,0.710585407,0.642492952,0.40729037,0.556437308
467,199170,0.1747,0.5,1133.033285,1253.114008,812.244312,0.71687595,0.648180698,0.394941483,0.542779665
468,199170,0.1957,0.5,1470.664271,1626.527679,1067.70425,0.726001353,0.656431651,0.377407902,0.523387847
469,199170,0.2196,0.5,1916.429935,2119.536318,1398.94112,0.729972484,0.660022245,0.36991465,0.515100448
470,199170,0.2471,0.5,2513.199928,2779.552972,1830.36425,0.728300295,0.658510296,0.373059995,0.518579142
471,199170,0.2756,0.5,3229.623954,3571.904789,2381.677,0.737447156,0.666780651,0.356029367,0.49974358
472,224180,0.0245,0.5,14.90616947,16.48594972,8.12853,0.545313135,0.493058037,0.833808754,1.028158808
473,224180,0.0276,0.5,19.59994866,21.67718331,10.7948301,0.55075808,0.497981216,0.815679217,1.008107873
474,224180,0.0307,0.5,25.03082028,27.6836276,13.8224502,0.552217228,0.49930054,0.810881567,1.002801761
475,224180,0.0343,0.5,32.29398206,35.71655116,18.1035391,0.560585532,0.506866943,0.783849107,0.972904356
476,224180,0.039,0.5,43.37748445,47.97470128,24.9696504,0.575636202,0.52047537,0.737208321,0.921320504
477,224180,0.0437,0.5,56.33891147,62.30980156,33.0163281,0.586030636,0.529873748,0.706395433,0.887242015
478,224180,0.0489,0.5,72.94546042,80.67633976,43.6481719,0.598367214,0.541028163,0.67121456,0.848332616
479,224180,0.0552,0.5,96.36641425,106.5794846,59.1289805,0.61358494,0.554787638,0.629766207,0.802491498
480,224180,0.0616,0.5,123.9912265,137.1320198,77.6848281,0.626534879,0.566496637,0.596080336,0.765235544
481,224180,0.0692,0.5,161.9877392,179.1554651,103.226273,0.637247445,0.576182663,0.569249131,0.735560724
482,224180,0.0777,0.5,211.3925936,233.7963268,137.047016,0.648305665,0.58618122,0.542482279,0.705957077
483,224180,0.0874,0.5,276.9996481,306.3565244,185.402406,0.669323616,0.605185107,0.494045595,0.652386994
484,224180,0.098,0.5,360.3359439,398.5249373,244.462281,0.678428797,0.613417777,0.473994035,0.630210336
485,224180,0.1099,0.5,468.8855633,518.5788231,321.216812,0.68506441,0.619417527,0.459716758,0.61441993
486,224180,0.1228,0.5,605.0853153,669.2132478,423.389438,0.699718581,0.632667449,0.429145985,0.580609216
487,224180,0.1382,0.5,793.7977403,877.9257246,558.335875,0.703372971,0.635971654,0.421720824,0.572397125
488,224180,0.1553,0.5,1037.810824,1147.799715,734.27075,0.707518878,0.639720276,0.413389849,0.56318322
489,224180,0.1738,0.5,1344.079487,1486.527232,967.005625,0.719455683,0.650513226,0.389939678,0.537247761
490,224180,0.1949,0.5,1748.889162,1934.239299,1267.19825,0.724573219,0.65514037,0.380122772,0.526390444
491,224180,0.2194,0.5,2295.725787,2539.030565,1664.76062,0.725156562,0.655667814,0.37901255,0.525162558
492,224180,0.2449,0.5,2955.556228,3268.790917,2168.228,0.733610811,0.663311926,0.363120589,0.507586341
493,224180,0.275,0.5,3857.566716,4266.397953,2825.1915,0.732376575,0.662195963,0.365417783,0.510126996
494,251230,0.0219,0.5,13.73482797,15.19046753,7.45189,0.542554302,0.490563571,0.843133483,1.038471788
495,251230,0.0246,0.5,17.94053522,19.84190252,9.83253,0.548062244,0.495543711,0.82461027,1.017985454
496,251230,0.0274,0.5,22.98276927,25.41852079,12.8206104,0.557835753,0.504380664,0.792642359,0.982629532
497,251230,0.0306,0.5,29.62266161,32.76211979,16.4372793,0.55488867,0.501715988,0.802163306,0.993159524
498,251230,0.0348,0.5,39.8077378,44.02662704,22.7126094,0.570557652,0.515883476,0.752671263,0.938422233
499,251230,0.039,0.5,51.721255,57.2027583,30.0178,0.580376482,0.524761408,0.723019508,0.905627937
500,251230,0.0437,0.5,67.1758458,74.29525194,39.8369688,0.593025191,0.536198044,0.686269006,0.864982557
501,251230,0.0493,0.5,88.62011176,98.01221632,53.5924805,0.604743996,0.546793885,0.653592275,0.828842692
502,251230,0.055,0.5,113.9484323,126.0248737,71.7885234,0.630008873,0.569637733,0.587279232,0.755501684
503,251230,0.0618,0.5,148.9464776,164.7320692,93.7876172,0.629673281,0.569334299,0.588125192,0.756437301
504,251230,0.0693,0.5,193.7884118,214.3264251,124.630477,0.643126572,0.581498417,0.554903877,0.719695136
505,251230,0.078,0.5,254.2961704,281.246895,169.281094,0.665684795,0.601894979,0.50221247,0.661419408
506,251230,0.0875,0.5,331.1501712,366.2460086,223.068469,0.673617254,0.609067304,0.484522544,0.641854675
507,251230,0.0981,0.5,430.6554947,476.2970692,294.008938,0.682701003,0.617280594,0.464770077,0.620008808
508,251230,0.1096,0.5,555.5765266,614.4574367,388.336,0.698978415,0.63199821,0.430659343,0.582282963
509,251230,0.1234,0.5,729.6003248,806.9245619,512.288906,0.702150052,0.634865922,0.424197003,0.575135734
510,251230,0.1385,0.5,951.2142448,1052.025488,672.461438,0.706950555,0.639206412,0.414526084,0.564439875
511,251230,0.155,0.5,1231.950883,1362.515055,883.083875,0.716817437,0.648127793,0.395055348,0.542905599
512,251230,0.174,0.5,1606.857193,1777.154549,1163.379,0.724008957,0.654630179,0.381198382,0.527580049
513,251230,0.1959,0.5,2109.957927,2333.574724,1529.56,0.724924407,0.655457905,0.379454175,0.525650987
514,251230,0.2185,0.5,2711.583149,2998.961171,1993.07775,0.735023652,0.664589382,0.360500436,0.504688501
515,251230,0.2453,0.5,3537.304355,3912.193663,2596.8245,0.734125266,0.663777084,0.36216535,0.506529865
516,251230,0.2752,0.5,4607.269292,5095.555236,3381.53325,0.733956067,0.663624099,0.36247937,0.506877165
517,282500,0.0195,0.5,12.6088859,13.94519627,6.87838,0.545518459,0.493243685,0.83311854,1.027395444
518,282500,0.0219,0.5,16.46272222,18.20746848,9.02727,0.548346129,0.495800391,0.823665651,1.016940723
519,282500,0.0243,0.5,20.90594791,23.12159451,11.6000195,0.554866947,0.501696347,0.80223386,0.993237555
520,282500,0.0272,0.5,27.08758877,29.95837579,15.11954,0.558172236,0.504684904,0.791561699,0.981434342
521,282500,0.031,0.5,36.58154436,40.45851633,20.6306406,0.563963085,0.509920839,0.773165704,0.961088708
522,282500,0.0346,0.5,47.08629251,52.07657489,27.0366309,0.574193241,0.519170682,0.741573966,0.926148827
523,282500,0.0388,0.5,61.2656481,67.75868181,35.8178281,0.584631506,0.528608691,0.710479148,0.891758529
524,282500,0.0438,0.5,80.94171759,89.52005337,48.1879,0.595340715,0.538291681,0.679710417,0.857728877
525,282500,0.0489,0.5,104.2512779,115.2999991,64.1020117,0.614879865,0.555958475,0.626333951,0.798695486
526,282500,0.055,0.5,136.5798968,151.054858,85.6091719,0.626806535,0.566742262,0.595388599,0.764470496
527,282500,0.0616,0.5,177.2042255,195.9846195,111.818508,0.631014908,0.570547364,0.584748614,0.752702867
528,282500,0.0694,0.5,233.0478601,257.7466539,151.728938,0.651063425,0.588674715,0.535948667,0.698731022
529,282500,0.0777,0.5,302.1154148,334.1341012,200.728484,0.664409938,0.600742287,0.505094886,0.664607307
530,282500,0.0873,0.5,394.8389184,436.6845935,265.442906,0.672281514,0.607859563,0.487472106,0.645116835
531,282500,0.0974,0.5,507.7647128,561.5784485,350.745781,0.690764388,0.624571299,0.447671619,0.601098228
532,282500,0.1097,0.5,667.3172702,738.0406472,464.274688,0.695733062,0.629063846,0.437332871,0.589663762
533,282500,0.1231,0.5,869.6300753,961.7948947,609.440938,0.700804808,0.633649587,0.426930849,0.578159317
534,282500,0.1378,0.5,1126.939489,1246.374381,803.073125,0.712614238,0.644327368,0.403283778,0.55200609
535,282500,0.1547,0.5,1470.071934,1625.872565,1055.0355,0.717676105,0.648904178,0.393386227,0.541059581
536,282500,0.1741,0.5,1928.541687,2132.931693,1392.43012,0.722011938,0.652824525,0.385018651,0.531805196
537,282500,0.1941,0.5,2475.945316,2738.350055,1815.61138,0.733300275,0.663031148,0.363697839,0.508224769
538,282500,0.218,0.5,3233.071285,3575.717474,2370.0875,0.733076165,0.662828514,0.364114736,0.50868585
539,282500,0.2446,0.5,4212.105242,4658.511053,3085.7545,0.732591975,0.662390722,0.365016317,0.509682981
540,316460,0.0174,0.5,11.56407058,12.78964972,6.67835,0.577508582,0.522168327,0.731576001,0.915091261
541,316460,0.0195,0.5,15.02492421,16.61729028,8.67703,0.57750907,0.522168768,0.731574538,0.915089643
542,316460,0.0217,0.5,19.20801079,21.24370722,11.1177803,0.578809561,0.52334464,0.727683968,0.910786744
543,316460,0.0244,0.5,25.14800128,27.81322764,14.4699404,0.57539127,0.520253909,0.737947814,0.922138369
544,316460,0.0276,0.5,33.37902345,36.91658702,19.5505898,0.585714853,0.529588225,0.707315421,0.888259505
545,316460,0.031,0.5,43.59107822,48.21093207,25.6467109,0.588347707,0.531968784,0.69967519,0.87980955
546,316460,0.0348,0.5,56.85668038,62.88244446,34.0614688,0.599075932,0.541668968,0.669237481,0.846146003
547,316460,0.0391,0.5,74.30848755,82.18382274,45.3764,0.610648951,0.552132993,0.637602092,0.811157843
548,316460,0.0437,0.5,95.94605985,106.1145804,60.2441289,0.627895809,0.567727156,0.592620918,0.76140949
549,316460,0.0491,0.5,125.3977971,138.6876609,80.0733125,0.638554379,0.577364359,0.566037337,0.732008538
550,316460,0.0551,0.5,163.431218,180.7519261,106.282867,0.650321697,0.588004063,0.537700503,0.70066852
551,316460,0.0618,0.5,212.7375917,235.28387,141.083781,0.663182185,0.599632185,0.507881276,0.667689003
552,316460,0.0694,0.5,277.7030789,307.1345059,187.005875,0.673402239,0.608872893,0.484996548,0.642378914
553,316460,0.0779,0.5,362.1376508,400.517592,247.381406,0.683114295,0.617654283,0.463883873,0.619028683
554,316460,0.087,0.5,466.7888965,516.2599481,327.390969,0.701368373,0.634159148,0.425784278,0.576891231
555,316460,0.0979,0.5,612.2200154,677.1040952,433.979156,0.708861431,0.640934177,0.41071295,0.560222619
556,316460,0.1098,0.5,796.8510713,881.3026527,569.884812,0.715171043,0.646639166,0.398266903,0.546457519
557,316460,0.1229,0.5,1032.398995,1141.814331,749.363188,0.725846491,0.65629163,0.377701776,0.523712866
558,316460,0.1379,0.5,1345.116975,1487.674675,984.679875,0.732040331,0.661891939,0.366044954,0.510820636
559,316460,0.1552,0.5,1764.794488,1951.830297,1294.07762,0.733273834,0.663007241,0.363747012,0.508279154
560,316460,0.1732,0.5,2270.872731,2511.543541,1693.58038,0.745783926,0.674318543,0.340870949,0.482978647
561,316460,0.1945,0.5,2964.359777,3278.527481,2211.57275,0.746054095,0.674562822,0.340385378,0.482441616
562,316460,0.2181,0.5,3856.634564,4265.367011,2880.95575,0.747012895,0.675429744,0.338664978,0.480538884
563,354610,0.0155,0.5,10.56977972,11.68998229,6.52342,0.617176533,0.558035063,0.620281957,0.792002092
564,354610,0.0175,0.5,13.96909571,15.44956335,8.53138,0.610732447,0.552208487,0.63737821,0.810910233
565,354610,0.0194,0.5,17.70194278,19.57802366,10.8299502,0.611794442,0.553168715,0.634535935,0.80776673
566,354610,0.0217,0.5,22.89926177,25.32616303,14.0060195,0.611636289,0.553025718,0.634958581,0.808234169
567,354610,0.0247,0.5,30.83448129,34.10237011,18.88525,0.612471792,0.553781158,0.632728255,0.80576747
568,354610,0.0277,0.5,40.12561062,44.37818854,24.9562207,0.621952422,0.562353298,0.607840029,0.778241548
569,354610,0.031,0.5,51.96808364,57.47574624,32.5570293,0.626481237,0.566448136,0.596217,0.765386691
570,354610,0.0349,0.5,68.23134318,75.46261266,43.3768086,0.635731419,0.574811911,0.572991314,0.73969951
571,354620,0.0389,0.5,87.55463316,96.83381655,57.3082812,0.654543102,0.591820949,0.527783268,0.689700241
572,354610,0.0438,0.5,114.9865601,127.1730241,75.9311484,0.66034803,0.597069614,0.51435297,0.674846578
573,354610,0.0492,0.5,150.1963065,166.114357,100.310359,0.667861689,0.603863271,0.49731601,0.656004012
574,354620,0.0552,0.5,195.6601564,216.3965401,134.753641,0.688712733,0.622716246,0.451984191,0.605867853
575,354610,0.0618,0.5,253.6199014,280.4989538,174.922703,0.689704168,0.623612675,0.449896995,0.603559452
576,354610,0.0694,0.5,331.069967,366.1573043,231.226938,0.698423177,0.631496177,0.431796701,0.58354086
577,354610,0.0775,0.5,426.6538998,471.8713787,306.098531,0.7174399,0.648690607,0.393844977,0.54156695
578,354610,0.0872,0.5,559.4366685,618.7266827,405.559906,0.724943374,0.655475054,0.379418084,0.525611071
579,354610,0.0979,0.5,729.8718514,807.2248654,535.079312,0.733114054,0.662862772,0.364044236,0.508607878
580,354610,0.1096,0.5,946.0127298,1046.272708,703.915688,0.744086909,0.672784144,0.343929033,0.486360833
581,354610,0.1229,0.5,1230.797666,1361.239618,921.583812,0.748769548,0.677018065,0.335524398,0.477065461
582,354610,0.1384,0.5,1617.002508,1788.375082,1214.139,0.750857834,0.678906239,0.331810038,0.472957447
583,354610,0.1543,0.5,2076.011567,2296.030672,1581.62975,0.761859797,0.688853929,0.312577464,0.451686573
584,354610,0.1733,0.5,2710.864792,2998.166682,2070.58338,0.763809168,0.6906165,0.309227543,0.447981622
585,354610,0.1944,0.5,3529.854685,3903.954465,2694.872,0.763451258,0.690292887,0.309841315,0.448660443
586,354610,0.2174,0.5,4563.937925,5047.63154,3485.02475,0.763600384,0.690427723,0.309585513,0.44837753
587,396820,0.0139,0.5,9.789835854,10.82737869,6.50003,0.663956995,0.600332748,0.506121642,0.665742879
588,396820,0.0156,0.5,12.76179366,14.11430945,8.49094,0.665340643,0.601583806,0.502989499,0.662278788
589,396820,0.0173,0.5,16.18553228,17.90090149,10.8139502,0.668124471,0.604100872,0.496727096,0.655352684
590,396820,0.0194,0.5,21.0595711,23.29149893,13.8265195,0.656543262,0.593629441,0.523128876,0.684552568
591,396820,0.022,0.5,28.11583711,31.09559956,18.5601406,0.660131175,0.59687354,0.514850437,0.675396767
592,396820,0.0247,0.5,36.68303299,40.57076089,24.2647695,0.66147119,0.598085147,0.511781638,0.672002732
593,396820,0.0277,0.5,47.73646374,52.79565234,31.7736504,0.665605449,0.601823237,0.502391546,0.661617462
594,396820,0.0312,0.5,62.7454855,69.3953548,41.7653281,0.665630806,0.601846164,0.502334313,0.661554164
595,396820,0.0348,0.5,80.6397513,89.18608419,55.2108203,0.684660101,0.619051961,0.460578757,0.615373286
596,396820,0.0391,0.5,105.3916253,116.5612024,72.7525703,0.690306939,0.624157685,0.448630954,0.602159235
597,396820,0.0439,0.5,137.5153938,152.0895004,95.6347578,0.695447652,0.628805786,0.437922748,0.590316156
598,396820,0.0492,0.5,178.6848954,197.6222132,127.748602,0.714937889,0.646428354,0.398722903,0.546961847
599,396820,0.0552,0.5,232.7619959,257.4304934,168.119234,0.722279569,0.65306651,0.384505451,0.531237606
600,396820,0.062,0.5,303.9737332,336.1893672,218.380906,0.718420318,0.649577076,0.391942816,0.539463195
601,396820,0.0692,0.5,391.2627629,432.7294312,288.474344,0.737290566,0.666639066,0.356317368,0.500062103
602,396820,0.0779,0.5,513.6193303,568.053548,381.860031,0.743468963,0.672225413,0.34504606,0.487596244
603,396820,0.0875,0.5,670.8210243,741.9157349,503.060656,0.749917844,0.678056324,0.333479405,0.474803736
604,396820,0.0978,0.5,866.2742567,958.083421,661.42625,0.763529846,0.690363945,0.309706497,0.448511336
605,396820,0.1098,0.5,1130.172775,1249.950336,869.193062,0.769079809,0.695382078,0.300255172,0.438058345
606,396820,0.1235,0.5,1480.727081,1637.656962,1141.086,0.770625468,0.696779623,0.297647225,0.435174003
607,396820,0.1378,0.5,1904.600318,2106.452979,1487.53325,0.781021213,0.706179186,0.280374955,0.41607119
608,396820,0.1547,0.5,2484.516252,2747.829353,1949.94812,0.784840155,0.709632175,0.274144797,0.409180749
609,396820,0.1736,0.5,3237.892069,3581.049172,2536.301,0.783318575,0.708256401,0.276619797,0.411918054
610,396820,0.1942,0.5,4189.462166,4633.468226,3282.849,0.783596765,0.708507934,0.276166575,0.411416799
611,446430,0.0123,0.5,8.866525525,9.806214419,6.74438,0.760656469,0.687765912,0.314653908,0.453983082
612,446430,0.0139,0.5,11.74309482,12.98764724,8.66141,0.737574731,0.666896,0.355794821,0.499484176
613,446420,0.0154,0.5,14.86031215,16.43523236,10.9618701,0.737660824,0.666973844,0.355636585,0.49930917
614,446430,0.0172,0.5,19.15796493,21.18835743,14.0653,0.734175057,0.663822104,0.362072969,0.506427693
615,446430,0.0196,0.5,25.86374044,28.60482201,18.7305391,0.724200707,0.654803554,0.380832677,0.527175585
616,446430,0.0219,0.5,33.37429216,36.91135429,24.1129199,0.722499815,0.653265651,0.3840834,0.530770825
617,446420,0.0246,0.5,43.59224248,48.21221972,31.4449199,0.721342104,0.652218879,0.386304771,0.533227621
618,446430,0.0277,0.5,57.26079869,63.3293919,41.7027617,0.728295145,0.658505639,0.373069705,0.51858988
619,446420,0.0309,0.5,73.60940159,81.4106465,54.0464102,0.734232435,0.663873984,0.361966527,0.50630997
620,446430,0.0347,0.5,96.09145445,106.2753841,70.91025,0.737945433,0.667231181,0.355113745,0.498730919
621,446430,0.039,0.5,125.6776043,138.9971226,93.0813828,0.740636196,0.669664098,0.350190559,0.493285966
622,446430,0.0437,0.5,163.2307524,180.5302148,123.129703,0.754329078,0.682044848,0.325681362,0.466179243
623,446430,0.049,0.5,212.339285,234.8433502,161.459594,0.760384938,0.6875204,0.315123368,0.454502296
624,446420,0.055,0.5,276.8739967,306.2175563,211.617797,0.76431084,0.691070099,0.308368203,0.447031207
625,446430,0.0614,0.5,356.5655478,394.3549484,274.795406,0.770672903,0.696822513,0.297567354,0.435085667
626,446420,0.0691,0.5,467.7540966,517.3274417,362.286125,0.774522613,0.70030332,0.291117888,0.427952676
627,446430,0.0776,0.5,610.6582247,675.3767833,476.190781,0.779799177,0.705074253,0.282381451,0.418290337
628,446430,0.0868,0.5,789.9484657,873.6684977,625.402188,0.791699984,0.715834655,0.263104736,0.396970645
629,446420,0.0974,0.5,1029.337763,1138.428664,820.998375,0.797598616,0.721168046,0.253763459,0.386639364
630,446430,0.1095,0.5,1347.168274,1489.943373,1078.03712,0.800224546,0.723542344,0.249649246,0.382089119
631,446420,0.1223,0.5,1736.696135,1920.754035,1406.65225,0.809958761,0.732343769,0.234630759,0.365478948
632,446430,0.1374,0.5,2269.395677,2509.909947,1837.2445,0.809574337,0.731996183,0.23521702,0.366127343
633,446430,0.1539,0.5,2944.932374,3257.041129,2394.31375,0.813028432,0.735119286,0.229969286,0.360323445
634,446430,0.1723,0.5,3817.410621,4221.986049,3099.5465,0.811949986,0.734144183,0.231602952,0.36213025
635,56190,0.0339,0.9,5.801693178,4.10320805,4.47604,0.771505811,1.090863526,0.296166517,0.083295044
636,56190,0.0439,0.9,10.50759815,7.431427342,8.53325,0.812102812,1.14826528,0.231371183,0.129121104
637,56200,0.0491,0.9,13.59343067,9.613861407,11.1576104,0.820809012,1.160575333,0.21831021,0.138358388
638,56190,0.0547,0.9,17.41744103,12.31836673,14.5204902,0.83367529,1.178767487,0.199507785,0.151656276
639,56200,0.0612,0.9,22.5500762,15.94838806,18.7372598,0.830917804,1.174868565,0.203488474,0.14884096
640,56200,0.0688,0.9,29.50905058,20.87007537,24.8889395,0.843434099,1.192565866,0.185629085,0.161471891
641,56190,0.0874,0.9,51.12316456,36.15651051,44.7907,0.876133166,1.238800409,0.141379004,0.192767461
642,56190,0.1232,0.9,112.5123598,79.5736014,100.321742,0.891650857,1.260741505,0.121515212,0.206815992
643,56200,0.1536,0.9,186.8067625,132.1178125,169.455688,0.907117525,1.282610458,0.10239299,0.220340054
644,56180,0.1734,0.9,246.6861985,174.4671365,225.750062,0.915130491,1.293940318,0.092740336,0.227166828
645,56190,0.1939,0.9,318.9831267,225.5986474,294.095781,0.921979115,1.303623866,0.084623267,0.23290757
646,56180,0.2174,0.9,414.7640297,293.3390397,381.366312,0.919477787,1.300087136,0.087573854,0.230820787
647,56190,0.2453,0.9,547.5278936,387.2353796,502.238562,0.917283974,1.296985215,0.090174939,0.228981188
648,56210,0.272,0.9,694.6162997,491.2626547,643.562938,0.926501348,1.310018036,0.079329245,0.236651731
649,70790,0.0271,0.9,4.955250121,3.504566953,3.43915,0.694041656,0.981333798,0.440835707,0.019021256
650,70790,0.0306,0.9,6.550480176,4.632782563,4.73055,0.722168432,1.021103394,0.384718516,0.020667245
651,70790,0.035,0.9,8.919387367,6.308176065,6.68006,0.748937088,1.058952688,0.335225637,0.055670748
652,70780,0.0392,0.9,11.56984574,8.182694729,8.82347,0.762626417,1.078308588,0.311258013,0.072621686
653,70790,0.0436,0.9,14.77665489,10.45068869,11.3890898,0.770748852,1.089793232,0.297439493,0.082394741
654,70790,0.049,0.9,19.32371265,13.66656438,15.2049297,0.786853436,1.112564159,0.270884709,0.101175432
655,70800,0.0549,0.9,25.09783097,17.75027029,20.4350293,0.814214954,1.151251726,0.228176902,0.131380238
656,70790,0.0617,0.9,32.8143127,23.20769952,26.70475,0.813814089,1.150684926,0.228781872,0.130952377
657,70800,0.0699,0.9,43.71937858,30.92023322,36.1750391,0.827437175,1.169947162,0.20855097,0.145260545
658,70790,0.078,0.9,56.23269257,39.77018945,47.5507891,0.845607545,1.195638989,0.182581691,0.163627141
659,70790,0.0873,0.9,72.84346344,51.5180442,62.0154219,0.851351912,1.203761184,0.174602401,0.169270439
660,70790,0.0983,0.9,95.67784268,67.66750365,81.8683672,0.855666943,1.209862383,0.168679014,0.173459714
661,70790,0.1095,0.9,122.5976277,86.70633856,107.732469,0.878748398,1.242498193,0.137982159,0.195169856
662,70780,0.1225,0.9,158.6115605,112.1769476,139.738953,0.88101367,1.245701153,0.135056168,0.197239243
663,70790,0.1386,0.9,210.6917975,149.0103411,187.176703,0.88839103,1.256132303,0.125630456,0.203905514
664,70780,0.1546,0.9,270.7504737,191.4864315,242.094266,0.894160083,1.264289402,0.118367974,0.209041855
665,70780,0.1737,0.9,353.8422107,250.2524975,317.859875,0.898309657,1.270156654,0.113201881,0.212695539
666,70780,0.1957,0.9,465.3811941,329.137685,418.440688,0.899135361,1.271324151,0.112179593,0.213418545
667,70790,0.217,0.9,590.1983588,417.413776,533.42225,0.903801649,1.277922006,0.106437459,0.217479631
668,70790,0.2446,0.9,777.0873639,549.589754,697.85425,0.898038345,1.269773035,0.113538198,0.212457681
669,70790,0.276,0.9,1025.626499,725.3673675,918.444375,0.895495949,1.266178238,0.116699636,0.210221776
670,79430,0.0618,0.9,39.3472929,27.82810535,32.0472891,0.814472528,1.151615918,0.227788497,0.131654935
671,79430,0.0692,0.9,51.02364224,36.08612403,42.2628086,0.828298544,1.171165087,0.207294166,0.146149411
672,79430,0.0774,0.9,65.99618677,46.67535433,55.0573594,0.834250615,1.179580963,0.198680567,0.15224132
673,79440,0.0972,0.9,111.4043176,78.78994611,96.2987266,0.86440749,1.222220998,0.156861794,0.181817363
674,79430,0.1086,0.9,143.7083708,101.6367681,125.654438,0.874371043,1.236308871,0.143679229,0.191140642
675,79430,0.1924,0.9,534.7724547,378.2141822,484.209719,0.90545,1.280252676,0.104423215,0.218904191
676,79430,0.217,0.9,705.0721479,498.6574822,633.8135,0.898934246,1.271039787,0.112428416,0.213242567
677,79430,0.2447,0.9,929.2087385,657.1765619,830.80025,0.894094314,1.26419641,0.118450239,0.208983673
678,112170,0.0172,0.9,3.549169083,2.5101257,2.48196,0.699307343,0.988779168,0.429986415,0.011348168
679,112170,0.0194,0.9,4.679872221,3.309807806,3.3172,0.708822772,1.002233421,0.410789889,0.002228444
680,112170,0.0222,0.9,6.379197541,4.511644084,4.63217,0.726136786,1.026714411,0.377150999,0.026019321
681,112170,0.0276,0.9,10.52024321,7.440370476,7.76849,0.738432548,1.044099891,0.354219831,0.042237233
682,112170,0.0347,0.9,17.80172479,12.59014881,13.9768301,0.785139096,1.110140183,0.273659668,0.09921286
683,112160,0.0391,0.9,23.41697436,16.56149589,18.6608691,0.796894971,1.126762294,0.254870512,0.112501363
684,112170,0.0494,0.9,40.07933206,28.34583507,33.1808711,0.827879842,1.170573067,0.207904757,0.145717574
685,112170,0.0622,0.9,68.05096454,48.12858194,56.9172109,0.83639095,1.18260727,0.195613128,0.154410745
686,112170,0.0692,0.9,86.94667744,61.4924464,74.6540312,0.858618563,1.214035797,0.16466152,0.17630106
687,112170,0.0775,0.9,112.7947231,79.77330091,98.1251328,0.869944356,1.2300498,0.149498807,0.187024785
688,112170,0.0978,0.9,192.5040548,136.1471838,171.742984,0.892152553,1.261450874,0.120884536,0.207262034
689,112170,0.1372,0.9,419.0192519,296.3485167,383.907062,0.916203874,1.295458018,0.09146013,0.228072245
690,112170,0.1547,0.9,552.1108923,390.4766743,507.752188,0.919656169,1.300339358,0.087362901,0.230969982
691,112170,0.1744,0.9,727.1679972,514.2846214,671.206188,0.92304143,1.305125917,0.08337499,0.233790405
692,112180,0.2199,0.9,1238.859768,876.1751472,1142.33725,0.922087616,1.30377728,0.084495641,0.232997832
693,112170,0.2466,0.9,1611.806729,1139.939349,1493.72088,0.926736967,1.310351188,0.079054829,0.236845809
694,125900,0.0153,0.9,3.241646191,2.292632226,2.38322,0.735188191,1.039512562,0.360195949,0.038010664
695,125890,0.0198,0.9,5.861277283,4.145348503,4.38032,0.747331987,1.056683171,0.3380934,0.053642541
696,125890,0.0222,0.9,7.623579307,5.391724626,5.75388,0.754747838,1.067168745,0.324945829,0.062941072
697,125890,0.0276,0.9,12.57241337,8.891753865,9.60085,0.763644156,1.079747612,0.309510446,0.073857641
698,125890,0.0309,0.9,16.2974065,11.52622992,12.91975,0.792748834,1.120899903,0.26143358,0.107859678
699,125890,0.0349,0.9,21.55707611,15.24609549,17.2903203,0.802071682,1.134081858,0.246771357,0.118229435
700,125880,0.0394,0.9,28.48113143,20.14308654,23.2500195,0.816330614,1.154243142,0.224993873,0.133631413
701,125890,0.0441,0.9,36.90323527,26.09956221,30.6117695,0.82951452,1.172884405,0.205524407,0.147401061
702,125890,0.0493,0.9,47.67506785,33.71786756,39.8531719,0.835933197,1.181960034,0.19626784,0.153947705
703,125890,0.0555,0.9,62.58898951,44.26563724,52.0506797,0.831626778,1.175871013,0.202462482,0.149566586
704,125890,0.0618,0.9,80.12891527,56.67063046,68.5906406,0.856003608,1.210338407,0.168219375,0.173784791
705,125890,0.0692,0.9,103.9072527,73.48769792,89.9837266,0.86600044,1.224473336,0.154733824,0.183322355
706,125890,0.0782,0.9,137.6113364,97.32468197,120.118242,0.872880426,1.234201228,0.145632288,0.189759354
707,125880,0.0873,0.9,177.1932917,125.3187507,156.589734,0.883722699,1.24953156,0.131576682,0.199700086
708,125890,0.098,0.9,231.1379747,163.4707609,205.737547,0.890107077,1.258558692,0.123460341,0.205440313
709,125890,0.1105,0.9,304.5535328,215.3934151,272.295625,0.894081321,1.264178038,0.118466493,0.208972178
710,125880,0.1226,0.9,386.6344366,273.4445762,350.59725,0.90679261,1.282151048,0.10278799,0.220060693
711,125890,0.1382,0.9,509.1826257,360.1159497,460.982312,0.905337866,1.280094126,0.104560007,0.218807446
712,125890,0.1558,0.9,670.6400271,474.3055989,610.012438,0.909597419,1.286116882,0.099387464,0.222465692
713,125890,0.1751,0.9,877.0509523,620.2883222,799.52725,0.911608668,1.288960668,0.096961926,0.224181137
714,125890,0.1963,0.9,1140.429003,806.5606575,1036.68944,0.909034615,1.285321111,0.10006812,0.221984303
715,125900,0.22,0.9,1482.047714,1048.168168,1351.12625,0.911661775,1.289035759,0.096898024,0.224226331
716,141270,0.0134,0.9,2.855639288,2.019631469,2.2798,0.798350131,1.128819805,0.252583248,0.114119015
717,141290,0.0151,0.9,3.758234896,2.657986075,3.00905,0.800655117,1.132078918,0.248977218,0.116669356
718,141290,0.0173,0.9,5.136957483,3.633078249,4.14228,0.806368364,1.140157111,0.240128017,0.122927893
719,141280,0.0194,0.9,6.683147347,4.726610517,5.41699,0.810544751,1.146062275,0.233738173,0.127447066
720,141280,0.0216,0.9,8.554063662,6.049803359,6.88028,0.804328828,1.137273328,0.243272608,0.120703902
721,141280,0.0241,0.9,11.00164755,7.780840418,9.00518,0.81853013,1.157353128,0.221702126,0.135959479
722,141280,0.027,0.9,14.28370032,10.10204993,11.9059502,0.833534024,1.178567744,0.199711076,0.1515125
723,141280,0.0305,0.9,18.90039672,13.36717706,15.9032402,0.841423619,1.189723165,0.188462004,0.159468329
724,141280,0.0344,0.9,24.91979678,17.62435682,21.3060195,0.854983678,1.208896286,0.169612972,0.172799179
725,141280,0.0385,0.9,32.27797864,22.82838091,27.9052207,0.864528136,1.222391584,0.156700353,0.181931541
726,141280,0.0431,0.9,41.83412424,29.5868999,36.2410312,0.866303092,1.224901268,0.154330405,0.18360767
727,141290,0.0485,0.9,54.87411442,38.80934429,47.7812695,0.870743337,1.23117951,0.148444045,0.187770758
728,141270,0.0539,0.9,69.92208998,49.45192268,61.9451211,0.885916327,1.252633219,0.128774773,0.201681718
729,141270,0.0604,0.9,90.83024951,64.23907634,80.8510312,0.890133316,1.258595793,0.123427224,0.205463735
730,141280,0.0683,0.9,120.4860647,85.21295,107.876453,0.895343816,1.265963131,0.11688938,0.21008758
731,141280,0.0762,0.9,154.9370854,109.5782001,140.479125,0.906684959,1.281998836,0.102918924,0.21996809
732,141280,0.0858,0.9,203.4980178,143.9225894,185.286703,0.910508638,1.28740529,0.098287219,0.223243832
733,141280,0.0966,0.9,267.2190304,188.9888422,244.285766,0.914178027,1.29259359,0.09387884,0.226361628
734,141280,0.1071,0.9,338.712977,239.5524498,314.148719,0.927477659,1.311398482,0.078193087,0.237455271
735,141290,0.1207,0.9,445.8305495,315.3106246,414.838406,0.930484478,1.315649945,0.074708954,0.2399194
736,141270,0.1361,0.9,587.3552903,415.4030351,548.4,0.933676787,1.320163681,0.071034446,0.242518171
737,141290,0.1528,0.9,766.4596007,542.0733408,716.235875,0.934473095,1.321289614,0.070121768,0.243163656
738,141280,0.1717,0.9,1001.872114,708.5672404,937.098062,0.935346986,1.322525243,0.069121958,0.243870765
739,141280,0.1923,0.9,1299.806864,919.2795658,1217.0185,0.93630718,1.323882903,0.068025559,0.244646186
740,158740,0.0119,0.9,2.602787955,1.840804083,2.3266,0.893887647,1.263904194,0.118708826,0.20880079
741,158750,0.0134,0.9,3.419357244,2.41831716,3.01751,0.882478719,1.247772645,0.133171802,0.198571949
742,158750,0.0153,0.9,4.637246287,3.279660904,4.10037,0.884225194,1.250242059,0.13093362,0.200154888
743,158750,0.0172,0.9,6.068304781,4.291767293,5.31808,0.876369957,1.239135218,0.141070608,0.192985571
744,158750,0.0191,0.9,7.720104082,5.459991116,6.69495,0.867209811,1.226183314,0.153123486,0.184461256
745,158750,0.0214,0.9,10.0249809,7.090099577,8.76594,0.874409646,1.236363454,0.143628739,0.191176351
746,158750,0.024,0.9,13.04674663,9.227222841,11.76054,0.901415528,1.274548171,0.10936629,0.215408235
747,158750,0.027,0.9,17.10150707,12.09492459,15.1945498,0.888491859,1.256274869,0.125502716,0.203995857
748,158750,0.0305,0.9,22.62895895,16.00417735,20.2481895,0.894791031,1.265181525,0.117579374,0.209599587
749,158750,0.0342,0.9,29.43876931,20.82036942,26.5945,0.903383552,1.277330842,0.106949531,0.217117471
750,158750,0.0382,0.9,37.9571784,26.84495632,34.2301602,0.901809925,1.275105826,0.108881121,0.215751368
751,158750,0.043,0.9,49.82030737,35.23507362,45.1683281,0.906624838,1.281913828,0.102992062,0.219916364
752,158750,0.0478,0.9,63.53404646,44.93402234,59.2351,0.932336335,1.318268361,0.072574309,0.241429113
753,158740,0.0536,0.9,82.6501714,58.45377172,75.5213203,0.913746687,1.291983701,0.094395213,0.225996427
754,158750,0.0605,0.9,109.1747917,77.2131291,100.744281,0.922779695,1.304755838,0.083682276,0.233573079
755,158750,0.0676,0.9,140.8804187,99.63671817,131.483438,0.933298177,1.31962835,0.071468931,0.242210885
756,158750,0.0759,0.9,183.8284226,130.0114019,171.879594,0.935000103,1.322034771,0.069518599,0.243590243
757,158750,0.0856,0.9,242.3399898,171.3933099,227.248516,0.937726028,1.325889068,0.066409559,0.245789091
758,158750,0.0949,0.9,307.1452626,217.2263985,292.553344,0.9524918,1.346766995,0.049877805,0.257481061
759,158750,0.1071,0.9,405.532337,286.8099878,386.195344,0.952317013,1.346519858,0.050070497,0.257344781
760,158750,0.1207,0.9,533.7231099,377.4720402,509.020531,0.95371649,1.348498635,0.048529632,0.258434548
761,158740,0.1356,0.9,697.3118879,493.1690911,666.898062,0.956384186,1.352270599,0.04560491,0.260503038
762,158750,0.1521,0.9,907.9324852,642.1290764,870.87925,0.959189438,1.356237059,0.042546926,0.262665776
763,158750,0.1705,0.9,1180.340777,834.7879885,1135.88888,0.962339777,1.360691452,0.039134019,0.265079531
764,177890,0.0107,0.9,2.430863648,1.719211786,2.34601,0.96509321,1.364584642,0.036169346,0.267176276
765,177900,0.0121,0.9,3.22476522,2.280693274,3.06206,0.949545096,1.342600531,0.053135869,0.255176818
766,177900,0.0139,0.9,4.43492307,3.136569185,4.17657,0.941745761,1.331572732,0.061857713,0.249008353
767,177900,0.0155,0.9,5.696462028,4.028784034,5.34612,0.938498312,1.326981033,0.065532017,0.246409726
768,177890,0.0172,0.9,7.23461119,5.11662957,6.67897,0.923196814,1.30534562,0.083192646,0.233919366
769,177890,0.0193,0.9,9.426827044,6.667059326,8.70757,0.923701046,1.306058575,0.082601351,0.234337556
770,177900,0.0215,0.9,12.08150809,8.544564445,11.4621602,0.948735879,1.341456346,0.054034133,0.254541527
771,177880,0.0244,0.9,16.15498019,11.42549989,15.1338398,0.936790985,1.324566973,0.067473979,0.245036287
772,177890,0.0275,0.9,21.26631535,15.04045693,19.8604805,0.933893821,1.320470554,0.070785541,0.242694207
773,177880,0.0308,0.9,27.58937355,19.51239684,25.8479395,0.936880261,1.324693205,0.067372258,0.245108228
774,177900,0.0344,0.9,35.57325969,25.15894602,33.3761914,0.938238207,1.32661326,0.065827412,0.246200811
775,177890,0.0388,0.9,46.90220569,33.17126605,43.8507383,0.934939789,1.321949492,0.069587594,0.243541447
776,177890,0.043,0.9,59.39559171,42.00712836,56.8624492,0.957351338,1.353638095,0.0445486,0.261250105
777,177890,0.0482,0.9,77.20936101,54.60579556,73.8044688,0.955900526,1.351586733,0.046133957,0.260128872
778,177880,0.0545,0.9,102.3793294,72.40708454,96.4075312,0.941669884,1.331465447,0.061943275,0.24894784
779,177890,0.0609,0.9,132.1435458,93.45762422,125.315656,0.948329752,1.340882106,0.054485529,0.25422228
780,177890,0.0684,0.9,172.5592429,122.0413512,164.378859,0.952593766,1.346911169,0.049765426,0.257560541
781,177890,0.0771,0.9,227.2027872,160.6876263,217.455703,0.957099628,1.353282191,0.044823309,0.261055819
782,177890,0.0855,0.9,288.1419417,203.786429,279.325438,0.96940222,1.370677328,0.031563555,0.27043369
783,177900,0.0965,0.9,380.5511367,269.1422038,368.221125,0.967599593,1.36812852,0.033485346,0.269074517
784,177890,0.1087,0.9,500.2309193,353.7849162,484.324094,0.968201035,1.368978924,0.032843349,0.269528564
785,177900,0.1222,0.9,654.6755638,463.0148408,634.658875,0.969425025,1.370709574,0.031539288,0.270450853
786,177900,0.1371,0.9,852.7713653,603.1167495,829.002188,0.97212714,1.374530203,0.028672032,0.2724787
787,177900,0.1537,0.9,1108.871519,784.2418419,1084.39875,0.977930023,1.382735136,0.022568054,0.276795697
788,199160,0.0108,0.9,2.956602899,2.091037296,3.1272,1.057700377,1.495525692,0.054552667,0.331338803
789,199160,0.0124,0.9,4.061150409,2.872221012,4.18865,1.031394944,1.458331369,0.030439304,0.314284791
790,199170,0.0139,0.9,5.279975232,3.73422658,5.39283,1.021374109,1.444162502,0.020926817,0.307557149
791,199170,0.0154,0.9,6.681781555,4.72564457,6.71628,1.005163061,1.421241039,0.005136541,0.296389583
792,199160,0.0173,0.9,8.728704402,6.173316835,8.75925,1.003499442,1.418888781,0.003487239,0.295223126
793,199170,0.0193,0.9,11.22403559,7.938122848,11.4885703,1.023568592,1.44726537,0.023025904,0.309041714
794,199160,0.0218,0.9,14.84775482,10.50097363,14.9707803,1.008285797,1.425656404,0.008217707,0.298568717
795,199160,0.0245,0.9,19.41669138,13.73232295,19.7819492,1.018811538,1.440539177,0.018464198,0.305815478
796,199170,0.0275,0.9,25.32070221,17.90789446,25.2182,0.995951842,1.408216921,0.004064612,0.28988213
797,199160,0.0307,0.9,32.60500381,23.05966724,32.4363398,0.994827051,1.406626534,0.005199847,0.289079243
798,199170,0.0346,0.9,42.91945781,30.35449469,42.72875,0.995556612,1.407658089,0.00446322,0.289600218
799,199160,0.0384,0.9,54.52584111,38.56303036,54.8112109,1.005233661,1.421340864,0.005206413,0.296439
800,199150,0.043,0.9,70.70829372,50.00795993,70.8732812,1.002333354,1.417240001,0.002327922,0.294403207
801,199160,0.0486,0.9,93.6842718,66.25756419,93.7275234,1.000461674,1.414593557,0.000461461,0.293083165
802,199160,0.0543,0.9,120.8735177,85.48697344,119.599727,0.989461788,1.399040371,0.010650448,0.285224343
803,199160,0.0611,0.9,158.5139487,112.1079124,156.697844,0.988542934,1.397741164,0.011589851,0.284559956
804,199170,0.0688,0.9,208.2285251,147.2682084,206.086594,0.989713556,1.399396355,0.010393355,0.28540617
805,199160,0.0763,0.9,264.0920636,186.7773162,264.356062,1.000999645,1.415354216,0.000998647,0.293463086
806,199170,0.086,0.9,347.7030296,245.9106034,346.693688,0.997097116,1.409836271,0.002911335,0.290697778
807,199170,0.097,0.9,458.4751279,324.2534167,457.527719,0.997933565,1.411018961,0.002070714,0.291292302
808,199160,0.109,0.9,599.3362835,423.8765112,597.521,0.996971177,1.4096582,0.003038025,0.290608178
809,199170,0.1224,0.9,782.3548253,553.3151303,782.122375,0.999702884,1.413520672,0.000297204,0.292546604
810,199170,0.1372,0.9,1016.964936,719.241536,1018.78525,1.001789948,1.416471657,0.001786749,0.294020466
811,224180,0.0109,0.9,3.625433842,2.564063432,4.29423,1.184473414,1.67477526,0.155742976,0.40290496
812,224180,0.0122,0.9,4.696703575,3.321711666,5.55649,1.183061675,1.672779145,0.15473553,0.402192451
813,224170,0.0135,0.9,5.926541019,4.191505837,6.78248,1.144424712,1.618148767,0.126198526,0.382009849
814,224180,0.0152,0.9,7.783668349,5.504946512,8.76246,1.125749403,1.591742986,0.111702838,0.371757873
815,224190,0.017,0.9,10.06685397,7.119714021,11.4437,1.13677024,1.607325795,0.120314761,0.377848596
816,224190,0.0191,0.9,13.15590311,9.304423016,14.7947695,1.124572701,1.590079199,0.110773364,0.371100508
817,224180,0.0216,0.9,17.45153877,12.34248213,19.3140801,1.106726482,1.564845701,0.096434379,0.360959359
818,224180,0.0242,0.9,22.65953267,16.0258004,25.0608691,1.105974667,1.56378268,0.095820158,0.360524955
819,224180,0.027,0.9,29.14083409,20.60965676,31.5266602,1.081872266,1.529703312,0.075676462,0.346278463
820,224180,0.0305,0.9,38.5595688,27.27099283,41.2108203,1.068757291,1.511159515,0.064333869,0.338256491
821,224190,0.0339,0.9,49.16151957,34.76915043,53.1976602,1.082099591,1.530024736,0.075870642,0.346415795
822,224180,0.0378,0.9,63.13315941,44.6504977,68.2538,1.081108575,1.528623498,0.075023524,0.345816677
823,224180,0.0428,0.9,83.98890393,59.4005812,89.8403125,1.069668829,1.512448375,0.065131213,0.338820408
824,224180,0.0478,0.9,108.2615175,76.5672221,115.558531,1.067401729,1.50924283,0.063145606,0.3374161
825,224180,0.0538,0.9,142.0594301,100.470566,148.281859,1.04380159,1.47587363,0.041963521,0.322435215
826,224180,0.0606,0.9,186.7402674,132.0707844,194.338062,1.040686429,1.471468977,0.039095762,0.320407011
827,224190,0.0672,0.9,236.8241843,167.492294,249.182953,1.052185417,1.487727865,0.049597168,0.327834059
828,224180,0.0758,0.9,312.2947412,220.8683322,327.211781,1.047765901,1.481478932,0.045588334,0.324998839
829,224180,0.0854,0.9,410.7319428,290.4873736,428.664188,1.043659242,1.475672359,0.041832851,0.322342799
830,224180,0.096,0.9,537.4169424,380.0844782,559.826625,1.041698876,1.472900518,0.040029683,0.321067521
831,224180,0.1077,0.9,699.9512469,495.0357598,730.104875,1.043079612,1.474852797,0.041300406,0.321966231
832,224180,0.1208,0.9,911.1922039,644.4344903,952.073375,1.044865585,1.477378057,0.042939097,0.323125184
833,251230,0.0111,0.9,4.507214911,3.187697098,5.82561,1.292507705,1.827529348,0.226310221,0.452813165
834,251230,0.0123,0.9,5.70615764,4.03564119,7.05869,1.237030318,1.749087609,0.191612376,0.42827335
835,251220,0.0138,0.9,7.432609205,5.25666232,9.03242,1.215242151,1.718280432,0.177118734,0.41802282
836,251230,0.0154,0.9,9.563860931,6.763975611,11.7559297,1.22920333,1.738020711,0.186464944,0.424632863
837,251230,0.0173,0.9,12.49465993,8.836763277,15.1495801,1.212484388,1.714381117,0.175247112,0.416699128
838,251230,0.0196,0.9,16.64491685,11.77200426,19.7335,1.185557139,1.676307582,0.156514716,0.403450768
839,251230,0.022,0.9,21.70443439,15.35031364,25.4856699,1.174214884,1.660270304,0.148367123,0.397688438
840,251230,0.0245,0.9,27.79392504,19.65706449,31.9041309,1.147881447,1.623036386,0.128829896,0.383870868
841,251220,0.0276,0.9,36.54366192,25.8452564,41.4965,1.135532068,1.605575095,0.119355562,0.377170209
842,251230,0.0307,0.9,46.67226842,33.00864448,53.2444297,1.140815124,1.613045023,0.123433781,0.380054502
843,251240,0.0344,0.9,60.62295923,42.87517569,68.4683672,1.129413148,1.596923303,0.114584417,0.37379585
844,251230,0.0389,0.9,80.40559375,56.86630944,89.4663672,1.112688347,1.573275426,0.10127575,0.364383385
845,251220,0.0434,0.9,103.3931089,73.12407324,114.558367,1.107988416,1.566630002,0.097463488,0.361687189
846,251220,0.0488,0.9,135.3669604,95.73736228,148.310875,1.09562093,1.549143108,0.087275559,0.354481846
847,251230,0.055,0.9,178.1917078,126.0248737,191.589297,1.075186379,1.520249863,0.069928693,0.342213393
848,251230,0.061,0.9,226.0516211,159.8734719,245.297641,1.085139933,1.5343236,0.078459866,0.348247006
849,251230,0.0688,0.9,298.0445618,210.7899897,320.420281,1.07507508,1.520092493,0.069832406,0.342145294
850,251230,0.0774,0.9,390.6729643,276.3007975,418.834219,1.072083961,1.515863229,0.067237235,0.340309877
851,251230,0.087,0.9,511.0761935,361.4551626,546.209625,1.068744019,1.511140749,0.064322249,0.338248273
852,251230,0.0977,0.9,667.1631091,471.8465723,711.678688,1.066723682,1.508284111,0.062550108,0.336994938
853,251230,0.1096,0.9,868.8064255,614.4574367,929.670625,1.07005496,1.512994342,0.065468563,0.339058996
854,282480,0.0111,0.9,5.401808803,3.820392545,7.2948,1.350436542,1.909437293,0.259498711,0.476285499
855,282480,0.0124,0.9,6.967142131,4.927463897,9.2871,1.332985581,1.884762668,0.249804338,0.469429219
856,282480,0.0138,0.9,8.908384169,6.300394129,11.9863096,1.345508834,1.902469807,0.256786745,0.474367479
857,282490,0.0156,0.9,11.80766049,8.350887589,15.48175,1.311161514,1.85390473,0.237317455,0.460597956
858,282480,0.0176,0.9,15.57798075,11.01742096,20.0518301,1.287190581,1.820011251,0.223114266,0.450552847
859,282480,0.0197,0.9,20.18323615,14.27445652,25.8214609,1.279351869,1.808927777,0.218354212,0.447186332
860,282480,0.022,0.9,26.01233956,18.39705028,32.726,1.258095218,1.778872129,0.205147602,0.437846047
861,282490,0.0248,0.9,34.25698823,24.22802198,41.6978398,1.217206823,1.721058361,0.178446932,0.418962179
862,282480,0.0276,0.9,43.7995555,30.9769378,53.3617188,1.218316446,1.722627302,0.179195189,0.419491379
863,282490,0.0309,0.9,56.77972592,40.15707506,68.3147422,1.203153786,1.701188199,0.168851055,0.41217556
864,282480,0.0349,0.9,75.10016762,53.11408288,88.9567188,1.184507593,1.674823587,0.155767337,0.40292219
865,282480,0.039,0.9,96.93466909,68.55638557,113.866633,1.174673974,1.660919432,0.148699961,0.397923836
866,282490,0.0438,0.9,126.5691344,89.51515969,146.94775,1.161007782,1.641596245,0.13867933,0.390836813
867,282480,0.0493,0.9,166.089574,117.4657218,188.297062,1.133707899,1.602995828,0.11793858,0.376168058
868,282490,0.0547,0.9,210.9037728,149.1602592,240.378859,1.139756088,1.611547609,0.122619295,0.379478462
869,282490,0.0616,0.9,277.0954968,195.9739059,312.124094,1.126413448,1.592681906,0.112226508,0.372128235
870,282480,0.0696,0.9,366.8160597,259.428164,409.709094,1.11693336,1.579277622,0.104691438,0.366799108
871,282480,0.0782,0.9,479.4079856,339.058038,533.7455,1.113342948,1.574200993,0.101804164,0.364757102
872,282490,0.0877,0.9,623.9316939,441.2714479,692.027812,1.109140341,1.568258756,0.09840084,0.362350125
873,282490,0.0984,0.9,812.8506298,574.8830807,901.452438,1.10900134,1.568062217,0.098287835,0.362270203
874,316470,0.011,0.9,6.305403764,4.459453937,9.47304,1.502368501,2.124260085,0.334384341,0.529247851
875,316460,0.0123,0.9,8.150002965,5.764034179,12.1820596,1.494730695,2.113460681,0.330983164,0.526842392
876,316470,0.0139,0.9,10.79463741,7.634433903,15.6884902,1.453359627,2.054964441,0.311939054,0.513373575
877,316450,0.0156,0.9,14.07025538,9.951092445,20.1905801,1.434983201,2.028981261,0.30312773,0.507141826
878,316460,0.0175,0.9,18.32349601,12.95916796,25.8464902,1.410565439,1.994455993,0.29106444,0.498610146
879,316470,0.0196,0.9,23.77479739,16.81456379,32.7275,1.37656273,1.946378176,0.273552902,0.48622523
880,316470,0.0221,0.9,31.32630431,22.15531571,42.2430586,1.348485228,1.906678251,0.258427175,0.475527662
881,316460,0.0245,0.9,39.69756634,28.07583386,53.0951914,1.337492353,1.891134976,0.252332174,0.471217014
882,316470,0.0274,0.9,51.33536893,36.3065906,67.7753,1.320245698,1.866749229,0.242565228,0.464309408
883,316460,0.031,0.9,68.16740275,48.21093207,88.0803672,1.292118573,1.82697914,0.226077219,0.452648376
884,316460,0.0346,0.9,87.74233898,62.05517262,112.311391,1.280013643,1.809863485,0.218758327,0.447472139
885,316460,0.0389,0.9,114.8418724,81.22113334,144.0165,1.254041727,1.773140734,0.202578369,0.436028974
886,316460,0.0439,0.9,151.6221925,107.2337646,186.496109,1.230005357,1.739154731,0.186995411,0.425008033
887,316470,0.0486,0.9,191.5475202,135.4706812,233.270781,1.217821984,1.721928161,0.178861924,0.41925568
888,316460,0.0547,0.9,251.3296149,177.7511612,302.970312,1.205470004,1.704463194,0.170448044,0.41330502
889,316450,0.0617,0.9,331.4257108,234.3985803,394.189188,1.189374195,1.681704674,0.159221712,0.405365273
890,316470,0.0693,0.9,432.8546964,306.1335407,512.667344,1.184386697,1.674652646,0.155681162,0.402861243
891,316460,0.0778,0.9,564.6392059,399.3372389,664.291438,1.176488333,1.663484828,0.15001282,0.398852347
892,316460,0.0873,0.9,735.7574439,520.3594492,863.328812,1.173387805,1.659100864,0.147766837,0.397263891
893,354590,0.0107,0.9,7.053429636,4.988490148,12.21279,1.731468325,2.448193669,0.422455505,0.591535583
894,354590,0.0121,0.9,9.356213833,6.617118613,15.74175,1.682491474,2.378943302,0.405643348,0.579645299
895,354590,0.0137,0.9,12.44589095,8.802271748,20.3169395,1.632421462,2.308147269,0.387413102,0.566752082
896,354600,0.0153,0.9,16.04229972,11.34580739,25.8205508,1.60952926,2.275779053,0.378700329,0.560590032
897,354590,0.0171,0.9,20.71268663,14.64890677,32.6393594,1.575814861,2.22810889,0.365407685,0.551188901
898,354590,0.0193,0.9,27.3530197,19.34523719,41.6204688,1.521604169,2.15145818,0.342798856,0.53519896
899,354600,0.0215,0.9,35.05436473,24.79196109,52.7655391,1.505248762,2.128332604,0.335657982,0.530148625
900,354590,0.024,0.9,45.13254026,31.91968221,66.8206875,1.480543464,2.093400776,0.324572345,0.522308384
901,354590,0.0271,0.9,59.66380156,42.19681795,86.2234922,1.445155856,2.043364794,0.308033112,0.510611124
902,354590,0.0303,0.9,77.10582115,54.5325677,109.381461,1.418588887,2.005800673,0.295074134,0.501445974
903,354590,0.0341,0.9,101.154493,71.54082733,140.088516,1.384896625,1.958161811,0.277924445,0.489316973
904,354590,0.0383,0.9,132.0961873,93.42413024,179.962797,1.362361781,1.926298875,0.265980583,0.480869759
905,354600,0.0425,0.9,167.7805986,118.6616875,226.828984,1.351938102,1.91156041,0.260321165,0.476867174
906,354600,0.048,0.9,221.9113207,156.9452726,292.497156,1.318081273,1.863688859,0.241321441,0.463429748
907,354590,0.054,0.9,290.8658266,205.7128781,379.727156,1.305506255,1.845908528,0.234013628,0.458261347
908,354580,0.0607,0.9,380.5259776,269.1244102,489.737062,1.287000339,1.819742258,0.222999427,0.450471628
909,354590,0.0682,0.9,497.3429238,351.742401,633.155438,1.273076197,1.800054347,0.214501062,0.444461218
910,354590,0.0765,0.9,647.526423,457.9586596,819.335062,1.2653307,1.789102673,0.20969277,0.441060586
911,396810,0.0112,0.9,9.320143792,6.591608321,16.2449199,1.742990265,2.46448501,0.42627333,0.594235714
912,396800,0.0126,0.9,12.21624872,8.63985884,20.9410703,1.714198096,2.423774588,0.416636851,0.587420379
913,396800,0.0142,0.9,16.07786523,11.37096085,26.7680605,1.664901411,2.354071996,0.399363834,0.575204156
914,396800,0.0158,0.9,20.54797088,14.53241269,33.4517188,1.627981614,2.301869587,0.385742448,0.565570524
915,396810,0.0178,0.9,27.02218654,19.11125768,42.9997891,1.591277191,2.249971709,0.371573975,0.555549967
916,396800,0.0198,0.9,34.51121539,24.40782242,53.6392617,1.554255945,2.197625859,0.356605324,0.54496349
917,396810,0.0222,0.9,44.88940115,31.74772373,68.4164609,1.524111687,2.155003662,0.343880105,0.535963666
918,396800,0.025,0.9,58.97357214,41.70865789,88.6120703,1.502572544,2.12454859,0.334474729,0.529311777
919,396800,0.028,0.9,76.51467324,54.11448237,112.476258,1.469995927,2.078487183,0.319726006,0.518880844
920,396800,0.0315,0.9,100.294446,70.93256495,143.931297,1.435087413,2.029128611,0.303178335,0.507177616
921,396800,0.0354,0.9,131.1452404,92.75157949,184.522547,1.407009103,1.989427544,0.289272544,0.49734284
922,396800,0.0392,0.9,165.7678379,117.2381762,231.451562,1.396239252,1.974199612,0.283790368,0.493465608
923,396810,0.0442,0.9,218.4286056,154.482146,296.985219,1.359644348,1.922456586,0.264513546,0.479832207
924,396800,0.0499,0.9,288.6226845,204.1264311,386.90275,1.340514002,1.89540741,0.25401749,0.472408942
925,396810,0.056,0.9,376.2117849,266.0732267,499.457812,1.327597465,1.877144191,0.246759634,0.467275873
926,396800,0.0628,0.9,489.5248795,346.2131423,642.843938,1.313199727,1.856786642,0.238501212,0.46143516
927,396800,0.0706,0.9,640.6199635,453.0741131,833.695875,1.301389158,1.840087197,0.23159034,0.456547493
928,446410,0.0107,0.9,10.06569729,7.118895966,20.5209707,2.038703342,2.882605786,0.509492146,0.653091656
929,446410,0.012,0.9,13.0997359,9.264699141,26.0878301,1.991477561,2.81583133,0.497860272,0.644865092
930,446400,0.0134,0.9,16.879537,11.93793776,32.5830098,1.930326039,2.729366701,0.4819528,0.63361464
931,446410,0.0151,0.9,22.21064556,15.70832805,41.6089609,1.873379177,2.648847208,0.466205234,0.622477281
932,446410,0.0168,0.9,28.3803721,20.07182519,51.8784219,1.827968348,2.584638986,0.452944576,0.613098771
933,446410,0.0188,0.9,36.74992768,25.99113646,64.9446289,1.767204264,2.49872217,0.434134457,0.599795443
934,446400,0.0213,0.9,48.95823295,34.62537735,86.1196484,1.759043234,2.487182956,0.43150914,0.597938705
935,446420,0.0238,0.9,63.1826598,44.68550652,109.058883,1.726088825,2.440587374,0.420655539,0.590262569
936,446410,0.0267,0.9,82.284107,58.19487516,138.677891,1.685354512,2.382991468,0.406653026,0.580359387
937,446400,0.0301,0.9,108.3695413,76.6436212,175.853703,1.622722592,2.294433643,0.383751724,0.564162597
938,446400,0.0334,0.9,137.6310351,97.33861373,220.552359,1.602490011,2.265825971,0.375971149,0.558659839
939,446400,0.0377,0.9,181.7869138,128.5675587,281.014531,1.545845766,2.185734363,0.353104933,0.542487863
940,446410,0.0424,0.9,238.1308471,168.4164223,357.936469,1.503108368,2.125306215,0.334711973,0.529479567
941,446410,0.0478,0.9,313.6444402,221.8228976,474.068469,1.511483732,2.137148483,0.338398437,0.532086793
942,446410,0.0535,0.9,406.3063864,287.357429,606.392625,1.492451621,2.110238204,0.32996153,0.526119849
943,446410,0.06,0.9,528.7767158,373.9737367,779.933812,1.474977602,2.085530976,0.322023603,0.520505803
