Frequency,Flux_Density,Power_Loss,Duty_1,Duty_2,Duty_3,Duty_4,Outlier_Factor
50000.0,0.0715,25526.8691,0.6,0.0,0.4,0.0,-3.21
50000.0,0.0716,25650.7305,0.6,0.0,0.4,0.0,0.12
50000.0,0.0951,50492.5312,0.6,0.0,0.4,0.0,-2.87
50000.0,0.1045,62861.9297,0.6,0.0,0.4,0.0,0.17
50000.0,0.1183,84654.1719,0.6,0.0,0.4,0.0,-0.43
50000.0,0.1327,111539.547,0.6,0.0,0.4,0.0,-0.94
50000.0,0.15,147772.828,0.6,0.0,0.4,0.0,0.24
50000.0,0.1655,187270.625,0.6,0.0,0.4,0.0,-0.69
50000.0,0.187,249391.062,0.6,0.0,0.4,0.0,-1.55
50000.0,0.208,312781.438,0.6,0.0,0.4,0.0,0.8
50000.0,0.2339,412064.688,0.6,0.0,0.4,0.0,-0.61
50000.0,0.2625,537232.125,0.6,0.0,0.4,0.0,-0.43
50000.0,0.2939,695278.188,0.6,0.0,0.4,0.0,-2.05
60000.0,0.0598,21297.4,0.6,0.0,0.4,0.0,0.53
60000.0,0.0595,21298.6,0.6,0.0,0.4,0.0,-1.08
60000.0,0.0849,49127.3594,0.6,0.0,0.4,0.0,-1.19
60000.0,0.0947,62547.5117,0.6,0.0,0.4,0.0,0.55
60000.0,0.1053,80389.9375,0.6,0.0,0.4,0.0,-0.71
60000.0,0.1182,104419.242,0.6,0.0,0.4,0.0,0.43
60000.0,0.1325,136537.953,0.6,0.0,0.4,0.0,0.21
60000.0,0.1479,177123.375,0.6,0.0,0.4,0.0,-0.08
60000.0,0.1667,234073.406,0.6,0.0,0.4,0.0,0.12
60000.0,0.1876,308365.969,0.6,0.0,0.4,0.0,-0.82
60000.0,0.2087,387385.281,0.6,0.0,0.4,0.0,0.72
60000.0,0.2349,508132.5,0.6,0.0,0.4,0.0,0.39
60000.0,0.2627,661216.938,0.6,0.0,0.4,0.0,-0.1
60000.0,0.2938,857183.688,0.6,0.0,0.4,0.0,-0.09
70000.0,0.051,17432.5508,0.6,0.0,0.4,0.0,-0.58
70000.0,0.0553,20996.7695,0.6,0.0,0.4,0.0,0.47
70000.0,0.0671,33857.9609,0.6,0.0,0.4,0.0,-1.1
70000.0,0.0746,43211.4688,0.6,0.0,0.4,0.0,0.28
70000.0,0.0845,57910.8,0.6,0.0,0.4,0.0,-0.27
70000.0,0.0948,75048.7422,0.6,0.0,0.4,0.0,-0.09
70000.0,0.1057,96123.7891,0.6,0.0,0.4,0.0,0.57
70000.0,0.1181,125613.391,0.6,0.0,0.4,0.0,-0.22
70000.0,0.1327,165475.141,0.6,0.0,0.4,0.0,-0.38
70000.0,0.1486,215089.453,0.6,0.0,0.4,0.0,0.13
70000.0,0.1672,284473.062,0.6,0.0,0.4,0.0,-0.53
70000.0,0.1868,365671.219,0.6,0.0,0.4,0.0,-0.49
70000.0,0.2099,469093.375,0.6,0.0,0.4,0.0,1.0
70000.0,0.2346,609936.688,0.6,0.0,0.4,0.0,-0.37
70000.0,0.2624,787883.562,0.6,0.0,0.4,0.0,0.07
70000.0,0.2952,1033713.25,0.6,0.0,0.4,0.0,0.55
80000.0,0.0447,14585.75,0.6,0.0,0.4,0.0,-0.28
80000.0,0.0536,22718.9,0.6,0.0,0.4,0.0,-0.19
80000.0,0.0594,29366.0098,0.6,0.0,0.4,0.0,-1.3
80000.0,0.0666,37834.9805,0.6,0.0,0.4,0.0,1.88
80000.0,0.0755,52373.2109,0.6,0.0,0.4,0.0,-1.32
80000.0,0.0848,68274.0078,0.6,0.0,0.4,0.0,-0.87
80000.0,0.0952,87515.8828,0.6,0.0,0.4,0.0,1.26
80000.0,0.1054,111987.492,0.6,0.0,0.4,0.0,-0.08
80000.0,0.1183,146958.781,0.6,0.0,0.4,0.0,0.19
80000.0,0.133,193156.516,0.6,0.0,0.4,0.0,0.79
80000.0,0.1492,255948.234,0.6,0.0,0.4,0.0,-0.9
80000.0,0.1672,330542.594,0.6,0.0,0.4,0.0,0.53
80000.0,0.1878,435114.844,0.6,0.0,0.4,0.0,-0.9
80000.0,0.2098,550875.625,0.6,0.0,0.4,0.0,0.6
80000.0,0.2351,715894.875,0.6,0.0,0.4,0.0,0.23
80000.0,0.2639,933593.875,0.6,0.0,0.4,0.0,0.56
80000.0,0.2952,1216159.88,0.6,0.0,0.4,0.0,0.39
90000.0,0.0397,12462.1201,0.6,0.0,0.4,0.0,-2.19
90000.0,0.0476,19411.3809,0.6,0.0,0.4,0.0,-0.74
90000.0,0.0539,26014.8496,0.6,0.0,0.4,0.0,0.01
90000.0,0.0591,32544.7305,0.6,0.0,0.4,0.0,0.64
90000.0,0.0672,45461.6,0.6,0.0,0.4,0.0,-1.83
90000.0,0.0753,58916.5781,0.6,0.0,0.4,0.0,-0.22
90000.0,0.0842,75991.7578,0.6,0.0,0.4,0.0,0.56
90000.0,0.0948,100646.203,0.6,0.0,0.4,0.0,-0.33
90000.0,0.1058,130527.742,0.6,0.0,0.4,0.0,-0.45
90000.0,0.1182,169137.375,0.6,0.0,0.4,0.0,-0.01
90000.0,0.1326,224768.516,0.6,0.0,0.4,0.0,-1.81
90000.0,0.1484,286956.625,0.6,0.0,0.4,0.0,0.76
90000.0,0.1673,381095.812,0.6,0.0,0.4,0.0,0.17
90000.0,0.1866,494843.844,0.6,0.0,0.4,0.0,-0.99
90000.0,0.2096,632532.75,0.6,0.0,0.4,0.0,0.92
90000.0,0.2358,835278.812,0.6,0.0,0.4,0.0,-0.27
90000.0,0.2632,1076278.75,0.6,0.0,0.4,0.0,0.25
90000.0,0.2933,1395055.0,0.6,0.0,0.4,0.0,-0.48
100000.0,0.0358,10433.9805,0.6,0.0,0.4,0.0,2.08
100000.0,0.0429,16503.8203,0.6,0.0,0.4,0.0,1.34
100000.0,0.0475,21546.4805,0.6,0.0,0.4,0.0,-0.66
100000.0,0.0533,28035.0508,0.6,0.0,0.4,0.0,1.61
100000.0,0.0605,39150.1914,0.6,0.0,0.4,0.0,-1.13
100000.0,0.0679,51497.8711,0.6,0.0,0.4,0.0,-0.07
100000.0,0.0754,66061.4609,0.6,0.0,0.4,0.0,0.06
100000.0,0.0842,86363.9219,0.6,0.0,0.4,0.0,-0.86
100000.0,0.0949,112939.539,0.6,0.0,0.4,0.0,0.88
100000.0,0.1061,148132.438,0.6,0.0,0.4,0.0,-0.23
100000.0,0.118,190457.938,0.6,0.0,0.4,0.0,0.09
100000.0,0.1331,252239.469,0.6,0.0,0.4,0.0,0.33
100000.0,0.1497,331967.156,0.6,0.0,0.4,0.0,0.4
100000.0,0.1669,431356.469,0.6,0.0,0.4,0.0,-0.33
100000.0,0.187,562287.062,0.6,0.0,0.4,0.0,-0.56
100000.0,0.21,723247.438,0.6,0.0,0.4,0.0,0.62
100000.0,0.2353,942082.688,0.6,0.0,0.4,0.0,0.55
100000.0,0.2621,1223510.5,0.6,0.0,0.4,0.0,-0.49
100000.0,0.2947,1599514.5,0.6,0.0,0.4,0.0,0.28
110000.0,0.0325,9249.01,0.6,0.0,0.4,0.0,-1.4
110000.0,0.0379,13378.6504,0.6,0.0,0.4,0.0,0.56
110000.0,0.0422,17756.8105,0.6,0.0,0.4,0.0,-1.0
110000.0,0.0476,23931.0898,0.6,0.0,0.4,0.0,-0.42
110000.0,0.0538,32112.0605,0.6,0.0,0.4,0.0,0.06
110000.0,0.0603,42460.1406,0.6,0.0,0.4,0.0,0.41
110000.0,0.0669,54699.4492,0.6,0.0,0.4,0.0,0.61
110000.0,0.0753,72800.9531,0.6,0.0,0.4,0.0,0.63
110000.0,0.0846,96993.1719,0.6,0.0,0.4,0.0,-0.16
110000.0,0.0948,126074.148,0.6,0.0,0.4,0.0,0.43
110000.0,0.1059,164070.484,0.6,0.0,0.4,0.0,0.55
110000.0,0.1191,217398.312,0.6,0.0,0.4,0.0,0.22
110000.0,0.1337,284999.125,0.6,0.0,0.4,0.0,0.52
110000.0,0.1494,371158.812,0.6,0.0,0.4,0.0,0.24
110000.0,0.1674,487273.812,0.6,0.0,0.4,0.0,-0.08
110000.0,0.1878,636742.438,0.6,0.0,0.4,0.0,-0.24
110000.0,0.2106,815806.5,0.6,0.0,0.4,0.0,1.34
110000.0,0.2335,1051880.25,0.6,0.0,0.4,0.0,-0.56
110000.0,0.2634,1388935.12,0.6,0.0,0.4,0.0,0.0
110000.0,0.2941,1795000.0,0.6,0.0,0.4,0.0,0.03
120000.0,0.0298,8144.26,0.6,0.0,0.4,0.0,-1.41
120000.0,0.0338,11161.0898,0.6,0.0,0.4,0.0,-0.77
120000.0,0.0378,14535.0,0.6,0.0,0.4,0.0,-0.09
120000.0,0.0425,19559.4902,0.6,0.0,0.4,0.0,0.23
120000.0,0.0474,25862.1406,0.6,0.0,0.4,0.0,0.17
120000.0,0.0534,34894.0312,0.6,0.0,0.4,0.0,-0.68
120000.0,0.0603,46523.1914,0.6,0.0,0.4,0.0,1.03
120000.0,0.0672,61621.2891,0.6,0.0,0.4,0.0,-0.65
120000.0,0.0749,79981.9375,0.6,0.0,0.4,0.0,-0.33
120000.0,0.0849,108488.953,0.6,0.0,0.4,0.0,-0.41
120000.0,0.0948,140111.047,0.6,0.0,0.4,0.0,0.59
120000.0,0.1061,184437.438,0.6,0.0,0.4,0.0,-0.22
120000.0,0.1193,243661.625,0.6,0.0,0.4,0.0,-0.36
120000.0,0.1335,317992.031,0.6,0.0,0.4,0.0,-0.27
120000.0,0.149,412325.656,0.6,0.0,0.4,0.0,-0.34
120000.0,0.1676,542371.188,0.6,0.0,0.4,0.0,0.17
120000.0,0.1884,716123.812,0.6,0.0,0.4,0.0,-0.17
120000.0,0.209,905697.312,0.6,0.0,0.4,0.0,-0.1
120000.0,0.2348,1186401.88,0.6,0.0,0.4,0.0,-0.23
120000.0,0.263,1541718.88,0.6,0.0,0.4,0.0,0.09
120000.0,0.2943,2002459.0,0.6,0.0,0.4,0.0,0.14
130000.0,0.0275,7069.65,0.6,0.0,0.4,0.0,0.53
130000.0,0.034,12293.9297,0.6,0.0,0.4,0.0,-1.16
130000.0,0.0383,15805.8398,0.6,0.0,0.4,0.0,3.14
130000.0,0.0431,22252.3301,0.6,0.0,0.4,0.0,-1.96
130000.0,0.0475,28329.4707,0.6,0.0,0.4,0.0,-0.77
130000.0,0.0539,39019.6484,0.6,0.0,0.4,0.0,-0.74
130000.0,0.0604,51219.6914,0.6,0.0,0.4,0.0,0.22
130000.0,0.0675,68249.7266,0.6,0.0,0.4,0.0,-0.91
130000.0,0.0757,89674.0703,0.6,0.0,0.4,0.0,0.1
130000.0,0.0848,117878.258,0.6,0.0,0.4,0.0,0.45
130000.0,0.0948,156325.891,0.6,0.0,0.4,0.0,-1.17
130000.0,0.1064,205413.328,0.6,0.0,0.4,0.0,-0.64
130000.0,0.1192,267330.781,0.6,0.0,0.4,0.0,0.08
130000.0,0.1334,349783.75,0.6,0.0,0.4,0.0,-0.15
130000.0,0.1496,457975.094,0.6,0.0,0.4,0.0,0.01
130000.0,0.1683,604754.75,0.6,0.0,0.4,0.0,0.36
130000.0,0.1863,780358.438,0.6,0.0,0.4,0.0,-1.46
130000.0,0.2092,999654.5,0.6,0.0,0.4,0.0,0.4
130000.0,0.2351,1313909.62,0.6,0.0,0.4,0.0,-0.03
130000.0,0.2629,1703134.12,0.6,0.0,0.4,0.0,0.22
130000.0,0.295,2232207.5,0.6,0.0,0.4,0.0,0.0
140000.0,0.0256,6264.35,0.6,0.0,0.4,0.0,-0.43
140000.0,0.0307,10270.9502,0.6,0.0,0.4,0.0,-1.31
140000.0,0.034,13377.9404,0.6,0.0,0.4,0.0,-2.21
140000.0,0.0382,17090.6406,0.6,0.0,0.4,0.0,1.49
140000.0,0.0424,22430.3906,0.6,0.0,0.4,0.0,0.84
140000.0,0.0479,30920.8105,0.6,0.0,0.4,0.0,0.62
140000.0,0.0535,41109.4297,0.6,0.0,0.4,0.0,0.24
140000.0,0.0601,55288.8398,0.6,0.0,0.4,0.0,-0.45
140000.0,0.0678,74545.1328,0.6,0.0,0.4,0.0,-0.02
140000.0,0.0754,96534.4922,0.6,0.0,0.4,0.0,0.54
140000.0,0.0845,127931.312,0.6,0.0,0.4,0.0,0.19
140000.0,0.0948,168809.25,0.6,0.0,0.4,0.0,0.44
140000.0,0.1065,223237.203,0.6,0.0,0.4,0.0,0.31
140000.0,0.1193,292470.656,0.6,0.0,0.4,0.0,0.2
140000.0,0.1335,382600.031,0.6,0.0,0.4,0.0,-0.07
140000.0,0.1498,501510.625,0.6,0.0,0.4,0.0,0.45
140000.0,0.1679,659665.0,0.6,0.0,0.4,0.0,0.44
140000.0,0.1866,858058.25,0.6,0.0,0.4,0.0,-1.08
140000.0,0.2097,1095440.0,0.6,0.0,0.4,0.0,1.23
140000.0,0.2346,1430510.12,0.6,0.0,0.4,0.0,0.31
140000.0,0.2627,1872539.38,0.6,0.0,0.4,0.0,-0.14
140000.0,0.2951,2455783.5,0.6,0.0,0.4,0.0,0.05
150000.0,0.0239,5553.1,0.6,0.0,0.4,0.0,0.79
150000.0,0.0271,7833.0,0.6,0.0,0.4,0.0,-0.02
150000.0,0.0303,10424.1699,0.6,0.0,0.4,0.0,0.69
150000.0,0.034,13968.7305,0.6,0.0,0.4,0.0,1.23
150000.0,0.0381,18239.3301,0.6,0.0,0.4,0.0,1.83
150000.0,0.0428,24987.3398,0.6,0.0,0.4,0.0,-0.41
150000.0,0.0479,33274.4492,0.6,0.0,0.4,0.0,0.35
150000.0,0.0539,44920.6094,0.6,0.0,0.4,0.0,0.5
150000.0,0.06,59138.0508,0.6,0.0,0.4,0.0,0.23
150000.0,0.0672,78558.7422,0.6,0.0,0.4,0.0,0.34
150000.0,0.076,107002.477,0.6,0.0,0.4,0.0,0.6
150000.0,0.0846,140733.234,0.6,0.0,0.4,0.0,-0.83
150000.0,0.0951,184236.594,0.6,0.0,0.4,0.0,0.75
150000.0,0.1065,243339.547,0.6,0.0,0.4,0.0,-0.02
150000.0,0.1193,318451.312,0.6,0.0,0.4,0.0,0.05
150000.0,0.1338,418225.469,0.6,0.0,0.4,0.0,0.2
150000.0,0.1501,548565.5,0.6,0.0,0.4,0.0,0.74
150000.0,0.1665,710158.438,0.6,0.0,0.4,0.0,-0.34
150000.0,0.1874,941673.062,0.6,0.0,0.4,0.0,-0.62
150000.0,0.2101,1204832.75,0.6,0.0,0.4,0.0,0.76
150000.0,0.2352,1584108.12,0.6,0.0,0.4,0.0,-0.71
150000.0,0.2633,2052328.38,0.6,0.0,0.4,0.0,0.06
150000.0,0.2956,2695242.0,0.6,0.0,0.4,0.0,-0.08
160000.0,0.0224,5020.56,0.6,0.0,0.4,0.0,-0.32
160000.0,0.0269,8257.12,0.6,0.0,0.4,0.0,-0.32
160000.0,0.0304,11283.4697,0.6,0.0,0.4,0.0,0.54
160000.0,0.0342,15279.0303,0.6,0.0,0.4,0.0,0.2
160000.0,0.0379,19512.5508,0.6,0.0,0.4,0.0,0.91
160000.0,0.0432,27266.5195,0.6,0.0,0.4,0.0,0.71
160000.0,0.0482,36291.0898,0.6,0.0,0.4,0.0,0.69
160000.0,0.0534,47110.6484,0.6,0.0,0.4,0.0,0.61
160000.0,0.0601,63761.5898,0.6,0.0,0.4,0.0,0.79
160000.0,0.0675,85654.8516,0.6,0.0,0.4,0.0,0.76
160000.0,0.0754,115401.883,0.6,0.0,0.4,0.0,-1.49
160000.0,0.0845,151790.766,0.6,0.0,0.4,0.0,-0.44
160000.0,0.0951,200640.094,0.6,0.0,0.4,0.0,0.18
160000.0,0.1064,263536.906,0.6,0.0,0.4,0.0,-0.17
160000.0,0.1193,343828.656,0.6,0.0,0.4,0.0,0.51
160000.0,0.1338,452209.281,0.6,0.0,0.4,0.0,0.51
160000.0,0.1495,592295.875,0.6,0.0,0.4,0.0,0.49
160000.0,0.1669,775205.25,0.6,0.0,0.4,0.0,0.04
160000.0,0.1874,1016926.0,0.6,0.0,0.4,0.0,0.0
160000.0,0.2094,1300106.38,0.6,0.0,0.4,0.0,0.72
160000.0,0.2348,1700889.62,0.6,0.0,0.4,0.0,0.4
160000.0,0.2636,2229608.5,0.6,0.0,0.4,0.0,0.41
160000.0,0.2947,2904071.25,0.6,0.0,0.4,0.0,0.16
170000.0,0.0211,4545.82,0.6,0.0,0.4,0.0,1.49
170000.0,0.0246,6867.6,0.6,0.0,0.4,0.0,1.29
170000.0,0.0274,9326.62,0.6,0.0,0.4,0.0,-1.29
170000.0,0.0305,11923.0596,0.6,0.0,0.4,0.0,2.32
170000.0,0.0343,16854.8809,0.6,0.0,0.4,0.0,-2.14
170000.0,0.0385,22070.4902,0.6,0.0,0.4,0.0,0.25
170000.0,0.0426,28234.2793,0.6,0.0,0.4,0.0,1.18
170000.0,0.0483,39518.5312,0.6,0.0,0.4,0.0,-0.54
170000.0,0.0538,51817.2812,0.6,0.0,0.4,0.0,0.12
170000.0,0.0601,68860.9531,0.6,0.0,0.4,0.0,0.0
170000.0,0.0678,93811.2422,0.6,0.0,0.4,0.0,0.43
170000.0,0.0756,123696.781,0.6,0.0,0.4,0.0,0.36
170000.0,0.085,164060.672,0.6,0.0,0.4,0.0,0.85
170000.0,0.0948,214535.0,0.6,0.0,0.4,0.0,0.56
170000.0,0.1063,284095.094,0.6,0.0,0.4,0.0,-0.09
170000.0,0.1195,374440.219,0.6,0.0,0.4,0.0,0.24
170000.0,0.1341,491620.5,0.6,0.0,0.4,0.0,0.8
170000.0,0.1487,641342.062,0.6,0.0,0.4,0.0,-1.01
170000.0,0.1674,847582.562,0.6,0.0,0.4,0.0,-0.23
170000.0,0.1877,1108067.12,0.6,0.0,0.4,0.0,-0.29
170000.0,0.2093,1414606.62,0.6,0.0,0.4,0.0,0.1
170000.0,0.2353,1856215.88,0.6,0.0,0.4,0.0,0.02
170000.0,0.2636,2413095.0,0.6,0.0,0.4,0.0,0.52
170000.0,0.2949,3146685.5,0.6,0.0,0.4,0.0,0.32
180000.0,0.0199,4272.03,0.6,0.0,0.4,0.0,-1.59
180000.0,0.0246,7457.61,0.6,0.0,0.4,0.0,-1.31
180000.0,0.0271,9594.25,0.6,0.0,0.4,0.0,-0.95
180000.0,0.0304,12883.0801,0.6,0.0,0.4,0.0,0.19
180000.0,0.0343,18024.1309,0.6,0.0,0.4,0.0,-2.25
180000.0,0.0384,23726.7598,0.6,0.0,0.4,0.0,-1.09
180000.0,0.0429,31030.1699,0.6,0.0,0.4,0.0,0.09
180000.0,0.048,42028.5391,0.6,0.0,0.4,0.0,-1.24
180000.0,0.0537,55781.8086,0.6,0.0,0.4,0.0,-0.62
180000.0,0.0603,74791.8125,0.6,0.0,0.4,0.0,0.07
180000.0,0.0672,99716.9609,0.6,0.0,0.4,0.0,-0.76
180000.0,0.0759,134908.75,0.6,0.0,0.4,0.0,-0.39
180000.0,0.085,179047.297,0.6,0.0,0.4,0.0,-0.59
180000.0,0.0947,232477.734,0.6,0.0,0.4,0.0,-0.55
180000.0,0.1064,308081.906,0.6,0.0,0.4,0.0,-0.83
180000.0,0.1195,403571.0,0.6,0.0,0.4,0.0,0.21
180000.0,0.1337,530303.125,0.6,0.0,0.4,0.0,0.14
180000.0,0.1488,690639.438,0.6,0.0,0.4,0.0,-0.46
180000.0,0.1668,903976.562,0.6,0.0,0.4,0.0,0.18
180000.0,0.1871,1193805.38,0.6,0.0,0.4,0.0,-1.01
180000.0,0.2096,1525175.88,0.6,0.0,0.4,0.0,0.41
180000.0,0.235,2000120.75,0.6,0.0,0.4,0.0,-0.18
180000.0,0.2627,2610806.0,0.6,0.0,0.4,0.0,-0.73
180000.0,0.2943,3385673.5,0.6,0.0,0.4,0.0,0.02
190000.0,0.0189,3907.23,0.6,0.0,0.4,0.0,2.15
190000.0,0.0214,5471.93,0.6,0.0,0.4,0.0,1.11
190000.0,0.0246,7911.53,0.6,0.0,0.4,0.0,-0.71
190000.0,0.0269,9712.89,0.6,0.0,0.4,0.0,3.29
190000.0,0.0307,14237.0098,0.6,0.0,0.4,0.0,-0.69
190000.0,0.0341,18329.5898,0.6,0.0,0.4,0.0,2.08
190000.0,0.0383,24803.5098,0.6,0.0,0.4,0.0,0.73
190000.0,0.0432,33832.6719,0.6,0.0,0.4,0.0,0.16
190000.0,0.0481,44375.6797,0.6,0.0,0.4,0.0,1.15
190000.0,0.0538,59280.7812,0.6,0.0,0.4,0.0,1.05
190000.0,0.0604,80156.3203,0.6,0.0,0.4,0.0,0.7
190000.0,0.0675,107239.133,0.6,0.0,0.4,0.0,0.06
190000.0,0.0758,142957.625,0.6,0.0,0.4,0.0,0.61
190000.0,0.085,191058.984,0.6,0.0,0.4,0.0,0.01
190000.0,0.095,250351.484,0.6,0.0,0.4,0.0,-0.05
190000.0,0.1067,328740.0,0.6,0.0,0.4,0.0,0.8
190000.0,0.1198,435498.688,0.6,0.0,0.4,0.0,0.71
190000.0,0.1329,567707.0,0.6,0.0,0.4,0.0,-0.82
190000.0,0.1495,745311.0,0.6,0.0,0.4,0.0,0.51
190000.0,0.1673,978437.125,0.6,0.0,0.4,0.0,0.17
190000.0,0.1871,1275181.38,0.6,0.0,0.4,0.0,-0.19
190000.0,0.2103,1646246.75,0.6,0.0,0.4,0.0,0.78
190000.0,0.2357,2159350.0,0.6,0.0,0.4,0.0,0.07
190000.0,0.2633,2800912.25,0.6,0.0,0.4,0.0,0.15
190000.0,0.2948,3666933.25,0.6,0.0,0.4,0.0,-0.4
200000.0,0.0179,3721.73,0.6,0.0,0.4,0.0,0.14
200000.0,0.0215,5969.92,0.6,0.0,0.4,0.0,0.22
200000.0,0.0244,8179.53,0.6,0.0,0.4,0.0,0.65
200000.0,0.0274,11002.8604,0.6,0.0,0.4,0.0,1.26
200000.0,0.0303,14453.4404,0.6,0.0,0.4,0.0,0.47
200000.0,0.0339,19589.1406,0.6,0.0,0.4,0.0,-0.24
200000.0,0.038,25507.0,0.6,0.0,0.4,0.0,2.89
200000.0,0.0428,35051.0703,0.6,0.0,0.4,0.0,0.71
200000.0,0.0481,47409.8,0.6,0.0,0.4,0.0,0.89
200000.0,0.0541,64166.8,0.6,0.0,0.4,0.0,1.47
200000.0,0.0603,85315.4,0.6,0.0,0.4,0.0,1.23
200000.0,0.0676,115744.062,0.6,0.0,0.4,0.0,-0.17
200000.0,0.0761,154817.422,0.6,0.0,0.4,0.0,0.7
200000.0,0.0847,202573.438,0.6,0.0,0.4,0.0,0.33
200000.0,0.0948,265235.531,0.6,0.0,0.4,0.0,0.74
200000.0,0.1066,350834.156,0.6,0.0,0.4,0.0,1.16
200000.0,0.1191,460190.938,0.6,0.0,0.4,0.0,1.07
200000.0,0.1329,603663.812,0.6,0.0,0.4,0.0,0.41
200000.0,0.1494,798103.375,0.6,0.0,0.4,0.0,0.52
200000.0,0.167,1044087.38,0.6,0.0,0.4,0.0,0.27
200000.0,0.1873,1363291.25,0.6,0.0,0.4,0.0,0.39
200000.0,0.2099,1753015.75,0.6,0.0,0.4,0.0,1.13
200000.0,0.2348,2292401.75,0.6,0.0,0.4,0.0,0.14
200000.0,0.2631,2994849.5,0.6,0.0,0.4,0.0,0.21
210000.0,0.0171,3549.83,0.6,0.0,0.4,0.0,1.01
210000.0,0.0194,4851.6,0.6,0.0,0.4,0.0,1.55
210000.0,0.0217,6529.95,0.6,0.0,0.4,0.0,-0.1
210000.0,0.0244,8554.33,0.6,0.0,0.4,0.0,3.89
210000.0,0.0272,11691.7695,0.6,0.0,0.4,0.0,0.53
210000.0,0.0306,15890.8096,0.6,0.0,0.4,0.0,1.06
210000.0,0.034,20906.7,0.6,0.0,0.4,0.0,0.85
210000.0,0.0386,28989.3906,0.6,0.0,0.4,0.0,0.26
210000.0,0.043,38235.3203,0.6,0.0,0.4,0.0,0.45
210000.0,0.0481,50920.7188,0.6,0.0,0.4,0.0,1.05
210000.0,0.0538,68442.4375,0.6,0.0,0.4,0.0,0.79
210000.0,0.0604,93673.4766,0.6,0.0,0.4,0.0,-0.87
210000.0,0.068,124867.562,0.6,0.0,0.4,0.0,1.01
210000.0,0.0759,165082.719,0.6,0.0,0.4,0.0,0.45
210000.0,0.0847,217418.125,0.6,0.0,0.4,0.0,0.16
210000.0,0.0951,284634.719,0.6,0.0,0.4,0.0,1.34
210000.0,0.107,380934.312,0.6,0.0,0.4,0.0,0.92
210000.0,0.1188,497108.438,0.6,0.0,0.4,0.0,-0.34
210000.0,0.1335,656034.0,0.6,0.0,0.4,0.0,0.15
210000.0,0.1498,860655.938,0.6,0.0,0.4,0.0,0.62
210000.0,0.1674,1131607.62,0.6,0.0,0.4,0.0,-0.33
210000.0,0.1877,1476286.62,0.6,0.0,0.4,0.0,-0.27
210000.0,0.2103,1892628.62,0.6,0.0,0.4,0.0,0.8
210000.0,0.2352,2453114.0,0.6,0.0,0.4,0.0,0.76
210000.0,0.2643,3230491.0,0.6,0.0,0.4,0.0,0.62
220000.0,0.0163,3372.87,0.6,0.0,0.4,0.0,2.11
220000.0,0.0196,5357.65,0.6,0.0,0.4,0.0,0.86
220000.0,0.0217,7043.13,0.6,0.0,0.4,0.0,-1.01
220000.0,0.0243,9246.97,0.6,0.0,0.4,0.0,1.93
220000.0,0.027,12145.25,0.6,0.0,0.4,0.0,1.23
220000.0,0.0302,16401.3906,0.6,0.0,0.4,0.0,1.16
220000.0,0.0342,22763.6309,0.6,0.0,0.4,0.0,0.43
220000.0,0.0383,30135.6406,0.6,0.0,0.4,0.0,1.14
220000.0,0.0429,40427.8281,0.6,0.0,0.4,0.0,1.04
220000.0,0.048,54655.9102,0.6,0.0,0.4,0.0,0.53
220000.0,0.0539,73566.3438,0.6,0.0,0.4,0.0,0.89
220000.0,0.0603,99091.4,0.6,0.0,0.4,0.0,0.47
220000.0,0.0676,132322.781,0.6,0.0,0.4,0.0,0.42
220000.0,0.0756,175632.406,0.6,0.0,0.4,0.0,0.32
220000.0,0.0849,234076.328,0.6,0.0,0.4,0.0,0.08
220000.0,0.0953,308891.438,0.6,0.0,0.4,0.0,0.38
220000.0,0.1066,405535.812,0.6,0.0,0.4,0.0,0.76
220000.0,0.1186,532208.812,0.6,0.0,0.4,0.0,-0.49
220000.0,0.1333,697379.438,0.6,0.0,0.4,0.0,0.59
220000.0,0.149,913886.938,0.6,0.0,0.4,0.0,0.08
220000.0,0.1671,1199477.38,0.6,0.0,0.4,0.0,0.23
220000.0,0.1872,1572229.5,0.6,0.0,0.4,0.0,-0.41
220000.0,0.2098,2022671.38,0.6,0.0,0.4,0.0,0.31
220000.0,0.235,2632612.5,0.6,0.0,0.4,0.0,0.0
230000.0,0.0156,3267.03,0.6,0.0,0.4,0.0,2.03
230000.0,0.0192,5584.25,0.6,0.0,0.4,0.0,-0.22
230000.0,0.0217,7351.34,0.6,0.0,0.4,0.0,3.24
230000.0,0.0243,10229.4102,0.6,0.0,0.4,0.0,-1.4
230000.0,0.0273,13637.9502,0.6,0.0,0.4,0.0,0.21
230000.0,0.0305,18186.8203,0.6,0.0,0.4,0.0,0.68
230000.0,0.0342,24758.5508,0.6,0.0,0.4,0.0,-1.26
230000.0,0.0381,32278.7793,0.6,0.0,0.4,0.0,0.03
230000.0,0.0428,43531.4219,0.6,0.0,0.4,0.0,-0.02
230000.0,0.0479,58543.3789,0.6,0.0,0.4,0.0,0.04
230000.0,0.0535,79355.8828,0.6,0.0,0.4,0.0,-1.7
230000.0,0.0602,106151.18,0.6,0.0,0.4,0.0,0.1
230000.0,0.0675,142452.266,0.6,0.0,0.4,0.0,-0.51
230000.0,0.0756,189608.297,0.6,0.0,0.4,0.0,-0.61
230000.0,0.0848,250598.797,0.6,0.0,0.4,0.0,-0.27
230000.0,0.0953,331432.031,0.6,0.0,0.4,0.0,0.3
230000.0,0.1056,430794.719,0.6,0.0,0.4,0.0,-0.8
230000.0,0.1188,573767.0,0.6,0.0,0.4,0.0,-0.66
230000.0,0.1331,746655.438,0.6,0.0,0.4,0.0,0.14
230000.0,0.1488,973693.75,0.6,0.0,0.4,0.0,0.06
230000.0,0.1669,1284404.75,0.6,0.0,0.4,0.0,-0.37
230000.0,0.1872,1672291.12,0.6,0.0,0.4,0.0,-0.03
230000.0,0.2093,2161411.75,0.6,0.0,0.4,0.0,-0.5
230000.0,0.2348,2812977.0,0.6,0.0,0.4,0.0,-0.6
240000.0,0.0153,3495.71,0.6,0.0,0.4,0.0,-1.45
240000.0,0.0175,4791.38,0.6,0.0,0.4,0.0,-1.69
240000.0,0.0194,6160.03,0.6,0.0,0.4,0.0,-0.29
240000.0,0.0218,8195.75,0.6,0.0,0.4,0.0,0.44
240000.0,0.0242,10855.6904,0.6,0.0,0.4,0.0,-1.14
240000.0,0.0273,14724.5596,0.6,0.0,0.4,0.0,-0.89
240000.0,0.0309,20519.1309,0.6,0.0,0.4,0.0,-1.27
240000.0,0.0342,26281.0,0.6,0.0,0.4,0.0,-0.22
240000.0,0.0381,34436.8711,0.6,0.0,0.4,0.0,0.19
240000.0,0.0431,47206.4297,0.6,0.0,0.4,0.0,0.43
240000.0,0.048,62813.4219,0.6,0.0,0.4,0.0,0.49
240000.0,0.0538,85993.9219,0.6,0.0,0.4,0.0,-0.89
240000.0,0.0604,114774.031,0.6,0.0,0.4,0.0,-0.08
240000.0,0.0677,152427.719,0.6,0.0,0.4,0.0,-0.05
240000.0,0.0755,201024.953,0.6,0.0,0.4,0.0,-0.12
240000.0,0.0852,270218.562,0.6,0.0,0.4,0.0,0.07
240000.0,0.0955,354593.625,0.6,0.0,0.4,0.0,0.95
240000.0,0.1057,461876.812,0.6,0.0,0.4,0.0,-0.52
240000.0,0.1191,614726.0,0.6,0.0,0.4,0.0,-0.28
240000.0,0.1335,800139.75,0.6,0.0,0.4,0.0,0.39
240000.0,0.1493,1049411.12,0.6,0.0,0.4,0.0,-0.2
240000.0,0.1673,1372414.0,0.6,0.0,0.4,0.0,-0.04
240000.0,0.1878,1796149.25,0.6,0.0,0.4,0.0,-0.17
240000.0,0.2096,2291848.0,0.6,0.0,0.4,0.0,0.27
240000.0,0.2351,2972618.75,0.6,0.0,0.4,0.0,0.77
250000.0,0.0149,3402.81,0.6,0.0,0.4,0.0,2.03
250000.0,0.0172,4881.75,0.6,0.0,0.4,0.0,0.8
250000.0,0.0195,6568.5,0.6,0.0,0.4,0.0,1.27
250000.0,0.0217,8748.24,0.6,0.0,0.4,0.0,-0.69
250000.0,0.0242,11338.5303,0.6,0.0,0.4,0.0,0.71
250000.0,0.0271,15356.2197,0.6,0.0,0.4,0.0,-0.2
250000.0,0.0305,20766.4805,0.6,0.0,0.4,0.0,0.48
250000.0,0.0342,28046.1309,0.6,0.0,0.4,0.0,0.18
250000.0,0.0385,37355.9492,0.6,0.0,0.4,0.0,1.34
250000.0,0.0428,49266.1797,0.6,0.0,0.4,0.0,0.88
250000.0,0.0478,66473.75,0.6,0.0,0.4,0.0,0.24
250000.0,0.0539,91404.1562,0.6,0.0,0.4,0.0,-0.04
250000.0,0.0603,120845.594,0.6,0.0,0.4,0.0,0.68
250000.0,0.0674,160062.062,0.6,0.0,0.4,0.0,0.82
250000.0,0.0758,216250.906,0.6,0.0,0.4,0.0,-0.05
250000.0,0.085,284583.0,0.6,0.0,0.4,0.0,1.11
250000.0,0.095,375796.188,0.6,0.0,0.4,0.0,0.49
250000.0,0.1057,488705.656,0.6,0.0,0.4,0.0,0.27
250000.0,0.1191,648913.375,0.6,0.0,0.4,0.0,0.63
250000.0,0.133,847629.625,0.6,0.0,0.4,0.0,0.18
250000.0,0.1488,1104708.5,0.6,0.0,0.4,0.0,0.27
250000.0,0.1671,1451206.75,0.6,0.0,0.4,0.0,0.36
250000.0,0.1873,1895431.25,0.6,0.0,0.4,0.0,0.03
250000.0,0.2091,2414921.75,0.6,0.0,0.4,0.0,0.62
260000.0,0.015,3770.77,0.6,0.0,0.4,0.0,-0.25
260000.0,0.0175,5457.17,0.6,0.0,0.4,0.0,-0.07
260000.0,0.0192,6783.05,0.6,0.0,0.4,0.0,1.46
260000.0,0.0215,9127.48,0.6,0.0,0.4,0.0,-0.09
260000.0,0.0242,12099.0596,0.6,0.0,0.4,0.0,1.16
260000.0,0.0275,16867.6094,0.6,0.0,0.4,0.0,0.72
260000.0,0.0306,22526.0898,0.6,0.0,0.4,0.0,0.0
260000.0,0.0342,30416.3398,0.6,0.0,0.4,0.0,-1.44
260000.0,0.0384,40113.2812,0.6,0.0,0.4,0.0,-0.28
260000.0,0.0429,53292.7695,0.6,0.0,0.4,0.0,0.4
260000.0,0.0477,71232.3281,0.6,0.0,0.4,0.0,-0.56
260000.0,0.0538,96943.5938,0.6,0.0,0.4,0.0,0.06
260000.0,0.0602,129542.672,0.6,0.0,0.4,0.0,-0.11
260000.0,0.0672,170774.812,0.6,0.0,0.4,0.0,-0.2
260000.0,0.0756,228511.594,0.6,0.0,0.4,0.0,0.02
260000.0,0.085,305398.438,0.6,0.0,0.4,0.0,0.11
260000.0,0.0943,399569.594,0.6,0.0,0.4,0.0,-1.16
260000.0,0.1057,526259.625,0.6,0.0,0.4,0.0,-0.8
260000.0,0.1188,689585.25,0.6,0.0,0.4,0.0,0.17
260000.0,0.1329,905662.0,0.6,0.0,0.4,0.0,-0.51
260000.0,0.1491,1181763.5,0.6,0.0,0.4,0.0,-0.02
260000.0,0.1672,1546490.5,0.6,0.0,0.4,0.0,0.11
260000.0,0.1864,2004238.75,0.6,0.0,0.4,0.0,-0.71
260000.0,0.2088,2554683.5,0.6,0.0,0.4,0.0,0.42
270000.0,0.0137,3249.57,0.6,0.0,0.4,0.0,-0.92
270000.0,0.0155,4436.78,0.6,0.0,0.4,0.0,-1.91
270000.0,0.0173,5812.72,0.6,0.0,0.4,0.0,-3.31
270000.0,0.0194,7525.58,0.6,0.0,0.4,0.0,-1.19
270000.0,0.0215,9860.1,0.6,0.0,0.4,0.0,-1.9
270000.0,0.0242,13050.96,0.6,0.0,0.4,0.0,-0.33
270000.0,0.0273,17629.5195,0.6,0.0,0.4,0.0,1.49
270000.0,0.0303,23309.8203,0.6,0.0,0.4,0.0,0.38
270000.0,0.0342,31809.1406,0.6,0.0,0.4,0.0,0.83
270000.0,0.0382,41337.6797,0.6,0.0,0.4,0.0,2.26
270000.0,0.043,57098.8789,0.6,0.0,0.4,0.0,0.99
270000.0,0.048,76649.0,0.6,0.0,0.4,0.0,0.35
270000.0,0.0539,103473.203,0.6,0.0,0.4,0.0,0.56
270000.0,0.0602,137605.953,0.6,0.0,0.4,0.0,-0.13
270000.0,0.0674,182129.891,0.6,0.0,0.4,0.0,0.03
270000.0,0.0756,242321.625,0.6,0.0,0.4,0.0,0.5
270000.0,0.0848,322756.906,0.6,0.0,0.4,0.0,0.26
270000.0,0.0941,421549.469,0.6,0.0,0.4,0.0,-0.59
270000.0,0.1057,553600.938,0.6,0.0,0.4,0.0,0.28
270000.0,0.1185,728440.812,0.6,0.0,0.4,0.0,0.15
270000.0,0.1327,951911.0,0.6,0.0,0.4,0.0,0.19
270000.0,0.149,1249696.88,0.6,0.0,0.4,0.0,0.2
270000.0,0.1671,1640511.5,0.6,0.0,0.4,0.0,-0.05
270000.0,0.1865,2120719.5,0.6,0.0,0.4,0.0,-0.5
270000.0,0.2084,2693762.5,0.6,0.0,0.4,0.0,0.26
280000.0,0.0137,3381.24,0.6,0.0,0.4,0.0,2.37
280000.0,0.0154,4592.95,0.6,0.0,0.4,0.0,-0.27
280000.0,0.0174,5994.54,0.6,0.0,0.4,0.0,2.81
280000.0,0.0194,7762.77,0.6,0.0,0.4,0.0,2.95
280000.0,0.0217,10462.0303,0.6,0.0,0.4,0.0,0.98
280000.0,0.0243,13922.1602,0.6,0.0,0.4,0.0,0.88
280000.0,0.0273,18863.7695,0.6,0.0,0.4,0.0,0.75
280000.0,0.0306,25385.3398,0.6,0.0,0.4,0.0,0.56
280000.0,0.0344,34717.9219,0.6,0.0,0.4,0.0,-0.48
280000.0,0.0383,44287.75,0.6,0.0,0.4,0.0,2.14
280000.0,0.0428,60380.0508,0.6,0.0,0.4,0.0,0.19
280000.0,0.0482,82532.8672,0.6,0.0,0.4,0.0,0.0
280000.0,0.0539,110131.383,0.6,0.0,0.4,0.0,0.24
280000.0,0.0603,146917.766,0.6,0.0,0.4,0.0,-0.27
280000.0,0.0679,197303.703,0.6,0.0,0.4,0.0,0.07
280000.0,0.076,260280.109,0.6,0.0,0.4,0.0,0.71
280000.0,0.085,343755.938,0.6,0.0,0.4,0.0,0.93
280000.0,0.0947,450455.625,0.6,0.0,0.4,0.0,0.28
280000.0,0.1062,592463.625,0.6,0.0,0.4,0.0,0.54
280000.0,0.1189,781380.875,0.6,0.0,0.4,0.0,-0.27
280000.0,0.1331,1015236.44,0.6,0.0,0.4,0.0,0.26
280000.0,0.1494,1331047.88,0.6,0.0,0.4,0.0,0.24
280000.0,0.1673,1739390.38,0.6,0.0,0.4,0.0,0.06
280000.0,0.1867,2232927.75,0.6,0.0,0.4,0.0,0.44
290000.0,0.0136,3526.01,0.6,0.0,0.4,0.0,1.94
290000.0,0.0152,4731.99,0.6,0.0,0.4,0.0,0.3
290000.0,0.0172,6133.63,0.6,0.0,0.4,0.0,3.62
290000.0,0.0193,8362.59,0.6,0.0,0.4,0.0,-0.41
290000.0,0.0217,10993.71,0.6,0.0,0.4,0.0,2.02
290000.0,0.0242,14639.9,0.6,0.0,0.4,0.0,0.86
290000.0,0.0272,19905.8809,0.6,0.0,0.4,0.0,0.5
290000.0,0.0304,26727.8,0.6,0.0,0.4,0.0,0.48
290000.0,0.0341,35981.0117,0.6,0.0,0.4,0.0,0.14
290000.0,0.0384,48024.6602,0.6,0.0,0.4,0.0,1.48
290000.0,0.0427,64206.5586,0.6,0.0,0.4,0.0,-0.46
290000.0,0.048,87487.6562,0.6,0.0,0.4,0.0,-0.64
290000.0,0.0539,117206.641,0.6,0.0,0.4,0.0,-0.06
290000.0,0.0603,155072.688,0.6,0.0,0.4,0.0,0.16
290000.0,0.0675,205911.344,0.6,0.0,0.4,0.0,0.14
290000.0,0.0759,275659.875,0.6,0.0,0.4,0.0,0.29
290000.0,0.0841,362834.844,0.6,0.0,0.4,0.0,-1.46
290000.0,0.0944,477793.938,0.6,0.0,0.4,0.0,-0.59
290000.0,0.106,626291.688,0.6,0.0,0.4,0.0,0.25
290000.0,0.1185,821881.0,0.6,0.0,0.4,0.0,-0.47
290000.0,0.1329,1076377.5,0.6,0.0,0.4,0.0,-0.4
290000.0,0.149,1402663.12,0.6,0.0,0.4,0.0,-0.01
290000.0,0.1661,1815358.5,0.6,0.0,0.4,0.0,-0.46
290000.0,0.1862,2357804.5,0.6,0.0,0.4,0.0,-0.25
300000.0,0.0124,3046.77,0.6,0.0,0.4,0.0,0.68
300000.0,0.014,4135.37,0.6,0.0,0.4,0.0,-1.61
300000.0,0.0155,5341.39,0.6,0.0,0.4,0.0,-1.69
300000.0,0.0173,7056.39,0.6,0.0,0.4,0.0,-3.01
300000.0,0.0194,8984.17,0.6,0.0,0.4,0.0,0.59
300000.0,0.0218,12296.5,0.6,0.0,0.4,0.0,-2.23
300000.0,0.0242,15901.8604,0.6,0.0,0.4,0.0,-0.79
300000.0,0.0274,21885.2891,0.6,0.0,0.4,0.0,-1.15
300000.0,0.0305,28971.1602,0.6,0.0,0.4,0.0,-1.13
300000.0,0.034,38434.7617,0.6,0.0,0.4,0.0,-1.19
300000.0,0.0384,51809.6,0.6,0.0,0.4,0.0,-0.51
300000.0,0.0429,69885.4,0.6,0.0,0.4,0.0,-1.76
300000.0,0.0483,94370.0781,0.6,0.0,0.4,0.0,-0.9
300000.0,0.0537,123369.023,0.6,0.0,0.4,0.0,-0.58
300000.0,0.0603,164448.125,0.6,0.0,0.4,0.0,-0.09
300000.0,0.0676,218903.703,0.6,0.0,0.4,0.0,-0.11
300000.0,0.076,293308.562,0.6,0.0,0.4,0.0,0.55
300000.0,0.0842,383486.625,0.6,0.0,0.4,0.0,-1.03
300000.0,0.0946,505520.562,0.6,0.0,0.4,0.0,-0.19
300000.0,0.106,664400.562,0.6,0.0,0.4,0.0,-0.3
300000.0,0.1186,867261.562,0.6,0.0,0.4,0.0,-0.15
300000.0,0.1332,1140011.25,0.6,0.0,0.4,0.0,-0.17
300000.0,0.1495,1493206.88,0.6,0.0,0.4,0.0,-0.12
300000.0,0.1667,1929235.5,0.6,0.0,0.4,0.0,-0.34
300000.0,0.1866,2488230.75,0.6,0.0,0.4,0.0,0.46
310000.0,0.0124,3182.92,0.6,0.0,0.4,0.0,2.67
310000.0,0.0139,4291.29,0.6,0.0,0.4,0.0,0.37
310000.0,0.0153,5430.02,0.6,0.0,0.4,0.0,0.37
310000.0,0.0173,7240.49,0.6,0.0,0.4,0.0,0.51
310000.0,0.0192,9253.45,0.6,0.0,0.4,0.0,0.92
310000.0,0.0219,12685.8398,0.6,0.0,0.4,0.0,2.16
310000.0,0.0243,16661.9707,0.6,0.0,0.4,0.0,1.69
310000.0,0.0272,22704.5,0.6,0.0,0.4,0.0,0.02
310000.0,0.0307,30593.3301,0.6,0.0,0.4,0.0,1.02
310000.0,0.0341,40388.3203,0.6,0.0,0.4,0.0,0.81
310000.0,0.0382,53360.0586,0.6,0.0,0.4,0.0,1.81
310000.0,0.0429,73303.0391,0.6,0.0,0.4,0.0,-0.16
310000.0,0.0483,98405.9,0.6,0.0,0.4,0.0,1.09
310000.0,0.0538,129831.523,0.6,0.0,0.4,0.0,0.64
310000.0,0.0604,174111.375,0.6,0.0,0.4,0.0,0.38
310000.0,0.0677,230862.203,0.6,0.0,0.4,0.0,0.9
310000.0,0.0757,307355.031,0.6,0.0,0.4,0.0,0.47
310000.0,0.0842,401940.969,0.6,0.0,0.4,0.0,0.23
310000.0,0.0948,532583.75,0.6,0.0,0.4,0.0,0.78
310000.0,0.1059,697561.5,0.6,0.0,0.4,0.0,0.23
310000.0,0.1189,913512.188,0.6,0.0,0.4,0.0,0.6
310000.0,0.1331,1190191.38,0.6,0.0,0.4,0.0,0.8
310000.0,0.149,1563649.5,0.6,0.0,0.4,0.0,-0.15
310000.0,0.167,2031225.25,0.6,0.0,0.4,0.0,0.28
320000.0,0.0121,3238.24,0.6,0.0,0.4,0.0,2.24
320000.0,0.0138,4493.26,0.6,0.0,0.4,0.0,0.81
320000.0,0.0152,5468.52,0.6,0.0,0.4,0.0,4.05
320000.0,0.0171,7349.57,0.6,0.0,0.4,0.0,2.66
320000.0,0.0193,9890.21,0.6,0.0,0.4,0.0,1.83
320000.0,0.0216,13159.71,0.6,0.0,0.4,0.0,1.25
320000.0,0.0244,17977.2207,0.6,0.0,0.4,0.0,1.07
320000.0,0.0271,23723.5,0.6,0.0,0.4,0.0,0.38
320000.0,0.0305,32129.7793,0.6,0.0,0.4,0.0,0.52
320000.0,0.0342,42871.9,0.6,0.0,0.4,0.0,1.18
320000.0,0.0381,57186.8711,0.6,0.0,0.4,0.0,-0.41
320000.0,0.043,78019.2578,0.6,0.0,0.4,0.0,-0.11
320000.0,0.0483,104691.797,0.6,0.0,0.4,0.0,0.29
320000.0,0.0538,138140.594,0.6,0.0,0.4,0.0,-0.05
320000.0,0.0604,184580.953,0.6,0.0,0.4,0.0,0.06
320000.0,0.0677,244003.531,0.6,0.0,0.4,0.0,0.89
320000.0,0.0752,323665.312,0.6,0.0,0.4,0.0,-0.78
320000.0,0.0845,427384.156,0.6,0.0,0.4,0.0,0.28
320000.0,0.0949,564628.75,0.6,0.0,0.4,0.0,0.35
320000.0,0.1059,736035.188,0.6,0.0,0.4,0.0,0.17
320000.0,0.1188,967381.062,0.6,0.0,0.4,0.0,-0.06
320000.0,0.1332,1258669.25,0.6,0.0,0.4,0.0,0.45
320000.0,0.1489,1645853.0,0.6,0.0,0.4,0.0,-0.46
320000.0,0.167,2136689.75,0.6,0.0,0.4,0.0,0.11
330000.0,0.0109,2725.72,0.6,0.0,0.4,0.0,1.59
330000.0,0.0123,3683.35,0.6,0.0,0.4,0.0,-1.05
330000.0,0.0138,4839.28,0.6,0.0,0.4,0.0,-1.94
330000.0,0.0155,6274.47,0.6,0.0,0.4,0.0,0.54
330000.0,0.0174,8372.72,0.6,0.0,0.4,0.0,-1.64
330000.0,0.0195,10991.3896,0.6,0.0,0.4,0.0,-0.76
330000.0,0.0217,14141.5195,0.6,0.0,0.4,0.0,0.67
330000.0,0.0244,19333.7598,0.6,0.0,0.4,0.0,-0.71
330000.0,0.0274,26098.5098,0.6,0.0,0.4,0.0,-0.68
330000.0,0.0306,34601.1211,0.6,0.0,0.4,0.0,-0.05
330000.0,0.0342,46241.4102,0.6,0.0,0.4,0.0,-0.42
330000.0,0.0382,61561.2812,0.6,0.0,0.4,0.0,-1.31
330000.0,0.0429,81606.3516,0.6,0.0,0.4,0.0,0.63
330000.0,0.0481,110212.453,0.6,0.0,0.4,0.0,-0.26
330000.0,0.0538,146917.484,0.6,0.0,0.4,0.0,-0.77
330000.0,0.0604,194634.719,0.6,0.0,0.4,0.0,0.11
330000.0,0.0679,260508.391,0.6,0.0,0.4,0.0,0.24
330000.0,0.0752,341785.5,0.6,0.0,0.4,0.0,-0.96
330000.0,0.0846,456701.156,0.6,0.0,0.4,0.0,-0.71
330000.0,0.095,599442.812,0.6,0.0,0.4,0.0,0.0
330000.0,0.106,780479.875,0.6,0.0,0.4,0.0,-0.3
330000.0,0.119,1024919.0,0.6,0.0,0.4,0.0,-0.32
330000.0,0.1333,1331674.38,0.6,0.0,0.4,0.0,-0.06
330000.0,0.1495,1737345.88,0.6,0.0,0.4,0.0,0.12
330000.0,0.1677,2269314.5,0.6,0.0,0.4,0.0,0.12
340000.0,0.0109,2837.21,0.6,0.0,0.4,0.0,3.64
340000.0,0.0123,3831.98,0.6,0.0,0.4,0.0,1.02
340000.0,0.0137,4951.88,0.6,0.0,0.4,0.0,-0.19
340000.0,0.0154,6486.44,0.6,0.0,0.4,0.0,1.07
340000.0,0.0171,8366.59,0.6,0.0,0.4,0.0,0.81
340000.0,0.0192,11132.04,0.6,0.0,0.4,0.0,0.33
340000.0,0.0217,14925.7402,0.6,0.0,0.4,0.0,1.58
340000.0,0.0245,20379.7,0.6,0.0,0.4,0.0,0.83
340000.0,0.0272,26848.8691,0.6,0.0,0.4,0.0,0.59
340000.0,0.0305,35902.75,0.6,0.0,0.4,0.0,1.49
340000.0,0.0342,48512.6,0.6,0.0,0.4,0.0,0.44
340000.0,0.0383,64436.5898,0.6,0.0,0.4,0.0,0.63
340000.0,0.0428,85883.9922,0.6,0.0,0.4,0.0,0.1
340000.0,0.0479,113877.039,0.6,0.0,0.4,0.0,0.69
340000.0,0.0537,152447.375,0.6,0.0,0.4,0.0,0.37
340000.0,0.0603,202214.656,0.6,0.0,0.4,0.0,1.03
340000.0,0.0678,271185.688,0.6,0.0,0.4,0.0,1.27
340000.0,0.0751,355314.438,0.6,0.0,0.4,0.0,0.24
340000.0,0.0845,473150.75,0.6,0.0,0.4,0.0,0.53
340000.0,0.0945,620286.5,0.6,0.0,0.4,0.0,0.46
340000.0,0.1056,811429.25,0.6,0.0,0.4,0.0,-0.01
340000.0,0.1186,1061180.75,0.6,0.0,0.4,0.0,0.5
340000.0,0.1332,1393171.25,0.6,0.0,0.4,0.0,0.22
340000.0,0.1483,1781978.5,0.6,0.0,0.4,0.0,0.63
340000.0,0.1666,2335430.25,0.6,0.0,0.4,0.0,0.58
350000.0,0.0109,3114.56,0.6,0.0,0.4,0.0,-0.07
350000.0,0.0123,4036.81,0.6,0.0,0.4,0.0,0.6
350000.0,0.0135,4974.27,0.6,0.0,0.4,0.0,2.31
350000.0,0.0153,6851.86,0.6,0.0,0.4,0.0,-0.51
350000.0,0.0172,9052.06,0.6,0.0,0.4,0.0,0.59
350000.0,0.0193,11864.1201,0.6,0.0,0.4,0.0,1.2
350000.0,0.0217,16113.1299,0.6,0.0,0.4,0.0,-0.57
350000.0,0.0243,21350.9,0.6,0.0,0.4,0.0,0.38
350000.0,0.027,27971.1602,0.6,0.0,0.4,0.0,0.16
350000.0,0.0305,38307.3789,0.6,0.0,0.4,0.0,-0.31
350000.0,0.034,50745.6211,0.6,0.0,0.4,0.0,0.36
350000.0,0.0381,67685.25,0.6,0.0,0.4,0.0,-0.31
350000.0,0.0429,90570.2,0.6,0.0,0.4,0.0,0.38
350000.0,0.0478,119969.383,0.6,0.0,0.4,0.0,-0.41
350000.0,0.0536,160688.094,0.6,0.0,0.4,0.0,-0.83
350000.0,0.0603,214830.688,0.6,0.0,0.4,0.0,-0.14
350000.0,0.0674,284712.75,0.6,0.0,0.4,0.0,0.08
350000.0,0.075,376335.656,0.6,0.0,0.4,0.0,-0.89
350000.0,0.0841,496418.344,0.6,0.0,0.4,0.0,-0.47
350000.0,0.0941,651173.438,0.6,0.0,0.4,0.0,-0.66
350000.0,0.1054,847528.875,0.6,0.0,0.4,0.0,-0.03
350000.0,0.1184,1121116.5,0.6,0.0,0.4,0.0,-0.71
350000.0,0.1323,1446445.88,0.6,0.0,0.4,0.0,-0.4
350000.0,0.1481,1873844.5,0.6,0.0,0.4,0.0,-0.14
360000.0,0.0109,3370.68,0.6,0.0,0.4,0.0,-1.63
360000.0,0.0123,4415.63,0.6,0.0,0.4,0.0,-2.53
360000.0,0.0139,5798.34,0.6,0.0,0.4,0.0,-1.53
360000.0,0.0155,7572.56,0.6,0.0,0.4,0.0,-1.53
360000.0,0.0171,9648.58,0.6,0.0,0.4,0.0,-1.63
360000.0,0.0195,13147.1299,0.6,0.0,0.4,0.0,-0.9
360000.0,0.0219,17546.6309,0.6,0.0,0.4,0.0,-1.71
360000.0,0.0243,23089.4805,0.6,0.0,0.4,0.0,-1.99
360000.0,0.0274,30813.1406,0.6,0.0,0.4,0.0,-0.8
360000.0,0.0307,41253.8516,0.6,0.0,0.4,0.0,-0.63
360000.0,0.0341,55140.9883,0.6,0.0,0.4,0.0,-2.37
360000.0,0.0381,71420.3906,0.6,0.0,0.4,0.0,-0.15
360000.0,0.0429,96846.2188,0.6,0.0,0.4,0.0,-0.82
360000.0,0.0479,128067.461,0.6,0.0,0.4,0.0,-1.06
360000.0,0.0537,169723.75,0.6,0.0,0.4,0.0,-0.74
360000.0,0.0604,229200.656,0.6,0.0,0.4,0.0,-0.96
360000.0,0.0671,302553.438,0.6,0.0,0.4,0.0,-2.31
360000.0,0.0752,400179.406,0.6,0.0,0.4,0.0,-1.49
360000.0,0.0846,530322.5,0.6,0.0,0.4,0.0,-0.81
360000.0,0.0944,691955.875,0.6,0.0,0.4,0.0,-1.13
360000.0,0.1058,902474.5,0.6,0.0,0.4,0.0,-0.64
360000.0,0.1186,1182856.38,0.6,0.0,0.4,0.0,-0.94
360000.0,0.1327,1532353.5,0.6,0.0,0.4,0.0,-0.88
360000.0,0.1486,1986700.62,0.6,0.0,0.4,0.0,-0.58
370000.0,0.0109,3521.82,0.6,0.0,0.4,0.0,-0.73
370000.0,0.0122,4604.67,0.6,0.0,0.4,0.0,-1.9
370000.0,0.0138,5886.86,0.6,0.0,0.4,0.0,1.5
370000.0,0.0154,7716.56,0.6,0.0,0.4,0.0,0.84
370000.0,0.0173,10249.3203,0.6,0.0,0.4,0.0,-0.13
370000.0,0.0192,13236.8301,0.6,0.0,0.4,0.0,0.3
370000.0,0.0217,17891.6,0.6,0.0,0.4,0.0,0.43
370000.0,0.0243,23837.8496,0.6,0.0,0.4,0.0,-0.15
370000.0,0.0272,31741.2695,0.6,0.0,0.4,0.0,-0.2
370000.0,0.0304,42424.4688,0.6,0.0,0.4,0.0,0.07
370000.0,0.0341,58241.3906,0.6,0.0,0.4,0.0,-2.48
370000.0,0.0382,75446.0469,0.6,0.0,0.4,0.0,-0.37
370000.0,0.0429,100870.711,0.6,0.0,0.4,0.0,-0.43
370000.0,0.0478,131796.031,0.6,0.0,0.4,0.0,0.02
370000.0,0.0536,175157.375,0.6,0.0,0.4,0.0,0.51
370000.0,0.0603,234419.422,0.6,0.0,0.4,0.0,1.32
370000.0,0.0667,308159.094,0.6,0.0,0.4,0.0,-0.45
370000.0,0.0751,410563.219,0.6,0.0,0.4,0.0,0.37
370000.0,0.0842,544280.75,0.6,0.0,0.4,0.0,0.23
370000.0,0.0941,709271.875,0.6,0.0,0.4,0.0,0.39
370000.0,0.1055,933121.188,0.6,0.0,0.4,0.0,-0.05
370000.0,0.1185,1221887.75,0.6,0.0,0.4,0.0,0.19
370000.0,0.1322,1575125.5,0.6,0.0,0.4,0.0,0.06
370000.0,0.1487,2065655.75,0.6,0.0,0.4,0.0,0.32
380000.0,0.011,3698.4,0.6,0.0,0.4,0.0,0.72
380000.0,0.0123,4796.9,0.6,0.0,0.4,0.0,0.0
380000.0,0.0138,6130.36,0.6,0.0,0.4,0.0,2.23
380000.0,0.0153,7980.95,0.6,0.0,0.4,0.0,1.15
380000.0,0.0172,10654.7305,0.6,0.0,0.4,0.0,0.96
380000.0,0.0195,14333.4199,0.6,0.0,0.4,0.0,0.29
380000.0,0.0216,18564.4492,0.6,0.0,0.4,0.0,-0.06
380000.0,0.0244,25154.8,0.6,0.0,0.4,0.0,0.38
380000.0,0.0272,33073.1,0.6,0.0,0.4,0.0,0.81
380000.0,0.0306,44738.0703,0.6,0.0,0.4,0.0,1.32
380000.0,0.0341,59807.5117,0.6,0.0,0.4,0.0,-0.22
380000.0,0.0384,79287.4219,0.6,0.0,0.4,0.0,1.11
380000.0,0.043,106005.867,0.6,0.0,0.4,0.0,0.22
380000.0,0.0479,139780.828,0.6,0.0,0.4,0.0,-0.2
380000.0,0.0539,186332.953,0.6,0.0,0.4,0.0,0.38
380000.0,0.0604,248608.609,0.6,0.0,0.4,0.0,0.38
380000.0,0.0672,328506.219,0.6,0.0,0.4,0.0,-0.5
380000.0,0.0753,434834.312,0.6,0.0,0.4,0.0,0.1
380000.0,0.0845,574946.312,0.6,0.0,0.4,0.0,-0.01
380000.0,0.0944,748110.25,0.6,0.0,0.4,0.0,0.2
380000.0,0.1059,982654.25,0.6,0.0,0.4,0.0,0.14
380000.0,0.1187,1284565.5,0.6,0.0,0.4,0.0,0.05
380000.0,0.1327,1652749.5,0.6,0.0,0.4,0.0,0.65
380000.0,0.1492,2176223.75,0.6,0.0,0.4,0.0,0.15
390000.0,0.0111,3998.77,0.6,0.0,0.4,0.0,-0.69
390000.0,0.0122,5076.42,0.6,0.0,0.4,0.0,-1.46
390000.0,0.0138,6637.94,0.6,0.0,0.4,0.0,-0.94
390000.0,0.0156,9045.01,0.6,0.0,0.4,0.0,-1.8
390000.0,0.0175,11888.4102,0.6,0.0,0.4,0.0,-1.76
390000.0,0.0196,15196.3799,0.6,0.0,0.4,0.0,1.09
390000.0,0.0216,19868.9492,0.6,0.0,0.4,0.0,-1.06
390000.0,0.0244,26691.7,0.6,0.0,0.4,0.0,-0.29
390000.0,0.0274,35790.6289,0.6,0.0,0.4,0.0,0.17
390000.0,0.0304,46882.5195,0.6,0.0,0.4,0.0,0.08
390000.0,0.0342,63464.1289,0.6,0.0,0.4,0.0,-0.49
390000.0,0.0384,82916.5781,0.6,0.0,0.4,0.0,1.32
390000.0,0.0428,110135.828,0.6,0.0,0.4,0.0,-0.08
390000.0,0.048,143893.203,0.6,0.0,0.4,0.0,1.87
390000.0,0.054,193941.875,0.6,0.0,0.4,0.0,1.79
390000.0,0.0605,259561.75,0.6,0.0,0.4,0.0,1.5
390000.0,0.0672,342339.875,0.6,0.0,0.4,0.0,0.24
390000.0,0.0755,452680.344,0.6,0.0,0.4,0.0,1.16
390000.0,0.0843,595530.938,0.6,0.0,0.4,0.0,0.57
390000.0,0.0947,787291.625,0.6,0.0,0.4,0.0,0.24
390000.0,0.1059,1024384.75,0.6,0.0,0.4,0.0,0.33
390000.0,0.1188,1343570.12,0.6,0.0,0.4,0.0,0.05
390000.0,0.1331,1737486.25,0.6,0.0,0.4,0.0,0.55
400000.0,0.011,4142.49,0.6,0.0,0.4,0.0,0.59
400000.0,0.0122,5145.49,0.6,0.0,0.4,0.0,1.43
400000.0,0.0137,6708.94,0.6,0.0,0.4,0.0,1.95
400000.0,0.0154,9012.12,0.6,0.0,0.4,0.0,0.8
400000.0,0.0173,11870.1104,0.6,0.0,0.4,0.0,0.64
400000.0,0.0193,15254.2803,0.6,0.0,0.4,0.0,1.91
400000.0,0.0216,20526.1797,0.6,0.0,0.4,0.0,0.67
400000.0,0.0243,27138.5605,0.6,0.0,0.4,0.0,1.91
400000.0,0.0273,36514.0391,0.6,0.0,0.4,0.0,1.6
400000.0,0.0304,49242.3086,0.6,0.0,0.4,0.0,-0.3
400000.0,0.0342,66088.2891,0.6,0.0,0.4,0.0,-0.01
400000.0,0.0381,84736.0469,0.6,0.0,0.4,0.0,2.11
400000.0,0.0428,114692.883,0.6,0.0,0.4,0.0,0.39
400000.0,0.048,152636.406,0.6,0.0,0.4,0.0,0.38
400000.0,0.0539,204102.953,0.6,0.0,0.4,0.0,0.47
400000.0,0.0602,269985.094,0.6,0.0,0.4,0.0,0.57
400000.0,0.067,356230.25,0.6,0.0,0.4,0.0,-0.14
400000.0,0.0753,475173.812,0.6,0.0,0.4,0.0,-0.05
400000.0,0.0841,622529.688,0.6,0.0,0.4,0.0,-0.17
400000.0,0.0942,812605.5,0.6,0.0,0.4,0.0,0.2
400000.0,0.1057,1065011.25,0.6,0.0,0.4,0.0,0.39
400000.0,0.1181,1379387.62,0.6,0.0,0.4,0.0,0.21
400000.0,0.1328,1806250.88,0.6,0.0,0.4,0.0,0.35
410000.0,0.011,4396.95,0.6,0.0,0.4,0.0,-0.75
410000.0,0.0121,5415.98,0.6,0.0,0.4,0.0,0.53
410000.0,0.0138,7330.82,0.6,0.0,0.4,0.0,-0.46
410000.0,0.0153,9562.64,0.6,0.0,0.4,0.0,-1.36
410000.0,0.0174,12952.9102,0.6,0.0,0.4,0.0,-0.84
410000.0,0.0194,16673.0293,0.6,0.0,0.4,0.0,-0.56
410000.0,0.0216,21833.7305,0.6,0.0,0.4,0.0,-0.65
410000.0,0.0242,28927.8,0.6,0.0,0.4,0.0,-0.33
410000.0,0.0271,38466.9492,0.6,0.0,0.4,0.0,-0.17
410000.0,0.0303,52190.7305,0.6,0.0,0.4,0.0,-2.28
410000.0,0.034,69377.0703,0.6,0.0,0.4,0.0,-1.61
410000.0,0.0382,91441.4219,0.6,0.0,0.4,0.0,-0.75
410000.0,0.0426,120213.594,0.6,0.0,0.4,0.0,-1.0
410000.0,0.0479,160687.656,0.6,0.0,0.4,0.0,-0.7
410000.0,0.0538,215332.828,0.6,0.0,0.4,0.0,-0.76
410000.0,0.0596,281453.656,0.6,0.0,0.4,0.0,-1.68
410000.0,0.0669,374470.156,0.6,0.0,0.4,0.0,-1.0
410000.0,0.0752,496701.188,0.6,0.0,0.4,0.0,-0.38
410000.0,0.084,651042.375,0.6,0.0,0.4,0.0,-0.8
410000.0,0.0944,858051.812,0.6,0.0,0.4,0.0,-0.62
410000.0,0.1056,1117543.5,0.6,0.0,0.4,0.0,-0.64
410000.0,0.1177,1438821.38,0.6,0.0,0.4,0.0,-0.61
410000.0,0.1326,1888694.62,0.6,0.0,0.4,0.0,-0.4
420000.0,0.0111,4622.89,0.6,0.0,0.4,0.0,0.21
420000.0,0.0122,5729.44,0.6,0.0,0.4,0.0,1.23
420000.0,0.0139,7689.33,0.6,0.0,0.4,0.0,1.81
420000.0,0.0155,10126.4297,0.6,0.0,0.4,0.0,0.03
420000.0,0.0173,13094.1699,0.6,0.0,0.4,0.0,1.35
420000.0,0.0194,17216.2793,0.6,0.0,0.4,0.0,0.84
420000.0,0.0218,22928.9297,0.6,0.0,0.4,0.0,0.61
420000.0,0.0243,30302.3398,0.6,0.0,0.4,0.0,0.45
420000.0,0.0273,40296.6211,0.6,0.0,0.4,0.0,1.33
420000.0,0.0304,53955.0195,0.6,0.0,0.4,0.0,0.17
420000.0,0.0341,71982.3281,0.6,0.0,0.4,0.0,0.17
420000.0,0.0383,94990.7422,0.6,0.0,0.4,0.0,0.66
420000.0,0.0427,125627.898,0.6,0.0,0.4,0.0,-0.09
420000.0,0.048,166416.734,0.6,0.0,0.4,0.0,1.04
420000.0,0.0539,222014.828,0.6,0.0,0.4,0.0,1.32
420000.0,0.0597,292457.469,0.6,0.0,0.4,0.0,-0.33
420000.0,0.0672,390639.719,0.6,0.0,0.4,0.0,0.27
420000.0,0.0752,512335.531,0.6,0.0,0.4,0.0,0.62
420000.0,0.0842,676581.438,0.6,0.0,0.4,0.0,0.1
420000.0,0.0946,894228.0,0.6,0.0,0.4,0.0,-0.03
420000.0,0.1059,1156173.12,0.6,0.0,0.4,0.0,0.83
420000.0,0.1184,1503180.0,0.6,0.0,0.4,0.0,0.44
420000.0,0.1324,1943908.88,0.6,0.0,0.4,0.0,0.69
430000.0,0.0111,4881.45,0.6,0.0,0.4,0.0,-0.82
430000.0,0.0122,5891.52,0.6,0.0,0.4,0.0,2.29
430000.0,0.0138,8130.77,0.6,0.0,0.4,0.0,-0.47
430000.0,0.0155,10639.4199,0.6,0.0,0.4,0.0,0.84
430000.0,0.0175,14244.9,0.6,0.0,0.4,0.0,0.08
430000.0,0.0193,17916.7305,0.6,0.0,0.4,0.0,0.69
430000.0,0.0218,23956.7305,0.6,0.0,0.4,0.0,1.24
430000.0,0.0242,31529.4102,0.6,0.0,0.4,0.0,0.53
430000.0,0.0273,42416.1289,0.6,0.0,0.4,0.0,0.61
430000.0,0.0305,56861.75,0.6,0.0,0.4,0.0,0.3
430000.0,0.0341,75409.9609,0.6,0.0,0.4,0.0,0.14
430000.0,0.0381,98094.7109,0.6,0.0,0.4,0.0,0.82
430000.0,0.0429,131700.672,0.6,0.0,0.4,0.0,0.39
430000.0,0.048,174903.641,0.6,0.0,0.4,0.0,0.14
430000.0,0.0538,232572.953,0.6,0.0,0.4,0.0,0.63
430000.0,0.0597,304369.656,0.6,0.0,0.4,0.0,-0.04
430000.0,0.0672,406534.031,0.6,0.0,0.4,0.0,0.39
430000.0,0.0751,536644.062,0.6,0.0,0.4,0.0,0.0
430000.0,0.0843,707993.312,0.6,0.0,0.4,0.0,-0.06
430000.0,0.0944,926258.875,0.6,0.0,0.4,0.0,0.09
430000.0,0.1058,1212466.0,0.6,0.0,0.4,0.0,-0.13
430000.0,0.1184,1573364.12,0.6,0.0,0.4,0.0,0.07
430000.0,0.1325,2036522.62,0.6,0.0,0.4,0.0,0.1
440000.0,0.0109,4980.37,0.6,0.0,0.4,0.0,-0.92
440000.0,0.0122,6331.43,0.6,0.0,0.4,0.0,-0.14
440000.0,0.0138,8635.29,0.6,0.0,0.4,0.0,-1.75
440000.0,0.0155,11269.6299,0.6,0.0,0.4,0.0,-1.12
440000.0,0.0173,14544.8496,0.6,0.0,0.4,0.0,0.03
440000.0,0.0194,19308.25,0.6,0.0,0.4,0.0,-0.49
440000.0,0.0218,25278.3,0.6,0.0,0.4,0.0,-0.02
440000.0,0.0243,33667.3281,0.6,0.0,0.4,0.0,-0.87
440000.0,0.0272,43976.4609,0.6,0.0,0.4,0.0,0.72
440000.0,0.0304,59227.8789,0.6,0.0,0.4,0.0,-0.24
440000.0,0.0342,79239.3,0.6,0.0,0.4,0.0,-0.04
440000.0,0.0381,102526.453,0.6,0.0,0.4,0.0,0.3
440000.0,0.0429,137979.125,0.6,0.0,0.4,0.0,-0.21
440000.0,0.0482,184562.094,0.6,0.0,0.4,0.0,0.18
440000.0,0.0538,242331.844,0.6,0.0,0.4,0.0,0.6
440000.0,0.0599,320920.781,0.6,0.0,0.4,0.0,-0.18
440000.0,0.0674,427873.312,0.6,0.0,0.4,0.0,0.24
440000.0,0.0753,562976.125,0.6,0.0,0.4,0.0,-0.13
440000.0,0.0843,735998.125,0.6,0.0,0.4,0.0,0.2
440000.0,0.0947,969504.812,0.6,0.0,0.4,0.0,0.17
440000.0,0.1057,1255951.62,0.6,0.0,0.4,0.0,0.06
440000.0,0.1187,1639989.88,0.6,0.0,0.4,0.0,0.36
450000.0,0.0108,4876.55,0.6,0.0,0.4,0.0,3.93
450000.0,0.0123,6755.04,0.6,0.0,0.4,0.0,1.2
450000.0,0.0137,8661.56,0.6,0.0,0.4,0.0,2.03
450000.0,0.0154,11274.2695,0.6,0.0,0.4,0.0,2.19
450000.0,0.0173,15057.6602,0.6,0.0,0.4,0.0,1.49
450000.0,0.0194,19828.9,0.6,0.0,0.4,0.0,1.12
450000.0,0.0216,25678.4102,0.6,0.0,0.4,0.0,1.87
450000.0,0.0243,34604.2305,0.6,0.0,0.4,0.0,1.03
450000.0,0.0271,46192.1797,0.6,0.0,0.4,0.0,0.01
450000.0,0.0305,61989.2109,0.6,0.0,0.4,0.0,0.57
450000.0,0.0343,82811.4531,0.6,0.0,0.4,0.0,0.23
450000.0,0.0382,107681.359,0.6,0.0,0.4,0.0,0.36
450000.0,0.0429,143268.219,0.6,0.0,0.4,0.0,0.26
450000.0,0.0482,192658.516,0.6,0.0,0.4,0.0,0.21
450000.0,0.0535,253830.125,0.6,0.0,0.4,0.0,-0.91
450000.0,0.06,335754.375,0.6,0.0,0.4,0.0,-0.26
450000.0,0.0672,441279.219,0.6,0.0,0.4,0.0,0.58
450000.0,0.0753,585342.875,0.6,0.0,0.4,0.0,-0.1
450000.0,0.0843,764714.75,0.6,0.0,0.4,0.0,0.41
450000.0,0.0946,1006138.12,0.6,0.0,0.4,0.0,0.26
450000.0,0.1056,1308047.0,0.6,0.0,0.4,0.0,-0.37
450000.0,0.1183,1693803.75,0.6,0.0,0.4,0.0,0.36
460000.0,0.0108,5241.67,0.6,0.0,0.4,0.0,1.61
460000.0,0.0124,7339.02,0.6,0.0,0.4,0.0,-1.22
460000.0,0.0137,9109.6,0.6,0.0,0.4,0.0,0.08
460000.0,0.0155,12290.2695,0.6,0.0,0.4,0.0,0.04
460000.0,0.0173,15921.7305,0.6,0.0,0.4,0.0,0.04
460000.0,0.0193,20745.0195,0.6,0.0,0.4,0.0,0.18
460000.0,0.0217,27404.8594,0.6,0.0,0.4,0.0,0.21
460000.0,0.0242,35917.1094,0.6,0.0,0.4,0.0,1.1
460000.0,0.0272,48829.6211,0.6,0.0,0.4,0.0,-0.6
460000.0,0.0304,64877.8594,0.6,0.0,0.4,0.0,-0.35
460000.0,0.0342,86638.5234,0.6,0.0,0.4,0.0,-0.23
460000.0,0.0382,112587.992,0.6,0.0,0.4,0.0,0.4
460000.0,0.0429,150946.156,0.6,0.0,0.4,0.0,-0.23
460000.0,0.0481,199540.375,0.6,0.0,0.4,0.0,0.4
460000.0,0.0534,264885.25,0.6,0.0,0.4,0.0,-1.32
460000.0,0.06,350099.969,0.6,0.0,0.4,0.0,-0.5
460000.0,0.0672,463191.719,0.6,0.0,0.4,0.0,-0.53
460000.0,0.0752,610932.688,0.6,0.0,0.4,0.0,-0.9
460000.0,0.0843,801758.812,0.6,0.0,0.4,0.0,-0.47
460000.0,0.0945,1047785.0,0.6,0.0,0.4,0.0,-0.12
460000.0,0.1055,1359187.62,0.6,0.0,0.4,0.0,-0.44
460000.0,0.1184,1771981.75,0.6,0.0,0.4,0.0,-0.25
470000.0,0.0109,5668.7,0.6,0.0,0.4,0.0,-0.99
470000.0,0.0124,7569.06,0.6,0.0,0.4,0.0,-0.26
470000.0,0.0137,9764.09,0.6,0.0,0.4,0.0,-1.0
470000.0,0.0154,12811.6699,0.6,0.0,0.4,0.0,-0.45
470000.0,0.0171,16486.6895,0.6,0.0,0.4,0.0,-1.22
470000.0,0.0194,21961.0,0.6,0.0,0.4,0.0,-0.55
470000.0,0.0217,28880.9395,0.6,0.0,0.4,0.0,-0.79
470000.0,0.0242,37760.2305,0.6,0.0,0.4,0.0,-0.26
470000.0,0.0271,50740.9414,0.6,0.0,0.4,0.0,-0.9
470000.0,0.0304,66799.8281,0.6,0.0,0.4,0.0,0.66
470000.0,0.0341,89338.7422,0.6,0.0,0.4,0.0,0.16
470000.0,0.0381,116037.906,0.6,0.0,0.4,0.0,0.75
470000.0,0.0428,154150.75,0.6,0.0,0.4,0.0,1.21
470000.0,0.048,206081.984,0.6,0.0,0.4,0.0,0.85
470000.0,0.0532,271509.875,0.6,0.0,0.4,0.0,-0.57
470000.0,0.0597,357893.594,0.6,0.0,0.4,0.0,0.81
470000.0,0.0671,475886.875,0.6,0.0,0.4,0.0,0.22
470000.0,0.0748,625383.812,0.6,0.0,0.4,0.0,-0.36
470000.0,0.084,823049.875,0.6,0.0,0.4,0.0,-0.14
470000.0,0.0943,1079218.75,0.6,0.0,0.4,0.0,0.02
470000.0,0.1051,1396982.62,0.6,0.0,0.4,0.0,-0.35
470000.0,0.1179,1815081.75,0.6,0.0,0.4,0.0,0.01
480000.0,0.0109,5776.34,0.6,0.0,0.4,0.0,1.07
480000.0,0.0123,7895.33,0.6,0.0,0.4,0.0,-0.61
480000.0,0.0139,10314.9102,0.6,0.0,0.4,0.0,-0.28
480000.0,0.0153,13199.4102,0.6,0.0,0.4,0.0,-0.6
480000.0,0.0173,17438.3,0.6,0.0,0.4,0.0,-0.51
480000.0,0.0192,22304.25,0.6,0.0,0.4,0.0,0.6
480000.0,0.0217,30113.3906,0.6,0.0,0.4,0.0,-0.08
480000.0,0.0243,39795.7109,0.6,0.0,0.4,0.0,0.04
480000.0,0.027,52337.7,0.6,0.0,0.4,0.0,-0.21
480000.0,0.0305,70968.8438,0.6,0.0,0.4,0.0,-0.06
480000.0,0.034,93200.1328,0.6,0.0,0.4,0.0,-0.78
480000.0,0.038,120942.172,0.6,0.0,0.4,0.0,-0.04
480000.0,0.0428,160447.156,0.6,0.0,0.4,0.0,0.49
480000.0,0.048,214623.156,0.6,0.0,0.4,0.0,0.21
480000.0,0.0533,282328.125,0.6,0.0,0.4,0.0,-0.4
480000.0,0.0598,371484.031,0.6,0.0,0.4,0.0,0.57
480000.0,0.0669,492526.0,0.6,0.0,0.4,0.0,0.14
480000.0,0.075,649492.438,0.6,0.0,0.4,0.0,-0.03
480000.0,0.0841,856096.062,0.6,0.0,0.4,0.0,0.07
480000.0,0.0942,1119167.0,0.6,0.0,0.4,0.0,0.04
480000.0,0.1055,1452993.62,0.6,0.0,0.4,0.0,0.25
480000.0,0.1182,1893694.5,0.6,0.0,0.4,0.0,0.1
490000.0,0.0109,6219.34,0.6,0.0,0.4,0.0,-0.49
490000.0,0.0123,8032.56,0.6,0.0,0.4,0.0,1.6
490000.0,0.0138,10430.2,0.6,0.0,0.4,0.0,2.17
490000.0,0.0155,13909.2695,0.6,0.0,0.4,0.0,1.04
490000.0,0.0172,17857.5605,0.6,0.0,0.4,0.0,0.63
490000.0,0.0193,23409.0293,0.6,0.0,0.4,0.0,1.19
490000.0,0.0218,31244.6602,0.6,0.0,0.4,0.0,1.33
490000.0,0.0242,40658.2109,0.6,0.0,0.4,0.0,1.93
490000.0,0.0272,55203.6914,0.6,0.0,0.4,0.0,0.53
490000.0,0.0303,72126.5625,0.6,0.0,0.4,0.0,1.45
490000.0,0.034,96043.3281,0.6,0.0,0.4,0.0,0.85
490000.0,0.0381,126425.469,0.6,0.0,0.4,0.0,0.95
490000.0,0.0428,167239.0,0.6,0.0,0.4,0.0,1.12
490000.0,0.0479,221653.453,0.6,0.0,0.4,0.0,1.45
490000.0,0.0533,292109.906,0.6,0.0,0.4,0.0,1.08
490000.0,0.0599,391117.594,0.6,0.0,0.4,0.0,1.04
490000.0,0.0669,512444.688,0.6,0.0,0.4,0.0,1.26
490000.0,0.0749,671596.688,0.6,0.0,0.4,0.0,1.79
490000.0,0.0842,888800.0,0.6,0.0,0.4,0.0,1.5
490000.0,0.0941,1153780.62,0.6,0.0,0.4,0.0,1.8
490000.0,0.1052,1496397.25,0.6,0.0,0.4,0.0,2.09
500000.0,0.0109,6429.31,0.6,0.0,0.4,0.0,0.04
500000.0,0.0123,8597.76,0.6,0.0,0.4,0.0,-1.0
500000.0,0.0138,11207.4697,0.6,0.0,0.4,0.0,-1.0
500000.0,0.0154,14544.79,0.6,0.0,0.4,0.0,-0.16
500000.0,0.0173,19068.5508,0.6,0.0,0.4,0.0,-0.36
500000.0,0.0194,24853.1504,0.6,0.0,0.4,0.0,0.4
500000.0,0.0217,32644.5605,0.6,0.0,0.4,0.0,0.01
500000.0,0.0242,43651.5,0.6,0.0,0.4,0.0,-0.97
500000.0,0.0271,57301.8281,0.6,0.0,0.4,0.0,0.16
500000.0,0.0304,76029.4766,0.6,0.0,0.4,0.0,0.85
500000.0,0.034,99970.6719,0.6,0.0,0.4,0.0,0.89
500000.0,0.0382,131129.266,0.6,0.0,0.4,0.0,1.9
500000.0,0.0427,172531.156,0.6,0.0,0.4,0.0,1.78
500000.0,0.0478,229578.781,0.6,0.0,0.4,0.0,1.74
500000.0,0.0532,302909.406,0.6,0.0,0.4,0.0,1.36
500000.0,0.0598,402652.156,0.6,0.0,0.4,0.0,1.85
500000.0,0.0668,530015.188,0.6,0.0,0.4,0.0,1.55
500000.0,0.0749,696723.438,0.6,0.0,0.4,0.0,2.15
500000.0,0.084,918572.812,0.6,0.0,0.4,0.0,2.12
500000.0,0.0939,1199609.12,0.6,0.0,0.4,0.0,1.49
500000.0,0.1053,1554762.75,0.6,0.0,0.4,0.0,1.48
