Frequency,Flux_Density,Power_Loss,Duty_1,Duty_2,Duty_3,Duty_4,Outlier_Factor
50000,0.1036,34876.5781,0.5,0,0.5,0,1.97
50000,0.1336,64720.0391,0.5,0,0.5,0,-1.71
50000,0.1472,81116.6094,0.5,0,0.5,0,-1.78
50000,0.1671,109020.023,0.5,0,0.5,0,-1.49
50000,0.1871,142737.641,0.5,0,0.5,0,-1.17
50000,0.2081,185566.516,0.5,0,0.5,0,-2.68
50000,0.2329,239625.016,0.5,0,0.5,0,-1.03
50000,0.2634,323211.625,0.5,0,0.5,0,-1.13
50000,0.2914,416479.406,0.5,0,0.5,0,-6.57
60000,0.0861,29712.8398,0.5,0,0.5,0,-0.88
60000,0.0864,29893.9102,0.5,0,0.5,0,-0.75
60000,0.1168,60546.9688,0.5,0,0.5,0,0.12
60000,0.1313,79156.7891,0.5,0,0.5,0,-2.38
60000,0.1478,104169.594,0.5,0,0.5,0,-1.88
60000,0.1654,135880.781,0.5,0,0.5,0,-2.38
60000,0.1849,176314.453,0.5,0,0.5,0,-2.05
60000,0.208,234370.625,0.5,0,0.5,0,-1.14
60000,0.232,304157.875,0.5,0,0.5,0,-0.95
60000,0.26,398698.844,0.5,0,0.5,0,-0.83
60000,0.2912,521415.344,0.5,0,0.5,0,-0.98
70000,0.0739,25084.2695,0.5,0,0.5,0,-0.1
70000,0.0739,25089.4609,0.5,0,0.5,0,0.13
70000,0.0929,43138.5195,0.5,0,0.5,0,0.05
70000,0.1051,57706.9102,0.5,0,0.5,0,-0.74
70000,0.1173,73914.1719,0.5,0,0.5,0,-0.6
70000,0.1318,95273.0781,0.5,0,0.5,0,0.86
70000,0.1486,125905.43,0.5,0,0.5,0,1.06
70000,0.1661,165792.109,0.5,0,0.5,0,-0.33
70000,0.1855,214041.984,0.5,0,0.5,0,1.06
70000,0.2081,285685.094,0.5,0,0.5,0,-1.28
70000,0.2328,365514.156,0.5,0,0.5,0,0.57
70000,0.2619,480271.281,0.5,0,0.5,0,0.56
70000,0.293,628880.5,0.5,0,0.5,0,-0.45
80000,0.0647,21609.3906,0.5,0,0.5,0,-0.74
80000,0.0647,21450.0293,0.5,0,0.5,0,0.64
80000,0.0835,39953.3906,0.5,0,0.5,0,-1.04
80000,0.0943,52812.7109,0.5,0,0.5,0,-0.65
80000,0.1047,66816.3516,0.5,0,0.5,0,-0.35
80000,0.1174,85344.0312,0.5,0,0.5,0,1.77
80000,0.1322,114570.453,0.5,0,0.5,0,-0.75
80000,0.1498,152340.453,0.5,0,0.5,0,0.71
80000,0.1667,198297.625,0.5,0,0.5,0,-0.29
80000,0.1855,256344.672,0.5,0,0.5,0,-0.37
80000,0.2081,334599.438,0.5,0,0.5,0,-0.17
80000,0.2338,433801.844,0.5,0,0.5,0,0.49
80000,0.2623,566290.688,0.5,0,0.5,0,0.16
80000,0.2947,742611.125,0.5,0,0.5,0,0.68
90000,0.0575,18713.0293,0.5,0,0.5,0,0.23
90000,0.0591,20119.8398,0.5,0,0.5,0,-0.35
90000,0.0742,34617.3203,0.5,0,0.5,0,0.14
90000,0.0837,46053.4688,0.5,0,0.5,0,-0.36
90000,0.0946,60477.3,0.5,0,0.5,0,1.05
90000,0.106,78683.0703,0.5,0,0.5,0,0.95
90000,0.1176,100668.539,0.5,0,0.5,0,0.08
90000,0.1333,134529.844,0.5,0,0.5,0,0.88
90000,0.148,173763.984,0.5,0,0.5,0,0.02
90000,0.1658,227587.641,0.5,0,0.5,0,0.14
90000,0.186,300339.031,0.5,0,0.5,0,-0.4
90000,0.2078,387083.969,0.5,0,0.5,0,0.04
90000,0.235,510124.75,0.5,0,0.5,0,0.18
90000,0.2632,657665.875,0.5,0,0.5,0,1.08
90000,0.2943,859434.875,0.5,0,0.5,0,0.91
100000,0.0518,16415.5195,0.5,0,0.5,0,-0.02
100000,0.0593,23275.1699,0.5,0,0.5,0,-1.15
100000,0.0668,30902.5801,0.5,0,0.5,0,-0.66
100000,0.0753,41045.4688,0.5,0,0.5,0,-0.53
100000,0.0834,51724.7109,0.5,0,0.5,0,0.33
100000,0.094,68021.8828,0.5,0,0.5,0,0.46
100000,0.1058,91499.9922,0.5,0,0.5,0,-1.69
100000,0.1181,116382.844,0.5,0,0.5,0,0.36
100000,0.1333,156429.516,0.5,0,0.5,0,-0.76
100000,0.1476,199447.641,0.5,0,0.5,0,-0.5
100000,0.1664,263918.781,0.5,0,0.5,0,0.11
100000,0.1863,345688.5,0.5,0,0.5,0,-0.14
100000,0.2102,458170.562,0.5,0,0.5,0,-0.66
100000,0.2353,584145.188,0.5,0,0.5,0,0.94
100000,0.2634,765497.5,0.5,0,0.5,0,-0.01
100000,0.2933,992813.5,0.5,0,0.5,0,-0.77
110000,0.047,14553.0898,0.5,0,0.5,0,-0.51
110000,0.0529,19535.5703,0.5,0,0.5,0,-0.34
110000,0.0592,25818.2207,0.5,0,0.5,0,-0.34
110000,0.0669,34461.9492,0.5,0,0.5,0,1.14
110000,0.0745,45288.1484,0.5,0,0.5,0,-0.92
110000,0.084,59075.8711,0.5,0,0.5,0,0.68
110000,0.0947,78198.4297,0.5,0,0.5,0,0.69
110000,0.1059,102579.523,0.5,0,0.5,0,0.02
110000,0.1181,131301.734,0.5,0,0.5,0,1.15
110000,0.1317,170856.984,0.5,0,0.5,0,0.53
110000,0.1484,227794.078,0.5,0,0.5,0,0.18
110000,0.1661,297879.062,0.5,0,0.5,0,0.29
110000,0.1863,393513.562,0.5,0,0.5,0,-0.66
110000,0.2102,517197.969,0.5,0,0.5,0,0.18
110000,0.2349,662069.812,0.5,0,0.5,0,1.01
110000,0.2619,863588.688,0.5,0,0.5,0,-0.42
110000,0.2943,1131298.5,0.5,0,0.5,0,0.32
120000,0.0431,13005.5498,0.5,0,0.5,0,1.14
120000,0.0527,21397.8203,0.5,0,0.5,0,0.36
120000,0.0599,29432.3809,0.5,0,0.5,0,0.26
120000,0.067,39167.7617,0.5,0,0.5,0,-1.4
120000,0.0755,51939.3203,0.5,0,0.5,0,-0.54
120000,0.0844,67698.4297,0.5,0,0.5,0,-0.98
120000,0.0942,86344.7266,0.5,0,0.5,0,0.7
120000,0.1058,115349.508,0.5,0,0.5,0,-0.5
120000,0.1174,146818.578,0.5,0,0.5,0,0.07
120000,0.1316,192513.266,0.5,0,0.5,0,-0.1
120000,0.1488,257742.078,0.5,0,0.5,0,0.02
120000,0.1661,335334.25,0.5,0,0.5,0,-0.23
120000,0.1873,444900.688,0.5,0,0.5,0,0.14
120000,0.2097,580119.375,0.5,0,0.5,0,-0.09
120000,0.2336,743690.875,0.5,0,0.5,0,-0.07
120000,0.2627,977951.688,0.5,0,0.5,0,-0.06
120000,0.2942,1272813.75,0.5,0,0.5,0,-0.05
130000,0.0398,11985.7402,0.5,0,0.5,0,-0.59
130000,0.0473,18173.1699,0.5,0,0.5,0,0.42
130000,0.0539,25067.1406,0.5,0,0.5,0,0.22
130000,0.0593,31894.7793,0.5,0,0.5,0,-0.84
130000,0.0671,42133.6797,0.5,0,0.5,0,1.61
130000,0.0749,55670.0117,0.5,0,0.5,0,0.43
130000,0.0842,73822.4609,0.5,0,0.5,0,0.54
130000,0.0949,97304.8672,0.5,0,0.5,0,1.59
130000,0.106,129963.844,0.5,0,0.5,0,-1.17
130000,0.1176,164354.734,0.5,0,0.5,0,0.15
130000,0.1321,216799.812,0.5,0,0.5,0,-0.16
130000,0.1483,284377.031,0.5,0,0.5,0,0.23
130000,0.167,376609.094,0.5,0,0.5,0,0.45
130000,0.1879,499453.562,0.5,0,0.5,0,0.41
130000,0.2094,649585,0.5,0,0.5,0,-0.61
130000,0.2344,834740.875,0.5,0,0.5,0,0.45
130000,0.263,1094307.38,0.5,0,0.5,0,-0.04
130000,0.2951,1425966.88,0.5,0,0.5,0,0.66
140000,0.037,10993.7305,0.5,0,0.5,0,-0.69
140000,0.0428,15972.6797,0.5,0,0.5,0,-1.38
140000,0.0477,20388.8301,0.5,0,0.5,0,0.36
140000,0.0538,27467.9102,0.5,0,0.5,0,-0.25
140000,0.0597,35191.2812,0.5,0,0.5,0,0.19
140000,0.0672,46788.5391,0.5,0,0.5,0,0.55
140000,0.0757,63088.4492,0.5,0,0.5,0,-0.17
140000,0.0846,82708.8594,0.5,0,0.5,0,-0.25
140000,0.0948,109461.367,0.5,0,0.5,0,-0.81
140000,0.1056,141439.484,0.5,0,0.5,0,-0.29
140000,0.118,182487.594,0.5,0,0.5,0,0.41
140000,0.1325,240636.422,0.5,0,0.5,0,0.46
140000,0.1489,319625.969,0.5,0,0.5,0,-0.35
140000,0.1677,421800.25,0.5,0,0.5,0,0.4
140000,0.1876,552614.25,0.5,0,0.5,0,0.38
140000,0.2092,720027.5,0.5,0,0.5,0,-0.63
140000,0.2346,929874.375,0.5,0,0.5,0,0.14
140000,0.2637,1216588,0.5,0,0.5,0,0.38
140000,0.2947,1587096.12,0.5,0,0.5,0,-0.1
150000,0.0345,9977.97,0.5,0,0.5,0,0.16
150000,0.0422,16779.1,0.5,0,0.5,0,-0.58
150000,0.0479,22402.75,0.5,0,0.5,0,0.72
150000,0.0536,29810.5391,0.5,0,0.5,0,-0.93
150000,0.0604,39514.6094,0.5,0,0.5,0,0.19
150000,0.0674,52242.6289,0.5,0,0.5,0,-0.86
150000,0.0753,67811.3594,0.5,0,0.5,0,0.54
150000,0.0845,90376.9609,0.5,0,0.5,0,0.24
150000,0.094,117280.188,0.5,0,0.5,0,-0.18
150000,0.1054,153820.891,0.5,0,0.5,0,0.14
150000,0.1179,200700.125,0.5,0,0.5,0,0.22
150000,0.1329,268202.406,0.5,0,0.5,0,-0.18
150000,0.1495,353814.219,0.5,0,0.5,0,0.09
150000,0.1678,466580.062,0.5,0,0.5,0,0.25
150000,0.1866,608262.438,0.5,0,0.5,0,-0.84
150000,0.2089,791121.75,0.5,0,0.5,0,-0.57
150000,0.2348,1023856.88,0.5,0,0.5,0,0.4
150000,0.2634,1336146,0.5,0,0.5,0,0.53
150000,0.2939,1747802,0.5,0,0.5,0,-0.56
160000,0.0324,9203.8,0.5,0,0.5,0,0.65
160000,0.0375,13518.3096,0.5,0,0.5,0,0.1
160000,0.0429,18862.6602,0.5,0,0.5,0,-0.08
160000,0.0483,25018.2109,0.5,0,0.5,0,-0.23
160000,0.0534,31234.0801,0.5,0,0.5,0,2.23
160000,0.0599,41545.1406,0.5,0,0.5,0,1.5
160000,0.0675,56364.6406,0.5,0,0.5,0,0.56
160000,0.0756,74365.4922,0.5,0,0.5,0,0.94
160000,0.0845,99292.8828,0.5,0,0.5,0,-0.72
160000,0.0941,128534.617,0.5,0,0.5,0,-0.18
160000,0.1052,167034.094,0.5,0,0.5,0,0.35
160000,0.1182,220443.531,0.5,0,0.5,0,0.54
160000,0.1335,296664.562,0.5,0,0.5,0,-0.21
160000,0.1502,389926.438,0.5,0,0.5,0,0.79
160000,0.1672,507862.781,0.5,0,0.5,0,0.21
160000,0.1868,665071.5,0.5,0,0.5,0,-0.14
160000,0.2097,869754.375,0.5,0,0.5,0,-0.03
160000,0.2352,1119290.25,0.5,0,0.5,0,1.11
160000,0.2623,1466184.88,0.5,0,0.5,0,-0.54
160000,0.2952,1924867.25,0.5,0,0.5,0,0.44
170000,0.0305,8628.63,0.5,0,0.5,0,0.39
170000,0.0383,15508.3203,0.5,0,0.5,0,-0.32
170000,0.0424,19811.3301,0.5,0,0.5,0,0.07
170000,0.0474,26131.8906,0.5,0,0.5,0,-0.81
170000,0.0534,34427.1094,0.5,0,0.5,0,0.12
170000,0.0607,47741.3711,0.5,0,0.5,0,-1.27
170000,0.0674,60841.4297,0.5,0,0.5,0,1.06
170000,0.0757,82331.2578,0.5,0,0.5,0,-0.41
170000,0.084,105502.508,0.5,0,0.5,0,0.57
170000,0.0941,139483.375,0.5,0,0.5,0,0.2
170000,0.1057,184015.891,0.5,0,0.5,0,0.4
170000,0.1184,242847.484,0.5,0,0.5,0,-0.42
170000,0.1335,321918.969,0.5,0,0.5,0,0.34
170000,0.1498,424728.594,0.5,0,0.5,0,0.47
170000,0.1667,553242.438,0.5,0,0.5,0,-0.36
170000,0.1871,727927.562,0.5,0,0.5,0,-0.05
170000,0.2099,951494,0.5,0,0.5,0,-0.05
170000,0.2355,1227828.12,0.5,0,0.5,0,0.93
170000,0.2628,1604098.62,0.5,0,0.5,0,-0.18
170000,0.2948,2096093.5,0.5,0,0.5,0,0.36
180000,0.0288,8188.68,0.5,0,0.5,0,-1.39
180000,0.0343,12630.8398,0.5,0,0.5,0,-0.34
180000,0.038,16456.5801,0.5,0,0.5,0,-0.44
180000,0.0429,22179.9102,0.5,0,0.5,0,-1.04
180000,0.0475,27804,0.5,0,0.5,0,0.99
180000,0.0534,37368.75,0.5,0,0.5,0,-0.66
180000,0.0599,49744.3281,0.5,0,0.5,0,-0.82
180000,0.0677,67441.0234,0.5,0,0.5,0,-0.32
180000,0.075,87705.6562,0.5,0,0.5,0,-1
180000,0.0841,115261.977,0.5,0,0.5,0,-0.05
180000,0.0945,153716.266,0.5,0,0.5,0,-0.65
180000,0.1062,202715.969,0.5,0,0.5,0,-0.17
180000,0.1186,264467.531,0.5,0,0.5,0,-0.03
180000,0.1332,348739.125,0.5,0,0.5,0,0.21
180000,0.149,458822.062,0.5,0,0.5,0,-0.24
180000,0.1664,599547.562,0.5,0,0.5,0,-0.41
180000,0.187,791621.312,0.5,0,0.5,0,-0.34
180000,0.2098,1035210.62,0.5,0,0.5,0,-0.18
180000,0.2344,1334288.5,0.5,0,0.5,0,-0.21
180000,0.2631,1745211.5,0.5,0,0.5,0,0.04
180000,0.2947,2278736,0.5,0,0.5,0,0.38
190000,0.0273,7608.09,0.5,0,0.5,0,0.52
190000,0.0343,13505.71,0.5,0,0.5,0,1.07
190000,0.0378,17319.0293,0.5,0,0.5,0,0.68
190000,0.0424,23176.7402,0.5,0,0.5,0,-0.91
190000,0.0478,30131.7402,0.5,0,0.5,0,1.77
190000,0.0536,40194,0.5,0,0.5,0,0.89
190000,0.0605,53914.9492,0.5,0,0.5,0,1.65
190000,0.0678,72622.6797,0.5,0,0.5,0,0.46
190000,0.0752,94219.0391,0.5,0,0.5,0,0.26
190000,0.0844,124898.227,0.5,0,0.5,0,0.39
190000,0.0942,163126.625,0.5,0,0.5,0,0.47
190000,0.106,217593.734,0.5,0,0.5,0,0.31
190000,0.1189,286660.094,0.5,0,0.5,0,0.33
190000,0.1334,378552.969,0.5,0,0.5,0,0.44
190000,0.1486,494777.125,0.5,0,0.5,0,-0.36
190000,0.167,649517.375,0.5,0,0.5,0,0.48
190000,0.1875,857726.812,0.5,0,0.5,0,0.23
190000,0.2103,1126545.75,0.5,0,0.5,0,-0.14
190000,0.2347,1443867.75,0.5,0,0.5,0,0.35
190000,0.2635,1891264.62,0.5,0,0.5,0,0.45
190000,0.293,2457242.5,0.5,0,0.5,0,-0.6
200000,0.0259,7142.16,0.5,0,0.5,0,1.42
200000,0.03,10492.2197,0.5,0,0.5,0,0.05
200000,0.0343,14711.8,0.5,0,0.5,0,-0.47
200000,0.0378,18687.8203,0.5,0,0.5,0,0.1
200000,0.043,25477.9492,0.5,0,0.5,0,-0.18
200000,0.0482,33318.2812,0.5,0,0.5,0,0.39
200000,0.054,43961.7891,0.5,0,0.5,0,0.51
200000,0.0602,57893.9102,0.5,0,0.5,0,0.61
200000,0.0676,78506.4922,0.5,0,0.5,0,-0.63
200000,0.0749,100546.312,0.5,0,0.5,0,0.43
200000,0.0844,135380.156,0.5,0,0.5,0,-0.31
200000,0.0948,177943.625,0.5,0,0.5,0,0.84
200000,0.106,236003.859,0.5,0,0.5,0,-0.27
200000,0.1192,311493.656,0.5,0,0.5,0,0.55
200000,0.1335,409923.469,0.5,0,0.5,0,0.3
200000,0.1491,537302.812,0.5,0,0.5,0,-0.15
200000,0.1673,705853,0.5,0,0.5,0,-0.01
200000,0.1879,927774.875,0.5,0,0.5,0,0.44
200000,0.2091,1210186.5,0.5,0,0.5,0,-1.05
200000,0.2353,1568948.75,0.5,0,0.5,0,0.29
200000,0.2633,2035512.5,0.5,0,0.5,0,0.62
200000,0.293,2645931.25,0.5,0,0.5,0,-0.13
210000,0.0247,6869.55,0.5,0,0.5,0,0.11
210000,0.0303,11497.0703,0.5,0,0.5,0,0.16
210000,0.0343,15727.3799,0.5,0,0.5,0,0.15
210000,0.0384,20957.0508,0.5,0,0.5,0,-0.98
210000,0.0424,25958.2109,0.5,0,0.5,0,2.05
210000,0.0482,35952.1797,0.5,0,0.5,0,-0.11
210000,0.0538,46987.3086,0.5,0,0.5,0,0.35
210000,0.0605,63048.3,0.5,0,0.5,0,0.64
210000,0.0673,82899.0469,0.5,0,0.5,0,-0.05
210000,0.0755,109820.25,0.5,0,0.5,0,0.6
210000,0.0843,145012.547,0.5,0,0.5,0,-0.01
210000,0.0948,192586.016,0.5,0,0.5,0,0.23
210000,0.1065,255900.688,0.5,0,0.5,0,0.17
210000,0.1192,335288.375,0.5,0,0.5,0,0.6
210000,0.1327,437819.562,0.5,0,0.5,0,-0.19
210000,0.149,575172.625,0.5,0,0.5,0,0.25
210000,0.167,753861,0.5,0,0.5,0,0.43
210000,0.1878,995214.5,0.5,0,0.5,0,0.71
210000,0.2092,1291714.88,0.5,0,0.5,0,0.01
210000,0.2349,1675406.12,0.5,0,0.5,0,0.75
210000,0.2618,2177651.75,0.5,0,0.5,0,-0.09
210000,0.2929,2834935.5,0.5,0,0.5,0,0.18
220000,0.0235,6568.63,0.5,0,0.5,0,0.83
220000,0.0272,9492.07,0.5,0,0.5,0,-0.09
220000,0.0304,12496.7695,0.5,0,0.5,0,-0.05
220000,0.0343,16809.4199,0.5,0,0.5,0,0.48
220000,0.038,21822.1895,0.5,0,0.5,0,-0.55
220000,0.0429,29089.3906,0.5,0,0.5,0,-0.08
220000,0.0479,37501.7109,0.5,0,0.5,0,1.15
220000,0.0538,50206.9297,0.5,0,0.5,0,0.73
220000,0.06,66388.1406,0.5,0,0.5,0,0.19
220000,0.0673,89440.4531,0.5,0,0.5,0,-0.4
220000,0.0751,117655.352,0.5,0,0.5,0,-0.6
220000,0.0845,155565.984,0.5,0,0.5,0,0.47
220000,0.0945,205124.562,0.5,0,0.5,0,0.3
220000,0.1066,275966.75,0.5,0,0.5,0,0.03
220000,0.119,361621.094,0.5,0,0.5,0,-0.32
220000,0.1326,469754.156,0.5,0,0.5,0,-0.22
220000,0.1493,622884.562,0.5,0,0.5,0,-0.04
220000,0.1675,816095.75,0.5,0,0.5,0,0.29
220000,0.1873,1067312.12,0.5,0,0.5,0,0.23
220000,0.2096,1395292.88,0.5,0,0.5,0,-0.17
220000,0.2349,1799782.5,0.5,0,0.5,0,0.77
220000,0.2614,2331812.75,0.5,0,0.5,0,-0.2
220000,0.2936,3054174.25,0.5,0,0.5,0,0.39
230000,0.0225,6394.5,0.5,0,0.5,0,0.1
230000,0.0268,9827.96,0.5,0,0.5,0,-0.12
230000,0.0305,13523.0801,0.5,0,0.5,0,0.2
230000,0.0343,18072.5195,0.5,0,0.5,0,-0.06
230000,0.0379,22817.9,0.5,0,0.5,0,1.24
230000,0.0423,29996.9707,0.5,0,0.5,0,0.61
230000,0.0477,39935.5508,0.5,0,0.5,0,0.9
230000,0.0537,53434.3398,0.5,0,0.5,0,0.98
230000,0.06,71476.5781,0.5,0,0.5,0,-0.2
230000,0.0673,95427.0078,0.5,0,0.5,0,-0.16
230000,0.0751,124583,0.5,0,0.5,0,0.36
230000,0.0845,166937.531,0.5,0,0.5,0,0.48
230000,0.0946,221699.5,0.5,0,0.5,0,-0.15
230000,0.1063,294313.812,0.5,0,0.5,0,0.05
230000,0.1185,384172.969,0.5,0,0.5,0,-0.3
230000,0.1329,504190.156,0.5,0,0.5,0,0.02
230000,0.149,664582.562,0.5,0,0.5,0,-0.18
230000,0.1676,876460.688,0.5,0,0.5,0,0.39
230000,0.1866,1143621.62,0.5,0,0.5,0,-0.77
230000,0.2094,1495024,0.5,0,0.5,0,-0.29
230000,0.2338,1910119.62,0.5,0,0.5,0,0.64
230000,0.2607,2481499.75,0.5,0,0.5,0,-0.17
230000,0.293,3270335.75,0.5,0,0.5,0,-0.38
240000,0.0216,6150.79,0.5,0,0.5,0,1.05
240000,0.0271,10823.8398,0.5,0,0.5,0,0.21
240000,0.0303,14214.3896,0.5,0,0.5,0,0.31
240000,0.0342,19327.4805,0.5,0,0.5,0,-0.88
240000,0.0378,24074.2207,0.5,0,0.5,0,1.6
240000,0.0429,33691.6289,0.5,0,0.5,0,-1.53
240000,0.048,43689.4688,0.5,0,0.5,0,0
240000,0.0536,57464.0781,0.5,0,0.5,0,0.19
240000,0.0596,75136.5312,0.5,0,0.5,0,0.01
240000,0.067,100351.5,0.5,0,0.5,0,0.64
240000,0.0753,133937.188,0.5,0,0.5,0,0.47
240000,0.0845,179178.781,0.5,0,0.5,0,0.18
240000,0.0947,237214.969,0.5,0,0.5,0,0.11
240000,0.1063,314749.031,0.5,0,0.5,0,-0.02
240000,0.1182,407116.531,0.5,0,0.5,0,-0.06
240000,0.1327,538234.438,0.5,0,0.5,0,-0.12
240000,0.1493,709912.562,0.5,0,0.5,0,0.35
240000,0.1673,932929.062,0.5,0,0.5,0,0.47
240000,0.1869,1220593.38,0.5,0,0.5,0,0
240000,0.2095,1597872.38,0.5,0,0.5,0,-0.2
240000,0.2331,2042822.62,0.5,0,0.5,0,-0.26
240000,0.2616,2671255,0.5,0,0.5,0,-0.15
240000,0.2927,3470060.5,0.5,0,0.5,0,0.02
250000,0.0207,6028.65,0.5,0,0.5,0,0.7
250000,0.024,8578.21,0.5,0,0.5,0,0.59
250000,0.0268,11152.5098,0.5,0,0.5,0,0.73
250000,0.0302,15002.0703,0.5,0,0.5,0,0.52
250000,0.0342,20414.5605,0.5,0,0.5,0,0.32
250000,0.0385,27515.1406,0.5,0,0.5,0,-0.73
250000,0.0425,34280.1484,0.5,0,0.5,0,1.17
250000,0.0482,46659.6289,0.5,0,0.5,0,1.08
250000,0.0539,62659.5117,0.5,0,0.5,0,-0.46
250000,0.06,81914.5625,0.5,0,0.5,0,-0.05
250000,0.0672,108205.203,0.5,0,0.5,0,0.25
250000,0.0755,144102.625,0.5,0,0.5,0,0.58
250000,0.0848,193110.531,0.5,0,0.5,0,-0.09
250000,0.0953,257537.438,0.5,0,0.5,0,0.14
250000,0.1064,334923.125,0.5,0,0.5,0,0.67
250000,0.1186,437812.719,0.5,0,0.5,0,-0.02
250000,0.1332,576907.438,0.5,0,0.5,0,0.26
250000,0.1495,758943.875,0.5,0,0.5,0,0.52
250000,0.1668,997839.938,0.5,0,0.5,0,-0.57
250000,0.1875,1310441.5,0.5,0,0.5,0,0.15
250000,0.2099,1704022.62,0.5,0,0.5,0,0.45
250000,0.2337,2181405.5,0.5,0,0.5,0,0.35
250000,0.2619,2838769.5,0.5,0,0.5,0,0.37
250000,0.294,3722615,0.5,0,0.5,0,0.4
260000,0.0199,5925.79,0.5,0,0.5,0,0.39
260000,0.0244,9500.86,0.5,0,0.5,0,0.69
260000,0.027,12216.2402,0.5,0,0.5,0,0.38
260000,0.0303,16271.0498,0.5,0,0.5,0,0.02
260000,0.0343,21529.2207,0.5,0,0.5,0,1.81
260000,0.0383,28390.3105,0.5,0,0.5,0,0.97
260000,0.0429,37986.6289,0.5,0,0.5,0,0.11
260000,0.0481,49634.4219,0.5,0,0.5,0,1.17
260000,0.0536,65921.2812,0.5,0,0.5,0,-0.23
260000,0.0599,87115.9766,0.5,0,0.5,0,-0.22
260000,0.0672,115616.461,0.5,0,0.5,0,-0.28
260000,0.0755,154153.938,0.5,0,0.5,0,0.04
260000,0.0847,206357.344,0.5,0,0.5,0,-0.38
260000,0.0947,270482.844,0.5,0,0.5,0,0
260000,0.1057,354781.281,0.5,0,0.5,0,-0.41
260000,0.1185,463910.531,0.5,0,0.5,0,0.28
260000,0.133,611151.062,0.5,0,0.5,0,0.34
260000,0.1496,808338,0.5,0,0.5,0,0.73
260000,0.1664,1057070.88,0.5,0,0.5,0,-0.52
260000,0.187,1386693.12,0.5,0,0.5,0,0.27
260000,0.2088,1812270.75,0.5,0,0.5,0,-0.77
260000,0.2329,2306600.75,0.5,0,0.5,0,0.09
260000,0.2617,3027947,0.5,0,0.5,0,-0.17
260000,0.2935,3959144.75,0.5,0,0.5,0,-0.23
270000,0.0192,5811.66,0.5,0,0.5,0,1.61
270000,0.0216,7696.61,0.5,0,0.5,0,0.09
270000,0.0242,9934.42,0.5,0,0.5,0,0.8
270000,0.0274,13433.29,0.5,0,0.5,0,0.94
270000,0.0304,17538.1699,0.5,0,0.5,0,-0.32
270000,0.0343,23142.4395,0.5,0,0.5,0,1.44
270000,0.0381,30335.0195,0.5,0,0.5,0,-0.07
270000,0.0429,40383.1797,0.5,0,0.5,0,0.39
270000,0.0482,53305.1406,0.5,0,0.5,0,1.13
270000,0.0536,69734.5469,0.5,0,0.5,0,0.53
270000,0.0599,92554.4375,0.5,0,0.5,0,0.03
270000,0.0672,122554.047,0.5,0,0.5,0,0.51
270000,0.0751,161825.609,0.5,0,0.5,0,0.4
270000,0.0848,219770.906,0.5,0,0.5,0,0.03
270000,0.095,290745.625,0.5,0,0.5,0,-0.1
270000,0.1058,376921.875,0.5,0,0.5,0,0.03
270000,0.1188,497211.344,0.5,0,0.5,0,0.13
270000,0.1334,654872.938,0.5,0,0.5,0,0.36
270000,0.1492,857911.062,0.5,0,0.5,0,0.38
270000,0.1666,1120659.12,0.5,0,0.5,0,0.25
270000,0.187,1478036.5,0.5,0,0.5,0,0.07
270000,0.208,1906482.5,0.5,0,0.5,0,-0.51
270000,0.2333,2451530.5,0.5,0,0.5,0,0.53
270000,0.2617,3202227,0.5,0,0.5,0,0.21
270000,0.2936,4194468.5,0.5,0,0.5,0,0.02
280000,0.0185,5826.48,0.5,0,0.5,0,-0.27
280000,0.0215,8119.52,0.5,0,0.5,0,0.28
280000,0.0239,10392.1,0.5,0,0.5,0,0.54
280000,0.027,13997.9805,0.5,0,0.5,0,0.04
280000,0.0307,19085.6,0.5,0,0.5,0,-0.34
280000,0.0343,25169.3594,0.5,0,0.5,0,-0.63
280000,0.0379,31573.8906,0.5,0,0.5,0,1.19
280000,0.043,43020.75,0.5,0,0.5,0,1.08
280000,0.048,57072.8711,0.5,0,0.5,0,-0.3
280000,0.0535,73780.8125,0.5,0,0.5,0,1.06
280000,0.06,98512.4766,0.5,0,0.5,0,0.2
280000,0.0673,129729.719,0.5,0,0.5,0,1.53
280000,0.0756,174440.516,0.5,0,0.5,0,0.57
280000,0.085,233040.203,0.5,0,0.5,0,0.87
280000,0.0948,304524.656,0.5,0,0.5,0,1.04
280000,0.1058,399395.656,0.5,0,0.5,0,0.51
280000,0.1189,525555.125,0.5,0,0.5,0,1.01
280000,0.1334,693693,0.5,0,0.5,0,0.77
280000,0.1489,912395.25,0.5,0,0.5,0,-0.2
280000,0.1671,1196097.62,0.5,0,0.5,0,0.58
280000,0.1872,1559298.25,0.5,0,0.5,0,1.1
280000,0.2082,2021887,0.5,0,0.5,0,-0.17
280000,0.2337,2601348.25,0.5,0,0.5,0,0.85
280000,0.2621,3397298.5,0.5,0,0.5,0,0.56
280000,0.293,4418645,0.5,0,0.5,0,0.25
290000,0.0179,5699.69,0.5,0,0.5,0,0.54
290000,0.0213,8432.05,0.5,0,0.5,0,1.42
290000,0.0242,11288.6299,0.5,0,0.5,0,2.06
290000,0.0272,15111.5098,0.5,0,0.5,0,0.88
290000,0.0301,19285.0801,0.5,0,0.5,0,1.06
290000,0.0342,26052.4,0.5,0,0.5,0,2.02
290000,0.0384,34819.9609,0.5,0,0.5,0,1.07
290000,0.0429,45314.9609,0.5,0,0.5,0,1.78
290000,0.0475,59118.6797,0.5,0,0.5,0,0.22
290000,0.0533,78319.2188,0.5,0,0.5,0,0.6
290000,0.0598,103317.492,0.5,0,0.5,0,1.23
290000,0.0673,138750.734,0.5,0,0.5,0,0.98
290000,0.0752,183484.328,0.5,0,0.5,0,0.54
290000,0.0849,247692.547,0.5,0,0.5,0,0.63
290000,0.0943,321686.562,0.5,0,0.5,0,0.5
290000,0.1058,424913.125,0.5,0,0.5,0,0.35
290000,0.1185,557521.688,0.5,0,0.5,0,0.27
290000,0.1332,734988.438,0.5,0,0.5,0,0.69
290000,0.1485,961480.188,0.5,0,0.5,0,0.04
290000,0.1667,1264715.25,0.5,0,0.5,0,0.37
290000,0.1864,1651376.88,0.5,0,0.5,0,0.17
290000,0.2076,2135991.5,0.5,0,0.5,0,-0.36
290000,0.2332,2758531.5,0.5,0,0.5,0,0.25
290000,0.2616,3582705,0.5,0,0.5,0,0.45
300000,0.0173,5687.23,0.5,0,0.5,0,0.52
300000,0.0217,9600.98,0.5,0,0.5,0,0.21
300000,0.024,12033.4502,0.5,0,0.5,0,0.02
300000,0.0271,16258.1104,0.5,0,0.5,0,-1.07
300000,0.0302,20630.0195,0.5,0,0.5,0,1.65
300000,0.0343,28482.4199,0.5,0,0.5,0,-0.61
300000,0.0384,37580.0898,0.5,0,0.5,0,-0.4
300000,0.0429,49259.1797,0.5,0,0.5,0,-0.16
300000,0.0477,63761.3203,0.5,0,0.5,0,-0.04
300000,0.0534,84214.4375,0.5,0,0.5,0,-0.09
300000,0.0602,112573.562,0.5,0,0.5,0,0.38
300000,0.0671,148147.766,0.5,0,0.5,0,-0.18
300000,0.0758,200028.188,0.5,0,0.5,0,0.11
300000,0.0847,263088.688,0.5,0,0.5,0,0.27
300000,0.0943,342903.25,0.5,0,0.5,0,-0.01
300000,0.106,455250.844,0.5,0,0.5,0,-0.06
300000,0.1188,596391.125,0.5,0,0.5,0,0.27
300000,0.1333,782102.5,0.5,0,0.5,0,0.64
300000,0.1488,1023043.81,0.5,0,0.5,0,0.26
300000,0.1669,1346787.88,0.5,0,0.5,0,0.29
300000,0.1859,1743776.5,0.5,0,0.5,0,0.02
300000,0.2081,2270725.25,0.5,0,0.5,0,-0.18
300000,0.2335,2918912,0.5,0,0.5,0,0.55
300000,0.2618,3803134.25,0.5,0,0.5,0,0.26
310000,0.0167,5554.36,0.5,0,0.5,0,1.24
310000,0.0194,7969.23,0.5,0,0.5,0,-1.2
310000,0.0216,10193.3203,0.5,0,0.5,0,-0.91
310000,0.0244,13340.75,0.5,0,0.5,0,0.12
310000,0.027,16945.1094,0.5,0,0.5,0,0.55
310000,0.0305,22760.1602,0.5,0,0.5,0,0.04
310000,0.0343,30197.5801,0.5,0,0.5,0,0.21
310000,0.0382,39564.8516,0.5,0,0.5,0,0.02
310000,0.0428,52274.7109,0.5,0,0.5,0,-0.16
310000,0.0478,67991.1328,0.5,0,0.5,0,0.32
310000,0.0533,88856.9375,0.5,0,0.5,0,0.31
310000,0.06,118125.18,0.5,0,0.5,0,0.94
310000,0.0669,156213.766,0.5,0,0.5,0,0
310000,0.0755,209160.406,0.5,0,0.5,0,0.83
310000,0.0844,277286.469,0.5,0,0.5,0,0.19
310000,0.0941,362807.031,0.5,0,0.5,0,-0.03
310000,0.1059,483631.281,0.5,0,0.5,0,-0.35
310000,0.1189,634141.062,0.5,0,0.5,0,0.16
310000,0.133,829251.75,0.5,0,0.5,0,0.23
310000,0.1489,1092774.62,0.5,0,0.5,0,-0.19
310000,0.1664,1419166.12,0.5,0,0.5,0,0.23
310000,0.1853,1839647.38,0.5,0,0.5,0,-0.29
310000,0.2083,2408828.25,0.5,0,0.5,0,-0.23
310000,0.2334,3088566.75,0.5,0,0.5,0,0.35
310000,0.2612,4012985.25,0.5,0,0.5,0,-0.2
320000,0.0162,5578.72,0.5,0,0.5,0,-0.01
320000,0.0193,8248.46,0.5,0,0.5,0,1.63
320000,0.0214,10560.3398,0.5,0,0.5,0,0.93
320000,0.0241,13875.96,0.5,0,0.5,0,0.63
320000,0.0273,18558.8,0.5,0,0.5,0,0.79
320000,0.0306,24281.1094,0.5,0,0.5,0,0.62
320000,0.0343,31810.7695,0.5,0,0.5,0,2
320000,0.0383,41826.4,0.5,0,0.5,0,1.83
320000,0.0427,55439.5195,0.5,0,0.5,0,-0.29
320000,0.0479,72783.2188,0.5,0,0.5,0,0.25
320000,0.0534,94391.4688,0.5,0,0.5,0,0.85
320000,0.0602,126691.172,0.5,0,0.5,0,0.79
320000,0.0671,166876.625,0.5,0,0.5,0,0.25
320000,0.0756,225020.781,0.5,0,0.5,0,-0.26
320000,0.0844,295055.25,0.5,0,0.5,0,0.12
320000,0.0944,387266.75,0.5,0,0.5,0,0.05
320000,0.1058,510614.531,0.5,0,0.5,0,-0.04
320000,0.1189,670594.812,0.5,0,0.5,0,0.48
320000,0.1327,878183.688,0.5,0,0.5,0,-0.29
320000,0.1486,1149508.25,0.5,0,0.5,0,-0.02
320000,0.1666,1508947.25,0.5,0,0.5,0,0.04
320000,0.1854,1948162.25,0.5,0,0.5,0,-0.28
320000,0.2081,2543485.75,0.5,0,0.5,0,-0.37
320000,0.2332,3249823.5,0.5,0,0.5,0,0.5
330000,0.0157,5466.22,0.5,0,0.5,0,3.42
330000,0.0193,8799.02,0.5,0,0.5,0,1.37
330000,0.0218,11749.3398,0.5,0,0.5,0,1.18
330000,0.0244,15178.9805,0.5,0,0.5,0,0.93
330000,0.027,19096.7402,0.5,0,0.5,0,1.78
330000,0.0307,26110.3,0.5,0,0.5,0,0.91
330000,0.0344,34330.0781,0.5,0,0.5,0,1.37
330000,0.0385,45648.4414,0.5,0,0.5,0,0.55
330000,0.0426,58583.5195,0.5,0,0.5,0,0.33
330000,0.0478,76481.8438,0.5,0,0.5,0,1.03
330000,0.0537,101667.18,0.5,0,0.5,0,0.79
330000,0.0601,134526.875,0.5,0,0.5,0,0.48
330000,0.0674,178576.375,0.5,0,0.5,0,0.62
330000,0.0756,237047.906,0.5,0,0.5,0,0.81
330000,0.0843,311292.406,0.5,0,0.5,0,0.16
330000,0.0944,409129.125,0.5,0,0.5,0,0.24
330000,0.106,540689.062,0.5,0,0.5,0,0.26
330000,0.1192,707757.188,0.5,0,0.5,0,1.31
330000,0.1327,927604.438,0.5,0,0.5,0,-0.17
330000,0.1489,1212186.62,0.5,0,0.5,0,0.7
330000,0.1659,1579450.5,0.5,0,0.5,0,0.05
330000,0.1861,2063851.75,0.5,0,0.5,0,0.22
330000,0.208,2671289,0.5,0,0.5,0,0.04
330000,0.2336,3433125,0.5,0,0.5,0,1.75
340000,0.0152,5460.66,0.5,0,0.5,0,1.76
340000,0.0172,7261.96,0.5,0,0.5,0,0.88
340000,0.0192,9296.46,0.5,0,0.5,0,1.25
340000,0.0217,12347.29,0.5,0,0.5,0,0.91
340000,0.0242,15855.0703,0.5,0,0.5,0,0.36
340000,0.0273,20827.3,0.5,0,0.5,0,1.5
340000,0.0302,26794.9102,0.5,0,0.5,0,0.73
340000,0.0343,36431.8203,0.5,0,0.5,0,1.31
340000,0.0383,48086.1719,0.5,0,0.5,0,0.57
340000,0.0425,62169.4297,0.5,0,0.5,0,0.31
340000,0.0476,80449.7734,0.5,0,0.5,0,1.33
340000,0.0536,107915.391,0.5,0,0.5,0,0.78
340000,0.0602,143212.094,0.5,0,0.5,0,0.86
340000,0.0673,189270.094,0.5,0,0.5,0,0.45
340000,0.0756,253124.938,0.5,0,0.5,0,0.09
340000,0.0842,329941.531,0.5,0,0.5,0,-0.09
340000,0.0947,436626.969,0.5,0,0.5,0,0.28
340000,0.106,571072.75,0.5,0,0.5,0,0.28
340000,0.1188,751652.438,0.5,0,0.5,0,-0.01
340000,0.1328,982152.562,0.5,0,0.5,0,0
340000,0.1488,1285445.88,0.5,0,0.5,0,0.19
340000,0.1658,1672938.25,0.5,0,0.5,0,-0.48
340000,0.1857,2180239.5,0.5,0,0.5,0,-0.4
340000,0.2084,2831693.75,0.5,0,0.5,0,0.15
340000,0.2336,3627633,0.5,0,0.5,0,2.1
350000,0.0152,6006.76,0.5,0,0.5,0,-1.84
350000,0.0171,7759.32,0.5,0,0.5,0,-0.78
350000,0.0191,10043.5303,0.5,0,0.5,0,-1.59
350000,0.0215,13204.9697,0.5,0,0.5,0,-1.72
350000,0.0242,16892.7891,0.5,0,0.5,0,0.56
350000,0.0269,21980.7891,0.5,0,0.5,0,-0.91
350000,0.0304,29581.3301,0.5,0,0.5,0,-1.97
350000,0.0342,39098.3203,0.5,0,0.5,0,-0.77
350000,0.0381,51457.7891,0.5,0,0.5,0,-1.38
350000,0.0427,67531.7734,0.5,0,0.5,0,-1.02
350000,0.0476,86968.6406,0.5,0,0.5,0,-0.8
350000,0.0535,115389.68,0.5,0,0.5,0,-0.82
350000,0.0597,151918.312,0.5,0,0.5,0,-1.55
350000,0.0672,201676.141,0.5,0,0.5,0,-0.78
350000,0.0754,267351.625,0.5,0,0.5,0,-0.51
350000,0.084,349783.125,0.5,0,0.5,0,-1.09
350000,0.0943,462513.031,0.5,0,0.5,0,-1.22
350000,0.1062,610990.625,0.5,0,0.5,0,-0.7
350000,0.1184,792733.312,0.5,0,0.5,0,-0.6
350000,0.1329,1044220.75,0.5,0,0.5,0,-0.73
350000,0.1487,1357337.5,0.5,0,0.5,0,-0.08
350000,0.1653,1760673.88,0.5,0,0.5,0,-0.97
350000,0.1856,2294822.25,0.5,0,0.5,0,-0.42
350000,0.2079,2977876.75,0.5,0,0.5,0,-0.09
350000,0.2328,3818474.75,0.5,0,0.5,0,1.89
360000,0.0152,6399.67,0.5,0,0.5,0,-1.68
360000,0.0171,8273.77,0.5,0,0.5,0,-1.14
360000,0.0192,10834.2695,0.5,0,0.5,0,-1.03
360000,0.0214,13989.9199,0.5,0,0.5,0,-1.96
360000,0.0242,18381.8809,0.5,0,0.5,0,-1.47
360000,0.0271,23837.5098,0.5,0,0.5,0,-1.12
360000,0.0304,31031.2305,0.5,0,0.5,0,-0.51
360000,0.0342,42044.6797,0.5,0,0.5,0,-1.62
360000,0.0378,53855.2,0.5,0,0.5,0,-1.84
360000,0.0425,71102.0312,0.5,0,0.5,0,-1.54
360000,0.0476,92545,0.5,0,0.5,0,-1.06
360000,0.0534,121926.992,0.5,0,0.5,0,-0.84
360000,0.0601,163830.766,0.5,0,0.5,0,-1.7
360000,0.0671,213379.094,0.5,0,0.5,0,-0.75
360000,0.0751,281813.438,0.5,0,0.5,0,-1.11
360000,0.0841,369353.938,0.5,0,0.5,0,-0.63
360000,0.0942,485303.5,0.5,0,0.5,0,-0.75
360000,0.1059,639173.25,0.5,0,0.5,0,-0.31
360000,0.1179,832925,0.5,0,0.5,0,-1.31
360000,0.1327,1098120.75,0.5,0,0.5,0,-0.64
360000,0.1479,1424220.75,0.5,0,0.5,0,-0.9
360000,0.1651,1840597.62,0.5,0,0.5,0,-0.61
360000,0.1854,2410145.5,0.5,0,0.5,0,-0.55
360000,0.2079,3130743.75,0.5,0,0.5,0,0.22
370000,0.015,6392.61,0.5,0,0.5,0,1.57
370000,0.0171,8722.88,0.5,0,0.5,0,1.03
370000,0.0194,11599.1,0.5,0,0.5,0,1.14
370000,0.0218,15081.0596,0.5,0,0.5,0,0.62
370000,0.0241,18594.4805,0.5,0,0.5,0,2.15
370000,0.0274,25423.6895,0.5,0,0.5,0,0.98
370000,0.0306,32843.5586,0.5,0,0.5,0,1.63
370000,0.0343,43792.8398,0.5,0,0.5,0,1.3
370000,0.0382,57448.4102,0.5,0,0.5,0,-0.02
370000,0.0428,75475.5625,0.5,0,0.5,0,0.06
370000,0.0478,97177.0703,0.5,0,0.5,0,0.91
370000,0.0537,128622.312,0.5,0,0.5,0,1.03
370000,0.0602,172108.844,0.5,0,0.5,0,-0.35
370000,0.0673,223753.375,0.5,0,0.5,0,0.61
370000,0.0752,296393.344,0.5,0,0.5,0,-0.56
370000,0.0842,387567.094,0.5,0,0.5,0,0.17
370000,0.0944,510042.625,0.5,0,0.5,0,0.26
370000,0.1063,674314.375,0.5,0,0.5,0,0.59
370000,0.1182,875991.688,0.5,0,0.5,0,-0.25
370000,0.1329,1146742.88,0.5,0,0.5,0,0.7
370000,0.1477,1486295.75,0.5,0,0.5,0,-0.18
370000,0.1656,1940549.25,0.5,0,0.5,0,0.17
370000,0.1857,2525358,0.5,0,0.5,0,0.3
370000,0.2084,3289533.25,0.5,0,0.5,0,0.14
380000,0.0136,5476.93,0.5,0,0.5,0,3.69
380000,0.0153,7248.22,0.5,0,0.5,0,0.49
380000,0.0171,9309.43,0.5,0,0.5,0,0.66
380000,0.0194,12295.9102,0.5,0,0.5,0,0.87
380000,0.0216,15803.6104,0.5,0,0.5,0,-0.02
380000,0.0244,20612.7207,0.5,0,0.5,0,1
380000,0.0271,26378.3691,0.5,0,0.5,0,0.58
380000,0.0307,35312.8086,0.5,0,0.5,0,1.25
380000,0.0342,46580.7305,0.5,0,0.5,0,0.28
380000,0.038,60304.2812,0.5,0,0.5,0,0.12
380000,0.0426,78806.4609,0.5,0,0.5,0,0.22
380000,0.048,102819.602,0.5,0,0.5,0,1.53
380000,0.0535,135036.812,0.5,0,0.5,0,0.51
380000,0.0601,179686.312,0.5,0,0.5,0,0.57
380000,0.0674,238084.672,0.5,0,0.5,0,0.12
380000,0.075,309697.781,0.5,0,0.5,0,-0.26
380000,0.0844,410179.625,0.5,0,0.5,0,0.04
380000,0.0946,536907.062,0.5,0,0.5,0,0.37
380000,0.1061,707774.688,0.5,0,0.5,0,0.2
380000,0.1182,917833.75,0.5,0,0.5,0,-0.02
380000,0.1328,1204778.5,0.5,0,0.5,0,0.45
380000,0.1478,1568285.25,0.5,0,0.5,0,-0.52
380000,0.1658,2044314.38,0.5,0,0.5,0,-0.12
380000,0.1857,2653155.75,0.5,0,0.5,0,0.21
380000,0.2083,3448260,0.5,0,0.5,0,1.54
390000,0.0137,5993.15,0.5,0,0.5,0,0.41
390000,0.0154,7658.4,0.5,0,0.5,0,1.25
390000,0.0171,9879.24,0.5,0,0.5,0,0.67
390000,0.0193,12951.6104,0.5,0,0.5,0,0.8
390000,0.0214,16238.7598,0.5,0,0.5,0,1.27
390000,0.0241,21213.7109,0.5,0,0.5,0,1
390000,0.0272,28425.1504,0.5,0,0.5,0,0.22
390000,0.0304,36517.6484,0.5,0,0.5,0,1.02
390000,0.0342,49210.4,0.5,0,0.5,0,0.45
390000,0.0379,62966.3594,0.5,0,0.5,0,0.18
390000,0.0428,84346.9922,0.5,0,0.5,0,-0.2
390000,0.0479,108987.703,0.5,0,0.5,0,0.57
390000,0.0536,144473.766,0.5,0,0.5,0,-0.43
390000,0.06,188943.844,0.5,0,0.5,0,0.34
390000,0.0673,249769.547,0.5,0,0.5,0,0.22
390000,0.075,326229.312,0.5,0,0.5,0,-0.32
390000,0.0843,430327.031,0.5,0,0.5,0,0.15
390000,0.0945,563824.75,0.5,0,0.5,0,0.36
390000,0.1057,739750.125,0.5,0,0.5,0,-0.09
390000,0.1183,964870.812,0.5,0,0.5,0,0.15
390000,0.1324,1260933.5,0.5,0,0.5,0,-0.03
390000,0.1477,1640446.12,0.5,0,0.5,0,-0.41
390000,0.1657,2141360.5,0.5,0,0.5,0,-0.11
390000,0.1856,2776399.25,0.5,0,0.5,0,0.42
390000,0.2075,3588156.75,0.5,0,0.5,0,1.85
400000,0.0137,6330.02,0.5,0,0.5,0,1.56
400000,0.0154,8217.34,0.5,0,0.5,0,1.39
400000,0.0171,10415.7695,0.5,0,0.5,0,1.12
400000,0.0193,13619.1904,0.5,0,0.5,0,1.14
400000,0.0216,17631.1,0.5,0,0.5,0,0.99
400000,0.0245,23109.5293,0.5,0,0.5,0,1.76
400000,0.0273,29906.0293,0.5,0,0.5,0,1.45
400000,0.0305,39123.25,0.5,0,0.5,0,0.78
400000,0.0342,51797.5312,0.5,0,0.5,0,0.57
400000,0.0379,66096.0234,0.5,0,0.5,0,1.1
400000,0.0426,87365.6875,0.5,0,0.5,0,0.64
400000,0.0478,113419.273,0.5,0,0.5,0,1.79
400000,0.0537,152618.953,0.5,0,0.5,0,-0.11
400000,0.0601,198279.766,0.5,0,0.5,0,0.92
400000,0.0673,261736.594,0.5,0,0.5,0,0.63
400000,0.0752,341876.25,0.5,0,0.5,0,0.61
400000,0.0843,450927.125,0.5,0,0.5,0,0.43
400000,0.0945,592716.625,0.5,0,0.5,0,0.31
400000,0.1054,771729.062,0.5,0,0.5,0,-0.17
400000,0.1185,1012840.75,0.5,0,0.5,0,0.59
400000,0.1324,1321787,0.5,0,0.5,0,0.25
400000,0.1476,1714321,0.5,0,0.5,0,-0.11
400000,0.1657,2241946,0.5,0,0.5,0,-0.07
400000,0.186,2911464.75,0.5,0,0.5,0,1.01
410000,0.0137,6965.01,0.5,0,0.5,0,-2.49
410000,0.0154,8977.94,0.5,0,0.5,0,-2.02
410000,0.0171,11310.6504,0.5,0,0.5,0,-2.22
410000,0.0192,14774.0898,0.5,0,0.5,0,-3.02
410000,0.0216,19046.4297,0.5,0,0.5,0,-1.17
410000,0.0241,24342.6094,0.5,0,0.5,0,-1.52
410000,0.0271,32141.6602,0.5,0,0.5,0,-1.87
410000,0.0304,41816.2695,0.5,0,0.5,0,-0.83
410000,0.0339,55055.2812,0.5,0,0.5,0,-1.98
410000,0.0381,72314.8203,0.5,0,0.5,0,-1.56
410000,0.0426,94215.5391,0.5,0,0.5,0,-1.46
410000,0.0477,121591.211,0.5,0,0.5,0,-0.91
410000,0.0534,160095.984,0.5,0,0.5,0,-1.21
410000,0.06,211804.906,0.5,0,0.5,0,-0.79
410000,0.0668,275227.125,0.5,0,0.5,0,-1.34
410000,0.0749,362660.406,0.5,0,0.5,0,-1.38
410000,0.0842,477486,0.5,0,0.5,0,-1.06
410000,0.0945,628343.938,0.5,0,0.5,0,-0.79
410000,0.1049,812104.062,0.5,0,0.5,0,-1.39
410000,0.1182,1067588,0.5,0,0.5,0,-0.56
410000,0.1318,1390380,0.5,0,0.5,0,-1.12
410000,0.147,1790627.5,0.5,0,0.5,0,-0.71
410000,0.1651,2343082.75,0.5,0,0.5,0,-0.62
410000,0.1853,3042686.75,0.5,0,0.5,0,0.3
420000,0.0136,7061.44,0.5,0,0.5,0,1.07
420000,0.0155,9341.69,0.5,0,0.5,0,1.38
420000,0.0171,11702.0303,0.5,0,0.5,0,1.31
420000,0.0192,15169.8604,0.5,0,0.5,0,0.72
420000,0.0216,19728.5,0.5,0,0.5,0,0.82
420000,0.0243,25512.3301,0.5,0,0.5,0,1.49
420000,0.0273,33552.1484,0.5,0,0.5,0,1.28
420000,0.0306,44215.3711,0.5,0,0.5,0,0.83
420000,0.0341,57426.0508,0.5,0,0.5,0,0.5
420000,0.0381,74849.6719,0.5,0,0.5,0,0.59
420000,0.0425,96956.7734,0.5,0,0.5,0,0.59
420000,0.0478,127048.594,0.5,0,0.5,0,0.9
420000,0.0535,166988.734,0.5,0,0.5,0,0.45
420000,0.0601,221354.891,0.5,0,0.5,0,-0.06
420000,0.067,288162.75,0.5,0,0.5,0,-0.14
420000,0.0753,377529.5,0.5,0,0.5,0,0.7
420000,0.0844,497040.344,0.5,0,0.5,0,0.51
420000,0.0947,653224.938,0.5,0,0.5,0,0.63
420000,0.1057,855335.375,0.5,0,0.5,0,-0.25
420000,0.1183,1108354.62,0.5,0,0.5,0,0.56
420000,0.132,1443031.25,0.5,0,0.5,0,0.02
420000,0.1478,1879802.12,0.5,0,0.5,0,0.17
420000,0.1655,2442016,0.5,0,0.5,0,0.37
420000,0.1859,3179697.25,0.5,0,0.5,0,1.69
430000,0.0124,6101.85,0.5,0,0.5,0,0.37
430000,0.0135,7308.19,0.5,0,0.5,0,0.9
430000,0.0155,10005.0498,0.5,0,0.5,0,0.45
430000,0.0171,12418.4,0.5,0,0.5,0,0.52
430000,0.019,15935.5898,0.5,0,0.5,0,-0.43
430000,0.0214,20402.0605,0.5,0,0.5,0,0.96
430000,0.0243,27196.4902,0.5,0,0.5,0,0.21
430000,0.0271,35178.1,0.5,0,0.5,0,0.27
430000,0.0304,46109.3516,0.5,0,0.5,0,0.33
430000,0.034,60507.9688,0.5,0,0.5,0,-0.19
430000,0.038,78606.6406,0.5,0,0.5,0,0.09
430000,0.0428,104116.156,0.5,0,0.5,0,-0.25
430000,0.0477,133890.312,0.5,0,0.5,0,0.23
430000,0.0534,174883.703,0.5,0,0.5,0,0.1
430000,0.0599,231896.984,0.5,0,0.5,0,-0.28
430000,0.0669,302329.031,0.5,0,0.5,0,-0.39
430000,0.0752,397577.844,0.5,0,0.5,0,0.07
430000,0.0841,520112.531,0.5,0,0.5,0,-0.16
430000,0.0942,680775.188,0.5,0,0.5,0,-0.02
430000,0.1054,892188.688,0.5,0,0.5,0,-0.4
430000,0.1181,1159167,0.5,0,0.5,0,0.21
430000,0.1313,1500690.88,0.5,0,0.5,0,-0.53
430000,0.1474,1962655.25,0.5,0,0.5,0,-0.28
430000,0.165,2544298.5,0.5,0,0.5,0,0.12
430000,0.1852,3318750.5,0.5,0,0.5,0,1.29
440000,0.0121,6076.74,0.5,0,0.5,0,1.39
440000,0.0136,7898.85,0.5,0,0.5,0,0.67
440000,0.0152,10065.3701,0.5,0,0.5,0,0.35
440000,0.0171,13167.8,0.5,0,0.5,0,0.59
440000,0.0194,17384.9805,0.5,0,0.5,0,0.34
440000,0.0219,22684.2305,0.5,0,0.5,0,0.23
440000,0.0241,28003.2695,0.5,0,0.5,0,1.27
440000,0.0273,37783.6719,0.5,0,0.5,0,0.03
440000,0.0303,48218.8281,0.5,0,0.5,0,0.21
440000,0.034,63625.8398,0.5,0,0.5,0,0.37
440000,0.0381,83464.5391,0.5,0,0.5,0,-0.06
440000,0.0426,108480.102,0.5,0,0.5,0,0.03
440000,0.0478,141572.266,0.5,0,0.5,0,-0.21
440000,0.0535,183652.188,0.5,0,0.5,0,0.66
440000,0.0599,241970.672,0.5,0,0.5,0,0.4
440000,0.067,316659.469,0.5,0,0.5,0,0.11
440000,0.0751,416292.969,0.5,0,0.5,0,0
440000,0.0842,545062.25,0.5,0,0.5,0,-0.01
440000,0.0943,713882.812,0.5,0,0.5,0,0.31
440000,0.1056,933109.125,0.5,0,0.5,0,0.18
440000,0.1179,1211376.88,0.5,0,0.5,0,0.19
440000,0.1312,1563821.12,0.5,0,0.5,0,-0.16
440000,0.1479,2055252.5,0.5,0,0.5,0,0.31
440000,0.1655,2664144.75,0.5,0,0.5,0,0.73
440000,0.185,3443689.75,0.5,0,0.5,0,1.67
450000,0.0122,6603.82,0.5,0,0.5,0,0.28
450000,0.0137,8537.75,0.5,0,0.5,0,-0.08
450000,0.0152,10753.9,0.5,0,0.5,0,-0.49
450000,0.0171,13953.2,0.5,0,0.5,0,0.14
450000,0.0193,18174.2207,0.5,0,0.5,0,0.66
450000,0.0217,23534.9297,0.5,0,0.5,0,0.69
450000,0.0244,30523.4609,0.5,0,0.5,0,0.52
450000,0.0272,39296.0703,0.5,0,0.5,0,0.81
450000,0.0303,50948.2617,0.5,0,0.5,0,0.11
450000,0.034,67062.9688,0.5,0,0.5,0,0.18
450000,0.0382,87704.9766,0.5,0,0.5,0,0.56
450000,0.0428,114673.641,0.5,0,0.5,0,0.48
450000,0.0477,147778.766,0.5,0,0.5,0,0.32
450000,0.0538,197041.953,0.5,0,0.5,0,-0.09
450000,0.0599,252883.531,0.5,0,0.5,0,0.75
450000,0.067,332005.625,0.5,0,0.5,0,0.05
450000,0.0751,432497.094,0.5,0,0.5,0,0.64
450000,0.0843,569110.5,0.5,0,0.5,0,0.87
450000,0.0938,739502.312,0.5,0,0.5,0,0.16
450000,0.1055,974689.625,0.5,0,0.5,0,0.32
450000,0.118,1262226.38,0.5,0,0.5,0,0.75
450000,0.1314,1634171.25,0.5,0,0.5,0,0.34
450000,0.1474,2129471.75,0.5,0,0.5,0,0.57
450000,0.1656,2782947.5,0.5,0,0.5,0,1
460000,0.0122,7089.01,0.5,0,0.5,0,-0.9
460000,0.0137,9073.98,0.5,0,0.5,0,-0.54
460000,0.0152,11415.8896,0.5,0,0.5,0,-0.69
460000,0.0171,14791.2197,0.5,0,0.5,0,-1.08
460000,0.0193,19340.6309,0.5,0,0.5,0,-0.5
460000,0.0216,24961.3105,0.5,0,0.5,0,-1.18
460000,0.0242,31776.0703,0.5,0,0.5,0,-0.32
460000,0.0272,41808.4102,0.5,0,0.5,0,-0.43
460000,0.0303,53936.5117,0.5,0,0.5,0,-0.33
460000,0.034,71006.4,0.5,0,0.5,0,-0.34
460000,0.038,92085.75,0.5,0,0.5,0,-0.32
460000,0.0425,119260.188,0.5,0,0.5,0,-0.15
460000,0.0477,155144.438,0.5,0,0.5,0,0.25
460000,0.0535,204588.266,0.5,0,0.5,0,-0.21
460000,0.0597,265468.5,0.5,0,0.5,0,-0.35
460000,0.067,348385,0.5,0,0.5,0,0.24
460000,0.0751,455765.844,0.5,0,0.5,0,0.05
460000,0.0841,595434.875,0.5,0,0.5,0,0.32
460000,0.0938,776679.062,0.5,0,0.5,0,-0.17
460000,0.1055,1019254.88,0.5,0,0.5,0,0.45
460000,0.1175,1314471.75,0.5,0,0.5,0,0.41
460000,0.1316,1716832.5,0.5,0,0.5,0,0.18
460000,0.1472,2223420.5,0.5,0,0.5,0,0.46
460000,0.1656,2904275.25,0.5,0,0.5,0,1.09
470000,0.0122,7297.13,0.5,0,0.5,0,0.23
470000,0.0138,9683.2,0.5,0,0.5,0,-0.27
470000,0.0153,12058.1602,0.5,0,0.5,0,-0.25
470000,0.0171,15487.3701,0.5,0,0.5,0,-0.65
470000,0.0193,20055.1,0.5,0,0.5,0,0.77
470000,0.0215,25558.6406,0.5,0,0.5,0,0.16
470000,0.0244,33856.0391,0.5,0,0.5,0,0.65
470000,0.0273,44089.7383,0.5,0,0.5,0,0.15
470000,0.0303,56621.6,0.5,0,0.5,0,-0.27
470000,0.0339,73790.2109,0.5,0,0.5,0,0.22
470000,0.0379,95349.3203,0.5,0,0.5,0,0.41
470000,0.0426,126211.953,0.5,0,0.5,0,-0.38
470000,0.0477,162580.203,0.5,0,0.5,0,0.37
470000,0.0535,212671.812,0.5,0,0.5,0,0.68
470000,0.0596,276437.562,0.5,0,0.5,0,-0.1
470000,0.0669,363426.094,0.5,0,0.5,0,0.31
470000,0.075,474154.75,0.5,0,0.5,0,0.48
470000,0.0839,621061.125,0.5,0,0.5,0,0.35
470000,0.0938,810113.125,0.5,0,0.5,0,0.31
470000,0.1053,1059673.88,0.5,0,0.5,0,0.83
470000,0.1166,1357358.25,0.5,0,0.5,0,0
470000,0.1313,1781542.75,0.5,0,0.5,0,0.44
470000,0.147,2315286.25,0.5,0,0.5,0,0.42
470000,0.1648,3003337.5,0.5,0,0.5,0,1.12
480000,0.0108,5901.88,0.5,0,0.5,0,0.17
480000,0.0121,7615.39,0.5,0,0.5,0,0.06
480000,0.0136,9744.6,0.5,0,0.5,0,0.04
480000,0.0153,12750.2402,0.5,0,0.5,0,0.26
480000,0.017,16254.3604,0.5,0,0.5,0,-0.79
480000,0.0192,20847.1406,0.5,0,0.5,0,0.81
480000,0.0217,27758.2402,0.5,0,0.5,0,-0.47
480000,0.0242,35504.4102,0.5,0,0.5,0,-0.49
480000,0.027,45321.3,0.5,0,0.5,0,0.15
480000,0.0302,59137.7305,0.5,0,0.5,0,-0.08
480000,0.0339,77663.3281,0.5,0,0.5,0,-0.01
480000,0.0379,100008.406,0.5,0,0.5,0,0.32
480000,0.0424,130127.391,0.5,0,0.5,0,0.62
480000,0.0478,170484.719,0.5,0,0.5,0,0.73
480000,0.0535,222458.406,0.5,0,0.5,0,0.9
480000,0.0595,286247,0.5,0,0.5,0,0.87
480000,0.0671,380200.625,0.5,0,0.5,0,1.23
480000,0.0751,495918,0.5,0,0.5,0,1.08
480000,0.0842,647401.25,0.5,0,0.5,0,1.5
480000,0.094,846191.562,0.5,0,0.5,0,1.06
480000,0.1055,1106765.25,0.5,0,0.5,0,1.36
480000,0.1172,1422678.12,0.5,0,0.5,0,0.94
480000,0.1316,1855124.38,0.5,0,0.5,0,1.59
480000,0.1474,2411412.5,0.5,0,0.5,0,1.6
480000,0.1651,3131948.25,0.5,0,0.5,0,2.06
490000,0.0109,6402.71,0.5,0,0.5,0,-0.27
490000,0.0122,8195.65,0.5,0,0.5,0,-0.22
490000,0.0136,10423.2598,0.5,0,0.5,0,-0.48
490000,0.0154,13542.3203,0.5,0,0.5,0,0.14
490000,0.017,16823.9199,0.5,0,0.5,0,1
490000,0.0192,21896.1,0.5,0,0.5,0,1.03
490000,0.0217,28987.3496,0.5,0,0.5,0,-0.1
490000,0.0243,37120.7695,0.5,0,0.5,0,0.77
490000,0.0272,48476.2188,0.5,0,0.5,0,0.47
490000,0.0301,61609.9102,0.5,0,0.5,0,0.37
490000,0.0341,81496.9375,0.5,0,0.5,0,1.16
490000,0.0382,105934.062,0.5,0,0.5,0,1.5
490000,0.0425,137582.734,0.5,0,0.5,0,0.41
490000,0.0479,178242.219,0.5,0,0.5,0,1.55
490000,0.0534,231717.484,0.5,0,0.5,0,0.89
490000,0.0597,300853.219,0.5,0,0.5,0,1.28
490000,0.0672,396766.344,0.5,0,0.5,0,1.45
490000,0.0752,516009.5,0.5,0,0.5,0,1.9
490000,0.0842,673664.5,0.5,0,0.5,0,1.83
490000,0.0942,883335.625,0.5,0,0.5,0,1.65
490000,0.1052,1144655,0.5,0,0.5,0,1.77
490000,0.1172,1476500.38,0.5,0,0.5,0,1.7
490000,0.1316,1930205.25,0.5,0,0.5,0,1.92
490000,0.1474,2503276.5,0.5,0,0.5,0,2.13
490000,0.1651,3244642.5,0.5,0,0.5,0,2.83
500000,0.011,6874.57,0.5,0,0.5,0,-1.71
500000,0.0123,8809.79,0.5,0,0.5,0,-1.07
500000,0.0137,11062.0801,0.5,0,0.5,0,-0.73
500000,0.0154,14339.1797,0.5,0,0.5,0,-0.6
500000,0.0171,17948.1602,0.5,0,0.5,0,-0.65
500000,0.0192,23204.4199,0.5,0,0.5,0,-0.98
500000,0.0216,30235.2207,0.5,0,0.5,0,-0.46
500000,0.0243,38955.6914,0.5,0,0.5,0,0.89
500000,0.0271,50639.9688,0.5,0,0.5,0,-0.78
500000,0.0302,64721.2305,0.5,0,0.5,0,0.33
500000,0.034,84989.5938,0.5,0,0.5,0,0.82
500000,0.0381,110831.117,0.5,0,0.5,0,0.97
500000,0.0427,144236.156,0.5,0,0.5,0,0.8
500000,0.0479,185944.828,0.5,0,0.5,0,2.32
500000,0.0535,240881.156,0.5,0,0.5,0,1.97
500000,0.0597,314047.75,0.5,0,0.5,0,1.71
500000,0.0669,408334.781,0.5,0,0.5,0,2.55
500000,0.0752,537962.25,0.5,0,0.5,0,2.22
500000,0.0837,697698.438,0.5,0,0.5,0,1.6
500000,0.0942,919771.438,0.5,0,0.5,0,2.31
500000,0.1053,1196928.5,0.5,0,0.5,0,2.28
500000,0.1172,1535532.5,0.5,0,0.5,0,2.55
500000,0.1316,2005330.75,0.5,0,0.5,0,2.86
500000,0.1476,2608862.75,0.5,0,0.5,0,3.06
