,prediction error
0,3.941328010434055
1,0.014953453940045608
2,5.69808170736526
3,0.7147783150585569
4,3.776746391517682
5,0.9135960679080464
6,13.636803548950763
7,3.305273880948601
8,3.7155620058727368
9,5.654292854672345
10,1.954516890258558
11,1.2881562109687223
12,5.867650197105618
13,4.978860262638062
14,3.3078255904624827
15,7.3747095117025365
16,0.7539773193509209
17,2.6596885075249963
18,9.360492424768898
19,2.053716830113068
20,3.155859545500766
21,0.8111362138999262
22,5.321391536693423
23,0.9586928377628927
24,0.6017371068472691
25,1.1251249611561973
26,0.8856982728940037
27,4.141726666315012
28,4.4217305047041835
29,28.128711620713652
30,2.8969768251307593
31,0.8897646750605601
32,1.6605295888889766
33,17.71155757678001
34,2.490496100836181
35,0.9288763998723061
36,8.938182326572747
37,2.696369076563365
38,3.0760378019296732
39,1.4299039370742597
40,5.818322454890189
41,0.6477786991724418
42,1.0597920041408486
43,20.242580802535677
44,1.9392387463165472
45,0.3127013362151982
46,0.47655090200821193
47,0.01860809385113373
48,13.03129269095138
49,1.479393149222403
50,3.854122920436505
51,5.736754220585096
52,1.6101173112068314
53,3.464522649908258
54,1.4672729700493607
55,2.5552830272029454
56,48.8993914786257
57,2.107280343922099
58,0.7142998025438185
59,7.905499782938528
60,6.538846364331274
61,2.2564080177120447
62,18.659312537252507
63,3.684168315951932
64,0.37316733899458726
65,8.035256817908433
66,4.53762262230638
67,1.4511029131478526
68,1.5251352633614836
69,11.44040218740795
70,5.624323558655728
71,10.752281651768492
72,0.7470242777712406
73,0.22909137275029995
74,7.0876363623297
75,0.5767851959636113
76,4.592287157924545
77,0.5458721238960843
78,3.150904779244443
79,3.204990221601614
80,7.1927328846209315
81,1.5478694570469396
82,7.5618361482643595
83,11.191058554290095
84,1.79484372521396
85,4.289129056963389
86,8.463135544814003
87,12.976987617884507
88,1.296885774474218
89,1.4816188216779413
90,1.4772624989890206
91,4.010030911372596
92,2.279536341121737
93,3.3671678106811718
94,1.3393538769880822
95,0.40367231409429705
96,1.5844740436577485
97,6.35166738462527
98,5.290691707310949
99,4.974646268451359
100,1.0968708489716148
101,42.317722011256464
102,5.201159557063089
103,2.3045021951800853
104,0.07704414846021479
105,0.9491593012051055
106,5.347260029801232
107,2.6938383397808208
108,3.5789425547627944
109,0.3022397227141071
110,0.6392442903763553
111,17.14969724231258
112,0.4061481100555342
113,0.8743189753128586
114,0.4549004236940199
115,0.841455026416661
116,1.8595937043710484
117,0.034676871670621195
118,5.602108258040224
119,0.7079754243973463
120,0.842365334858664
121,0.9093515138158169
122,3.044100115187644
123,7.5388473118571655
124,3.7515236620239016
125,1.2591594376090534
126,0.36714604905262277
127,10.353722507915965
128,9.700448799608953
129,0.7043119613705405
130,0.036700646872068254
131,1.9849443914885265
132,3.2870952241088816
133,5.029195681252526
134,1.7292900902745598
135,1.4248569776816238
136,1.328676559006212
137,1.5801469586182888
138,0.13580660114641543
139,0.17917142266533234
140,3.729768308126207
141,3.4486934916587817
142,3.5222989782376573
143,1.878335506011208
144,19.985730445566684
145,5.261255968701356
146,3.8135765025258337
147,0.7390491417750137
148,0.8149435711549171
149,0.9065597440179998
150,5.930434333783241
151,0.8858445076131467
152,0.2002170102958223
153,7.6859455601809294
154,0.7886534721074098
155,1.5800143797229342
156,2.6484266023906136
157,0.8139518440402232
158,4.17588074214785
159,0.14154952279673655
160,5.685247863220126
161,1.783488300386033
162,0.10157165556324127
163,0.6514694318829367
164,2.1720480572722036
165,7.157507648555705
166,0.5614847846236121
167,12.774558468479492
168,4.63639648736709
169,4.678142240882903
170,0.7474358002116188
171,1.9323080660385408
172,0.5819900447327183
173,18.21544793998817
174,5.719172831638427
175,5.8761569600150985
176,5.010484701496578
177,8.694375858432926
178,5.0864997758049615
179,6.405998886826394
180,1.5149122857093613
181,3.0392559587152634
182,4.089727038264561
183,7.794959430816639
184,10.237093057728178
185,0.7902803256838162
186,5.469591124029285
187,0.14834035918683397
188,2.7694885226990755
189,5.383299818876462
190,0.4551149797062586
191,0.8323663113545486
192,0.7547772494114071
193,0.7333939034316508
194,7.957906811197188
195,7.8725254406360134
196,6.702439108394923
197,0.09565392594986655
198,3.3327826220547654
199,3.954145261426699
200,8.777214936578671
201,2.9116954024519393
202,0.3215114499422151
203,0.678525589830679
204,0.5943025020250964
205,0.4333590593938443
206,6.163256506025044
207,1.3590900112639264
208,5.520065186036288
209,12.456470230698116
210,2.750166047521828
211,3.103067175669318
212,8.869459851195593
213,1.5980973506937322
214,1.1472644162775953
215,1.4612827442510086
216,3.698288347011541
217,5.807207294380735
218,1.0703299248444382
219,8.510750989759654
220,1.0583964698742874
221,7.206167193503257
222,29.460301844870592
223,17.393366079021593
224,2.2420557423978313
225,2.0029581182045355
226,0.2337467533506333
227,1.3036025951252659
228,2.7124192169533794
229,2.0485876260016878
230,0.8388045521830627
231,2.5964540310454383
232,0.16621025151347174
233,15.05076750286402
234,0.7555491140107661
235,2.1271875255834516
236,1.9068746430984231
237,1.1599464510562436
238,0.9118556290248501
239,1.5136772186504455
240,2.3275478253623123
241,0.4744254889223876
242,0.5500438592447442
243,8.367294349363535
244,0.669914008636397
245,0.03366487507484443
246,12.200932036027742
247,5.9089367233092
248,1.3975428954956792
249,0.35006029853603227
250,2.2897694625094474
251,3.3887904272269336
252,1.5295962878250644
253,5.155622657471041
254,1.825822275287179
255,0.7700733381209345
256,3.0751703947940925
257,0.3215464568564326
258,0.2258295526168537
259,0.366281358482141
260,6.022296802976397
261,4.977358855367755
262,0.4861327689953273
263,0.04767407344407308
264,1.1131244643562586
265,0.013855660606162492
266,3.5365766354903063
267,8.860383229212296
268,1.2934160837952862
269,5.996090855978204
270,1.9620827900205617
271,5.02140583752408
272,1.1295327740452443
273,6.662364941971604
274,4.842873203888942
275,0.004530324372966289
276,14.503490561818822
277,1.2469151359736288
278,19.71422080802404
279,0.41393639065317767
280,0.909508344403635
281,0.007778515732751663
282,8.718974794709732
283,1.6377655879137814
284,1.6060892799179474
285,1.6303157847400789
286,4.389042026521412
287,0.6935977593328517
288,17.16281769033654
289,1.3542346353397268
290,8.182272899612073
291,2.3829224362684616
292,0.02088353717295776
293,0.34031536311340926
294,2.5110674261810844
295,13.026608300109825
296,1.9097023033835518
297,9.79509811740032
298,2.0292426935241723
299,1.4990566092495332
300,2.589103479712146
301,1.006289496924384
302,0.4465186584938796
303,7.070710647260661
304,4.543201017973703
305,10.462453140265373
306,2.90022301765296
307,0.4000286416365588
308,0.49966680581712075
309,9.460704827479734
310,2.5869477734582627
311,4.899653274217509
312,1.6624674035755174
313,2.8403492077046413
314,3.7571350342453953
315,3.3594718572012554
316,1.5818414260003686
317,0.5857655488554143
318,0.6167768516437558
319,2.9969928954282294
320,9.58896096376359
321,5.934304827904038
322,0.19220040057420215
323,0.6751754804611005
324,3.2268198129919274
325,11.16644630598405
326,1.3363905039434465
327,2.2778217410530512
328,3.5870359134225263
329,0.6031286870634905
330,0.1306313337181042
331,7.119967692648186
332,7.4013362857126594
333,0.1482538477779901
334,55.80822614487576
335,1.853108042026402
336,2.1128732067114457
337,1.7516538171211293
338,2.019711288311963
339,43.05157538834246
340,8.81115017094347
341,1.3076186933877185
342,1.2938880443594178
343,2.033918877545371
344,9.578706657780675
345,4.359344297279897
346,8.97821972219716
347,2.642937386537524
348,2.4755722156461974
349,6.007147336290152
350,2.410042624786924
351,5.532559456414066
352,3.4309112740775976
353,0.8516985365799479
354,1.66397793450405
355,12.280864059323006
356,0.5940904392617465
357,4.778039985458
358,0.9081492435550099
359,3.9466487657557097
360,1.7094573728568754
361,3.7880557374434103
362,3.4817944480238867
363,8.594692019638423
364,14.406327625079507
365,0.6644994463715169
366,1.6350679252772917
367,2.190794645435047
368,0.31376122002895523
369,7.9136394686114375
370,2.78646300412209
371,1.3787458072680503
372,0.32681169863213844
373,1.6126422582423174
374,5.872368046797549
375,0.9060015710148316
376,4.091244473865829
377,3.3791609469383106
378,5.460758643811691
379,0.19457719746017602
380,3.337334737367091
381,1.10558220736016
382,0.7044935390698469
383,0.1699507922099974
384,0.258942314985999
385,8.051528465608442
386,1.4637331260457291
387,1.572077301074301
388,5.032784148797183
389,2.375894061461378
390,0.8178068425738152
391,3.1272665275040006
392,4.973564050735614
393,1.8694913903268817
394,1.02208584421516
395,1.0770348893438308
396,0.7616767218716662
397,10.287751456718786
398,3.442520680191052
399,2.0954290687786896
400,3.4050010399366664
401,6.0187852557106405
402,2.959638730298152
403,0.385675534121141
404,7.829182772095713
405,0.4725343467834207
406,4.452878831733275
407,12.899102610219105
408,4.08257839503786
409,9.374860577174466
410,11.220004480677652
411,9.840213555172816
412,6.6151900492799625
413,1.6207424751524755
414,5.447009202336763
415,1.1352332486188896
416,3.1450617275656443
417,1.8428345419128682
418,10.1407627114615
419,4.012249056322821
420,1.1632093619190318
421,11.517631609664594
422,2.533053063492194
423,1.2030774840475065
424,0.11162174004294743
425,5.478470588852916
426,1.581472642523248
427,1.6909712316538128
428,4.290244982352088
429,3.771238507431756
430,1.63184548409985
431,1.6122662068610734
432,1.5951419742631925
433,3.443352002012403
434,0.4414959791005919
435,4.756343248564175
436,2.1363484282846197
437,2.825085991095723
438,0.8034950875627483
439,1.5407142780709575
440,6.356348494654665
441,6.859597761003982
442,2.5320022717803154
443,1.716019658734523
444,6.3821996944183255
445,1.262979784682936
446,1.4171324969137802
447,2.7994974076004766
448,3.588455351082757
449,0.312069004293713
450,3.6084053726440084
451,3.395906315526987
452,2.8346458551127043
453,2.221519463411692
454,0.18179003670296737
455,0.8112239052215751
456,4.384077944389809
457,1.6783557563310174
458,0.5394754798969625
459,8.140385860160295
460,13.86310286976666
461,4.630223483420272
462,0.27005753177238684
463,2.1027316980602793
464,10.656534670006657
465,5.771026175657794
466,2.7177976695893404
467,7.450618517760374
468,3.3148610280701303
469,3.0095673890291774
470,0.5915446290662009
471,10.380062731240296
472,5.410040723174835
473,3.665080646642912
474,0.8640741576603855
475,2.3922787437085757
476,3.063172396828886
477,2.562559340907165
478,2.694809292639137
479,5.235427573812737
480,2.5645685888031418
481,3.3520255037484428
482,1.8549106343314088
483,4.917700622307954
484,5.980472074836714
485,3.2739275796471783
486,5.210405158803965
487,0.0648406265675939
488,0.11103804862806663
489,3.3539633017122106
490,3.961198498072066
491,0.44655197058288393
492,10.267309052331942
493,0.5445596504243335
494,5.8896122663002135
495,5.121599350724291
496,6.531991816402104
497,2.6576554353007658
498,0.8896514581888386
499,1.7203337260247444
500,4.433256972626266
501,2.031907754926212
502,2.132073728492573
503,4.838274889297966
504,2.3563167513190666
505,1.3139518650641964
506,2.010268866172316
507,1.4698089273373804
508,1.2951497814378918
509,4.704352423466313
510,2.619617113017074
511,4.825284576213238
512,1.6607896104567754
513,5.335742490913488
514,2.4578180174564643
515,1.0430753322989486
516,5.725801091376654
517,3.943124317177419
518,1.484310207241219
519,5.61537720676655
520,1.596939929369496
521,5.57728622636349
522,0.17036867344281706
523,0.9491117995691563
524,3.1506978123987763
525,9.437241699624597
526,6.700058483715177
527,2.8371119731280037
528,0.971233216551249
529,6.337100658653596
530,0.18605962794883377
531,0.17910467899288532
532,1.4008045494999266
533,0.49191373276899725
534,4.575252607046124
535,4.28986659461969
536,0.4240864554746612
537,0.6741694647395677
538,1.7126835156769271
539,0.6544375953748691
540,0.06476880233687868
541,4.590787916748809
542,12.815247244084661
543,3.867596764611881
544,1.8809988851198598
545,4.047953251300842
546,3.01610655808047
547,6.916054830570572
548,3.639207200881005
549,18.455438268190214
550,2.0009879317768253
551,3.262197024367655
552,2.7469280380908083
553,0.10176433741564342
554,12.012816675475667
555,0.17873833831986458
556,8.129166828791568
557,0.3626726522795266
558,6.727400341517408
559,1.5535451796230784
560,0.15389285703170963
561,2.41857236414185
562,0.3701846626498738
563,0.06481403285423229
564,0.10885878297450655
565,6.3327158806170525
566,0.8853981148372277
567,3.598933083081916
568,0.69335174289824
569,3.5885461183444907
570,0.5941066444789298
571,12.656305603032198
572,0.7866897540813298
573,4.16910031480013
574,4.311344432902495
575,3.512388376257096
576,4.139831616531642
577,0.7537511568645072
578,3.089502895534784
579,17.24728370270579
580,5.794947716703295
581,1.7702936831951368
582,0.3596563872830377
583,6.270651657468388
584,0.8637850918757916
585,0.8191850964996675
586,5.647413602804584
587,2.019584780047629
588,5.458108635718858
589,0.9613344222861395
590,1.0870417738741343
591,3.8729723491514574
592,0.08919264249638431
593,0.8692437626535385
594,0.8967677115728284
595,0.9281830939065172
596,1.7444552162857556
597,2.594915315071381
598,4.649679286775145
599,6.430045269093422
600,3.83607731327962
601,1.1844021021366353
602,11.80395921882589
603,6.1245537911072665
604,5.5265566958364
605,1.2097311317722854
606,2.393127008171476
607,1.9176642726378166
608,8.061760569730959
609,8.942469621396887
610,5.2978164916322745
611,1.0304191644908596
612,0.4433769532755534
613,2.47571000098224
614,2.3355816117853156
615,0.4746528783933949
616,4.393673913632532
617,0.17668990079172944
618,0.8845414188614532
619,1.6222978356651532
620,1.5453447651572592
621,1.709735786229094
622,0.35973737207679857
623,0.15517095381509471
624,1.8842759310504391
625,2.216150515770016
626,6.840741987200411
627,2.6994585890562375
628,0.8264209791658086
629,1.7295430177341198
630,1.0203560486865377
631,0.7917251686648207
632,0.9748485778666296
633,6.644344690409176
634,3.558862333563455
635,2.6782476431512166
636,7.914234378204629
637,1.7682623964959354
638,6.385165815888631
639,1.3379882829460723
640,1.0406236469696732
641,0.5226153562597503
642,0.913781000918085
643,0.8681443114470018
644,9.122635998019435
645,3.3437021978368486
646,7.369920090508445
647,0.5887420711390492
648,0.4372946438372346
649,0.8514827448202359
650,15.79656669190507
651,0.05518394264628028
652,2.8428821512421107
653,3.587313762304502
654,6.544527622510461
655,8.323689790160815
656,2.5720037054012446
657,1.9385260224242387
658,11.204638274435371
659,1.6134978683190782
660,2.147611062019999
661,0.09053199982850056
662,9.716794063153888
663,3.813765659511974
664,0.40413708605354054
665,2.9550099858025707
666,3.186062748808108
667,3.614581399564552
668,0.1631720714540707
669,2.2935020062619618
670,2.4029478415963657
671,1.307389603476299
672,10.219462988891937
673,10.873459533315227
674,3.5703592110437934
675,1.158642498073971
676,2.1598732307244894
677,4.951586499098868
678,0.6381869705892966
679,2.8936290171357215
680,0.3860307413567349
681,1.0755351002042182
682,2.1883194351311706
683,1.4710166810382828
684,6.806281385154117
685,0.3160702788412174
686,2.6268587455176586
687,0.6284291090370383
688,7.132475058368734
689,3.512890505470725
690,9.733796325884672
691,33.55532655077318
692,2.9830431789292646
693,11.251303644594342
694,0.7971123196562647
695,2.8323712960376746
696,3.6222427020538293
697,0.9839343782025222
698,0.5247017650025493
699,0.17769213024102057
700,3.7128299294856584
701,6.300982039801208
702,2.167354395653569
703,1.2890021348948812
704,1.2323274797564532
705,3.032965955297159
706,3.9263450397797937
707,8.486597384621328
708,1.123165869309795
709,2.9314327061127106
710,2.319649139793481
711,2.0100688475444977
712,21.48558932325431
713,8.056286041548057
714,1.1271433455616215
715,1.24865909882068
716,3.027185789146309
717,4.528391215182923
718,8.1131148093056
719,3.9167642062385517
720,1.6182772443883797
721,5.15398742237276
722,2.723616827914587
723,7.105334373948705
724,1.1005406480459679
725,9.665862786285592
726,3.832713467213605
727,3.0547105968043757
728,5.543680316908807
729,5.690177894094488
730,0.5302326852551845
731,2.8906630994845073
732,0.20670646248612365
733,0.31213970479414016
734,1.5624788704721202
735,0.47922934271691103
736,16.99457916841454
737,4.32526851567022
738,1.1435579039834842
739,0.12226909359728204
740,1.8741528074077214
741,9.123891872960915
742,1.31677330105501
743,1.9328072546007464
744,4.313572269475393
745,3.851715749358642
746,4.9021818730605515
747,5.393490622545725
748,0.6278019959001625
749,3.971631064049432
750,10.177164304093731
751,0.23928469753713555
752,3.378900347507538
753,4.28018649313979
754,0.5786990788852238
755,4.148965904851941
756,0.5047794241853318
757,2.4560618123486613
758,2.693609687771704
759,2.3670922007681234
760,10.528614674261046
761,3.665676269769182
762,0.9817530317899256
763,0.8737570006123081
764,6.091788801309746
765,10.232351284283917
766,8.168959252626898
767,0.21716911232009659
768,7.939046845157672
769,24.334496504463697
770,2.365300518940204
771,1.5933019218476399
772,1.5278996136260787
773,1.2475902195552415
774,3.6361206840679694
775,2.1629611634269192
776,6.125781835382645
777,5.474534001449449
778,1.859253978932811
779,3.579090513349838
780,3.0709340292556733
781,0.04445469805239065
782,2.396560826912277
783,14.750526117487754
784,13.327072315317938
785,1.5651998136834115
786,4.081683794056682
787,0.14714430936196954
788,9.857079567495932
789,31.36772784571849
790,3.4324984935352756
791,5.455452962215144
792,2.4764296642359436
793,0.19952441031513915
794,2.0400881076761284
795,1.725065158547587
796,23.13558248234611
797,2.5919739117193528
798,3.207136437566117
799,3.578097755828035
800,2.2711840124731104
801,8.019251589159195
802,1.155614436407105
803,2.5014891956053096
804,14.536370109894126
805,4.1550497616633235
806,0.19816868112548236
807,3.7543143598490176
808,2.15887777941742
809,6.929879256864306
810,0.9236489530690378
811,0.25876668861819
812,1.4667288805919023
813,1.2143275350944396
814,9.81109957573227
815,13.71217657678654
816,1.0711594902824673
817,0.8874671449025481
818,0.7673102261965901
819,1.860340131041437
820,0.8465636484770892
821,1.4355063781512316
822,0.9421854215748582
823,1.632182906713132
824,1.0368789518607475
825,3.9838954514402594
826,5.549535376318293
827,2.0776492738084733
828,11.407033721031617
829,4.326061869563901
830,5.935816448089167
831,1.4292927024928594
832,3.7944876661883336
833,26.658644752157386
834,3.2552058511272755
835,2.4012876561857053
836,2.1205351780419246
837,2.278988550505786
838,6.367607059958496
839,0.7250464050680806
840,1.5971287859471486
841,8.317680848952302
842,21.358041916357436
843,12.558140080906801
844,1.5422146509597714
845,17.823511756141652
846,3.659568956380796
847,0.45353998049890887
848,1.8494447204940128
849,0.9327101070386922
850,1.8445995018238854
851,0.5067101546749713
852,0.6121232448035393
853,5.910878002095295
854,6.672587562621112
855,3.063599510953589
856,11.602609247021391
857,0.7158916659429758
858,9.26947658680571
859,2.150760480181665
860,0.1316042216620657
861,4.801294397097694
862,3.654771703424028
863,27.05596916843246
864,1.3615118161800788
865,3.9554668798823913
866,1.8097859350133996
867,6.131825160289473
868,0.8316919427728824
869,5.331648586490339
870,1.4277269076592038
871,0.6408658668356372
872,3.706187104104775
873,3.0242819427773093
874,23.238213927506106
875,1.668908677273501
876,8.344446441194535
877,1.0666678113408254
878,7.152611731107397
879,1.3786037904928912
880,8.573892498158225
881,6.55307961376061
882,5.622489278118214
883,1.7945518521387098
884,2.300718628378355
885,1.9101477218329532
886,0.21564387501533985
887,10.70024772120965
888,3.534060643693329
889,0.6744757510426561
890,6.350317481324023
891,4.069494691461266
892,0.714048969889015
893,4.900447576858448
894,0.12294136804117627
895,3.3950471530896906
896,0.6989658155666215
897,1.5921245089871052
898,0.0347783725009481
899,7.5681013216085065
900,4.674299312189345
901,14.33013657531449
902,1.036736486262322
903,2.3065613823042415
904,8.191665175661411
905,16.437403600701032
906,1.599896036543446
907,4.100611286444725
908,0.00850644015879808
909,2.6340757727121793
910,6.592958625403303
911,3.326231032890755
912,1.3715399156247952
913,6.148852983151483
914,3.8054189257109745
915,2.5313748228736186
916,1.8296861272173826
917,5.21744289038974
918,3.975454085767039
919,0.3605770521351954
920,7.205346706093003
921,5.479791503406919
922,0.03122981613170665
923,5.33231081276332
924,0.17148672141566826
925,2.58168988628336
926,0.8554030260574091
927,8.374136363917518
928,24.827051472532723
929,11.554639351989403
930,1.0234137463674646
931,1.8264677499524278
932,3.627261739738778
933,0.016372080743015376
934,8.148601043903202
935,3.1983568531961124
936,0.07535299107285415
937,1.5065096274992724
938,10.80268524164623
939,3.2128923380991945
940,4.913267123574459
941,3.7728188678056247
942,3.2701047703252617
943,0.2721083080583498
944,3.7226622734293167
945,2.984012856471993
946,1.9654928327595733
947,3.5868711820052357
948,0.596984683013819
949,0.2211113334657548
950,7.5732429157833945
951,2.1815825132368922
952,1.6697375427796848
953,9.067418164433477
954,2.886036115600278
955,11.217374869129241
956,0.008120550779286634
957,8.822051630695361
958,5.35624886210673
959,0.028666422492928292
960,2.5521942309144703
961,0.9292969207832128
962,2.9336253589637726
963,0.6964269001153598
964,2.909560959446882
965,1.1358733771507399
966,1.846483903496405
967,5.616573866839121
968,0.8450303792377358
969,1.7357834619280128
970,5.537578568833645
971,5.835342384550862
972,5.009952430905534
973,8.72305340637764
974,0.09865098220245552
975,1.984091905204456
976,7.308426848509924
977,2.3064302736533904
978,2.5080778408058184
979,0.6490987473757673
980,2.4270569849435852
981,1.9765799841370733
982,3.830054399514857
983,5.732766125988299
984,0.33239568639880823
985,8.340288016934931
986,1.6018133925526412
987,10.62526936657894
988,2.965667834358198
989,3.6438492155361644
990,0.7050248037099387
991,1.6241065124137046
992,5.56845726355241
993,5.598229206703611
994,1.6625116218495493
995,18.046519956681152
996,0.2320340049135787
997,3.16269505661276
998,1.2498830748150924
999,7.759430486394557
1000,2.9304890164797324
1001,3.715514473517037
1002,0.046800301046731864
1003,2.479893940549241
1004,7.469362332583845
1005,6.01860914035518
1006,0.6404052527660382
1007,0.37256753110703983
1008,4.317538189364333
1009,11.144338640407447
1010,1.5618620498605875
1011,5.718630773173249
1012,6.835016010874294
1013,3.277128148563928
1014,0.2216077384637952
1015,4.017859023673822
1016,17.58840258662144
1017,5.665291255044245
1018,3.214732520673048
1019,5.0381117062628435
1020,1.6275488240761073
1021,0.913881992593937
1022,3.773218930600135
1023,22.68681716460716
1024,3.663813146334461
1025,8.696595145617998
1026,2.5569663467010018
1027,3.3561722574444954
1028,1.0881080588287897
1029,0.3339744621454753
1030,4.297968045390641
1031,5.610816859292959
1032,0.6130805191957713
1033,0.9916014071836888
1034,1.1611725409549545
1035,0.8290919672556526
1036,6.134256776793694
1037,7.128053783941808
1038,3.461388513564609
1039,0.6059043517773756
1040,2.634521695677562
1041,45.24471893617647
1042,0.8483975456497526
1043,2.6622677534147225
1044,0.5852046888249766
1045,0.5959761003835997
1046,1.733624070837607
1047,2.5794632965497652
1048,0.6998445290990004
1049,0.8484949063912586
1050,15.11918557512027
1051,2.233720184062985
1052,2.039822227254349
1053,2.853759919169832
1054,4.292254532943929
1055,2.476890035383059
1056,3.7211457998368176
1057,2.222585348852685
1058,34.65017791188443
1059,5.484674686548165
1060,6.390307840372076
1061,0.6762054625594133
1062,3.078756433599163
1063,1.0451741320001935
1064,6.726182826814197
1065,6.364054978898164
1066,5.051218910362932
1067,0.15557020660356993
1068,0.9973898391167522
1069,3.980688546975427
1070,2.438056471331241
1071,0.1925495830226638
1072,5.608831312460918
1073,7.380563330571827
1074,9.663971399113834
1075,4.595034862765447
1076,0.928051948322564
1077,4.009574957320379
1078,3.068488128135929
1079,2.1980691506436547
1080,2.8677699689969094
1081,3.922400875045654
1082,1.695757718282188
1083,1.479100485196887
1084,3.6755637755980755
1085,22.23083234678449
1086,3.439042465282061
1087,28.48903272231983
1088,2.488401268842245
1089,3.0927799978978583
1090,4.166914684335884
1091,13.760335570599246
1092,1.325346894517157
1093,5.554456419066746
1094,1.875620633570174
1095,8.074508703207119
1096,1.6306745381864467
1097,3.4230419037538806
1098,9.25962980224227
1099,1.707815596304104
1100,0.9553592783044073
1101,1.9699081003709464
1102,5.4250594507408625
1103,0.3857842964835242
1104,0.8280370778751951
1105,1.172998246892698
1106,2.684470062949468
1107,5.602831392013922
1108,11.923730615653525
1109,0.9039396315376955
1110,5.540377917660383
1111,3.349256407580831
1112,1.7440106924918866
1113,1.1391354803272016
1114,2.1842544810941327
1115,2.321908630655473
1116,7.1803577129593625
1117,0.6163598349935855
1118,5.086822737464223
1119,3.102226543966783
1120,0.286433692394492
1121,0.7545693049545078
1122,9.755741616249612
1123,3.3946070913709554
1124,0.6012453207493087
1125,0.9949209447884426
1126,0.17045127984970793
1127,0.2202610139019823
1128,19.72688708926917
1129,4.852703303717674
1130,1.2302181110348405
1131,3.80626744067177
1132,0.17139099400784796
1133,2.4073039054743646
1134,2.1412362625794157
1135,6.891975492603345
1136,0.6214693202196655
1137,3.563547609319011
1138,2.1505294867720535
1139,5.03412686116531
1140,3.459215535423035
1141,11.568332423055011
1142,36.405969576105825
1143,37.93158019278804
1144,3.090385869533419
1145,2.6758640347410867
1146,2.4905417296347196
1147,1.3398468864111728
1148,2.9266914288385153
1149,8.339467702196444
1150,13.608230888752049
1151,11.712287996338997
1152,9.701283703353186
1153,1.0322794911235627
1154,0.8776676584810005
1155,4.411971887234149
1156,2.238777284200524
1157,6.639695106564781
1158,2.1923594855787742
1159,0.46369572334454595
1160,2.3557258615392325
1161,7.833658406643971
1162,0.7885362048403731
1163,1.264524615378714
1164,15.149644323919144
1165,1.7564570471811691
1166,1.8277410200883717
1167,13.16150211388653
1168,6.437898952810472
1169,10.997050069439815
1170,2.1120026011044915
1171,1.324388586828228
1172,0.3825652561043698
1173,6.574013585131295
1174,3.7541645597753917
1175,0.5574425683382397
1176,0.09730910138637511
1177,3.870537717529636
1178,5.830876357886686
1179,1.6938617402589566
1180,0.8964743440248576
1181,2.4233822901812925
1182,0.740690333762515
1183,0.48458197136524694
1184,1.0480368184237736
1185,1.6730446541983586
1186,0.44844348609544904
1187,0.4740115603806988
1188,3.6682900127745675
1189,0.8118031740715039
1190,4.383561473779298
1191,1.6995752889841311
1192,13.483684361235484
1193,6.33540778382458
1194,0.5028622517721154
1195,4.8520758489756615
1196,0.5506468346025047
1197,2.6873272327643365
1198,0.40191273063395827
1199,0.821377879636593
1200,2.6119329301084346
1201,3.4260683913738905
1202,1.2544112194459658
1203,2.2640793011569396
1204,5.713852006298947
1205,0.22549899615130053
1206,1.1855292164271605
1207,5.422547499780029
1208,2.419587126213764
1209,0.39667982173571764
1210,3.28760505213177
1211,1.3262463933240334
1212,0.6698784650017394
1213,1.1168677962051077
1214,4.937788600488186
1215,4.156568042162144
1216,0.5520600186995474
1217,3.8901726466966955
1218,3.862026780956893
1219,4.022507011700893
1220,25.350249729886283
1221,6.95290504424304
1222,0.34131262823793634
1223,0.9789299294376955
1224,4.444045024848846
1225,3.6753375778112147
1226,0.5453417416408276
1227,2.913286184452674
1228,7.254350226681603
1229,1.0848010066226632
1230,0.7476235445649304
1231,3.666768137468006
1232,3.8800441989177887
1233,0.5518562480203004
1234,15.053132098074231
1235,0.5515509499234776
1236,1.1849878654378403
1237,2.139609893595559
1238,0.13120362066133046
1239,0.19949946158263218
1240,5.1166336674832325
1241,1.9714629144644145
1242,3.7170078756627696
1243,7.159019877398518
1244,7.885129719214199
1245,49.79095428971041
1246,0.6595304329393051
1247,1.502363926903861
1248,15.047448579169162
1249,2.733295168689922
1250,4.533986000633829
1251,7.751420135716593
1252,2.165549400755447
1253,4.720648919532346
1254,4.721926885258515
1255,2.497866830680939
1256,1.0418330604052959
1257,0.47802265597473687
1258,6.3525049647047975
1259,8.683705029647092
1260,0.7910281722295023
1261,1.096777836152333
1262,2.6879960135541707
1263,1.0171656362511172
1264,2.4041235589239567
1265,3.858981947511162
1266,6.426428701362164
1267,0.9721588581042446
1268,1.165732043037871
1269,3.520398383185026
1270,8.77958309068401
1271,4.453242348806092
1272,5.765414584323314
1273,0.6902257316888736
1274,1.7915069418456753
1275,1.40759327804812
1276,2.116914884539821
1277,4.4261067234102995
1278,3.092931059317845
1279,3.316683025593375
1280,11.713692532506785
1281,2.403064745363068
1282,1.2770215849988569
1283,7.051597744597126
1284,2.6039102376917995
1285,5.068584164963006
1286,12.301894042403873
1287,2.5806424902221092
1288,4.008527502472363
1289,2.1099529392032106
1290,3.4022273233508398
1291,3.3206697045969924
1292,1.9411475199378718
1293,6.274617959759563
1294,2.731398814587973
1295,8.419238701123799
1296,2.5441772494281922
1297,8.37861868111511
1298,1.7942597341005786
1299,0.9703045256708351
1300,0.9060260577760051
1301,1.2207700372501444
1302,3.6664618313683395
1303,1.3743980295751084
1304,2.502262855408513
1305,1.1455297928762032
1306,1.953219565772774
1307,2.905122566138255
1308,0.1544489890085616
1309,3.2359027817092927
1310,3.6485705955322847
1311,2.6737865176297912
1312,1.1006231525441699
1313,0.5233290588889039
1314,0.22025928802470046
1315,12.142432269795083
1316,3.0028082948681525
1317,1.0779106726639933
1318,0.5870657670678894
1319,0.32426911055778374
1320,5.156569127270102
1321,5.066384554271646
1322,1.7061961068895732
1323,27.08968822943954
1324,6.39929717307184
1325,9.973092449082934
1326,2.90788762795389
1327,0.39109399958151075
1328,7.856071120494867
1329,0.9896843578862834
1330,0.3068529770179715
1331,2.7228586408530036
1332,1.300641959367244
1333,2.9849339616130806
1334,2.3303680943872163
1335,4.673160713112168
1336,0.3689497439342999
1337,17.524730627144507
1338,1.117723801731067
1339,1.3676764223009807
1340,2.5495558682447035
1341,24.949578997467864
1342,1.083649160851539
1343,1.6880129282081435
1344,1.3352840282270428
1345,6.475152716446457
1346,1.989241621667152
1347,1.142523520811482
1348,1.869073192968485
1349,5.934896064126074
1350,0.30667402937705796
1351,7.473295660548051
1352,13.921075223810105
1353,1.818119322254344
1354,7.391198193554692
1355,1.6259358708380476
1356,17.31783275124163
1357,2.6873959632305
1358,0.5419069469257535
1359,6.341922804319233
1360,0.9360240572611965
1361,4.7971182809795
1362,2.534284455339547
1363,0.3037173745707856
1364,6.005068061335389
1365,1.3297284528582725
1366,1.8080554130564652
1367,8.431758159135793
1368,0.42548439168450036
1369,5.195783383035809
1370,1.318860323028932
1371,1.8270114556745563
1372,1.351845941126572
1373,3.5719310288839425
1374,1.241125230660372
1375,1.5137177433340405
1376,2.6766577307724364
1377,0.7461736931941727
1378,0.561466465994593
1379,3.178373438241488
1380,5.0217702698512845
1381,0.8668298253098253
1382,0.7068828822088654
1383,2.501875372321403
1384,0.07573678226383782
1385,3.3262407389670687
1386,3.341306312080627
1387,0.5443917241560418
1388,0.5634143155452993
1389,0.009665876302818385
1390,11.309652371261155
1391,8.282714236368646
1392,3.359124231800729
1393,2.3993805193115834
1394,4.653087932702167
1395,11.939918492492463
1396,4.0767961253495475
1397,5.708055096704028
1398,3.099417243458154
1399,0.07615792582139572
1400,2.2776483003518897
1401,8.341769101649682
1402,6.39707384001466
1403,3.078488442517464
1404,1.2140022740448635
1405,12.366709037667816
1406,1.4776697055456427
1407,0.1351771041821071
1408,0.6051049693430752
1409,4.864781866222585
1410,1.4191735850065295
1411,7.465275670400743
1412,0.6257149907314676
1413,2.2944912575219742
1414,6.424863231016526
1415,1.1130108838487482
1416,2.5515527739367587
1417,4.1868592848111525
1418,0.4769839601640606
1419,1.5599824575204386
1420,0.6554619300256529
1421,1.7378939039492247
1422,3.232623130368198
1423,0.19769650112264855
1424,2.3614023642050106
1425,2.9504679072217472
1426,0.41963220111696387
1427,3.8892048704886695
1428,1.9870001089011846
1429,0.427738906857347
1430,2.6762025367273083
1431,0.49659913661698035
1432,1.528603465059554
1433,1.505675706305052
1434,4.32393733993785
1435,5.162263103273552
1436,16.589764843586526
1437,2.6891046325696144
1438,2.503123570830217
1439,0.054751528896371526
1440,0.9844472801522155
1441,2.170150211599676
1442,0.37057945917195406
1443,2.780952916240275
1444,2.528100034710691
1445,5.789517165849214
1446,0.27166104182136425
1447,6.031894115364705
1448,4.258305606491854
1449,4.095638808657429
1450,0.7651036971480014
1451,3.737255200463034
1452,0.20033347262251935
1453,1.3567218856653314
1454,7.736728937113218
1455,5.850279136057757
1456,10.342824727218954
1457,10.889978969024126
1458,1.5990220374750763
1459,1.6895771364206733
1460,0.24380868299098296
1461,3.3808111897131226
1462,1.8842216606683384
1463,1.1011077218012109
1464,0.5495910451811942
1465,10.306495798855664
1466,2.555997027636978
1467,1.4485634889111327
1468,0.5354986122061537
1469,3.2127602021020794
1470,24.555218605569756
1471,2.2790567250714022
1472,15.749845179145435
1473,2.5020068218526617
1474,1.5099222262522387
1475,6.036871352689766
1476,3.7594645823613213
1477,1.4033233053548362
1478,3.727746572636922
1479,9.544438275197765
1480,1.0122706052148303
1481,3.5976516984163855
1482,0.830933896634722
1483,1.5390846505229878
1484,3.1967142376902
1485,23.899137891385337
1486,5.9839789190452395
1487,0.7491227128691148
1488,1.0104566082126698
1489,0.33739039790544606
1490,2.4557920878895527
1491,2.074758989303648
1492,6.1154908772948495
1493,4.038881095418514
1494,0.17615172805051993
1495,0.4274588506068825
1496,0.11121641028091694
1497,0.7019998997189822
1498,6.502163920000531
1499,7.892225874818982
1500,4.808029722102395
1501,4.490955699796861
1502,2.2385838203131185
1503,0.21049152750873115
1504,0.22599588472311524
1505,0.24582861325929445
1506,0.5229883875162465
1507,3.6448860834199865
1508,0.6225033752856914
1509,3.58082789348517
1510,3.7975524282696806
1511,3.4906971453367412
1512,1.0526273331567553
1513,2.1122034288366005
1514,1.9031424711592972
1515,1.3390662438009941
1516,2.9387329379493816
1517,0.23423936829007397
1518,2.55326714750876
1519,0.5370628691761743
1520,4.896273417398104
1521,8.632110131224364
1522,1.404403105526909
1523,3.8504733907774886
1524,1.0988487868241685
1525,1.8790646768778785
1526,12.320832659598409
1527,0.6723208626474959
1528,0.726864548387655
1529,4.35736801688271
1530,3.9423322221876305
1531,2.1234397790733075
1532,1.6266301483225045
1533,1.6485077902102991
1534,0.5054301987561195
1535,1.1981328281028354
1536,0.35082854308290384
1537,2.6740405628790054
1538,1.9646732001961469
1539,0.9199379524730315
1540,2.1681249702432153
1541,1.437996955102072
1542,4.547753114225858
1543,5.084420542883412
1544,0.21060117505034248
1545,0.05471477723106145
1546,1.4351915911861273
1547,6.606845912960599
1548,2.918732622622884
1549,3.35464137944995
1550,9.246845925453231
1551,6.067385554891917
1552,31.66664858486829
1553,1.8518364324970504
1554,7.896429259456848
1555,10.562812175707219
1556,0.6559693115862776
1557,0.9434975855050726
1558,0.5752916223617676
1559,14.788097335590246
1560,0.7359779012499547
1561,1.0575161941282651
1562,2.6872238891578766
1563,0.30838104990696874
1564,30.650430992005262
1565,1.5701739443298701
1566,0.5058182583905556
1567,2.2292015991095613
1568,56.07465466348719
1569,0.2853658127031314
1570,16.473012354547656
1571,0.7764776605255143
1572,1.8163215244398097
1573,1.0919690381903222
1574,1.2520069748776124
1575,1.9409171979846727
1576,0.9732009103252601
1577,1.4925970122645003
1578,3.8047894414737287
1579,1.7637288624755587
1580,0.8706475618102164
1581,6.101133269932696
1582,2.0085799913902336
1583,6.180146716065957
1584,1.9245643659629559
1585,3.33736991619931
1586,43.74350404242277
1587,3.267228401889596
1588,6.234216784050931
1589,1.855248866216157
1590,0.3453563396715281
1591,0.3221437557078813
1592,57.99322382274663
1593,4.280900419979696
1594,2.659082382847776
1595,1.8735507132075286
1596,0.8730096709712905
1597,1.8020538465084937
1598,5.755970655213037
1599,2.24219835106817
1600,1.882811439345532
1601,8.21477902783458
1602,1.1742939848375709
1603,0.36653035057837074
1604,0.7392048714600055
1605,7.336362472602454
1606,4.0210213139048285
1607,1.3368750312497324
1608,8.522840597303174
1609,1.469145661464888
1610,2.4619882491229164
1611,4.963504643729655
1612,1.0404886162032672
1613,6.900164123491228
1614,0.7377413235968645
1615,1.0231814005667537
1616,0.40881402509969994
1617,1.5261229881367573
1618,3.1455117300120685
1619,2.6055898251075926
1620,20.11150272971703
1621,0.33954599107625366
1622,2.133580946816422
1623,0.4745286184458707
1624,3.618295734151854
1625,2.3869534549343134
1626,2.1709354314903706
1627,2.435530078532422
1628,40.52833036813789
1629,11.048491550773075
1630,1.8261976511107048
1631,6.284612995674877
1632,4.287767902670991
1633,2.40282391582126
1634,1.3596976399366125
1635,2.6724530558271162
1636,0.6908381919768024
1637,5.53407523394376
1638,1.875514981280734
1639,0.6473507564297958
1640,8.62217688138134
1641,0.6926564361799015
1642,7.634586219129177
1643,4.9247526795873595
1644,1.9671985703477297
1645,2.586378670033881
1646,0.8054905099789014
1647,0.4346083893120355
1648,4.008241012561369
1649,4.051619500998441
1650,2.693077815675195
1651,2.940643995551565
1652,3.8541921169877695
1653,5.984969171651328
1654,7.290195539795248
1655,2.194981177261335
1656,4.242329359691692
1657,3.752649186493352
1658,7.873039472926794
1659,5.807024086856902
1660,4.02631414453936
1661,0.20063972625323115
1662,3.5807975706885187
1663,0.48614942014799684
1664,8.34537053854514
1665,6.914198976564273
1666,0.7191047179261993
1667,4.754932397305632
1668,2.384385286293353
1669,7.219658010878796
1670,3.0744158505594275
1671,2.1149636609257065
1672,4.08622934450391
1673,0.8155640143955663
1674,0.45225681171696386
1675,2.3980223031928682
1676,5.008133827095258
1677,4.980630401188962
1678,5.724156032881781
1679,1.4594828171477598
1680,5.67149956605566
1681,0.17035909794757448
1682,4.381807622572914
1683,1.6231285912203453
1684,2.8910436561166724
1685,1.878686674192122
1686,1.6617326725058903
1687,8.73103008106295
1688,4.370489261692045
1689,12.872760669148667
1690,0.8672638451808288
1691,0.4455035823498502
1692,4.905091532343211
1693,1.7682112847261227
1694,1.825287055377283
1695,2.66251724906195
1696,10.161435041544719
1697,1.002125342910473
1698,0.3355199374419649
1699,4.563118114473774
1700,3.238606768120941
1701,5.051764616019719
1702,2.109176340415033
1703,2.546155865327866
1704,3.0468058033893843
1705,8.529128426113086
1706,1.545148500786023
1707,3.0784677566254746
1708,0.11879982725229471
1709,3.188883978013464
1710,2.8016411915841988
1711,3.6727419178926817
1712,1.0435184900161707
1713,2.2976290817946614
1714,2.214962170186428
1715,0.4443298358871031
1716,2.6576438255932433
1717,1.0457713882814499
1718,5.077653103022027
1719,6.205503783636375
1720,2.489396218349576
1721,5.673762348915081
1722,0.15700095846980888
1723,9.912325658375531
1724,5.109975533367594
1725,1.1677148133124344
1726,1.422842569238711
1727,4.851405575009429
1728,7.341865877451638
1729,0.5115115311068398
1730,1.944354612803649
1731,1.4827428200223163
1732,0.9486618058842374
1733,2.3124182294427476
1734,1.941913780452925
1735,1.6258206516286513
1736,9.363511012227345
1737,4.35290729634293
1738,1.1539573881213259
1739,5.166876879174094
1740,9.586124006284663
1741,1.531717874887939
1742,7.4656675855302215
1743,0.029209742270436233
1744,0.7346440474480382
1745,0.45637575570886935
1746,5.063250275912272
1747,1.2963324584195275
1748,3.159682867305591
1749,3.3498196474880886
1750,26.649842224696656
1751,10.269042264170892
1752,0.23388527470960518
1753,6.616097387935686
1754,12.054307632152284
1755,5.310430076533146
1756,1.858642905526724
1757,2.666244686924059
1758,1.7120399692207926
1759,1.0791809362816525
1760,3.7297190512683294
1761,5.380077580189266
1762,5.739759178619554
1763,1.552852620786506
1764,1.5342655399557286
1765,2.8568582516462504
1766,1.553677188142912
1767,1.8480247836191441
1768,0.15413557864041
1769,1.4297405355072348
1770,3.5716915713853146
1771,0.9900757011655853
1772,3.104982046230427
1773,0.3264448549017939
1774,3.9231942545677674
1775,3.7871666381494697
1776,12.754602862947642
1777,8.251241943025564
1778,1.4868782583728135
1779,7.884474253084555
1780,1.7076747516019464
1781,2.8256059234256905
1782,10.476258605009168
1783,7.646401116144149
1784,3.4483491479256583
1785,8.601238631880474
1786,5.071903723087319
1787,1.3936976022839653
1788,3.2663894597657968
1789,1.815274870718768
1790,3.2799339319839587
1791,2.022182348458813
1792,5.817213235792731
1793,3.795416443340561
1794,4.405387758299549
1795,7.188290681493231
1796,2.2442767451968044
1797,3.4057911242907
1798,4.153599599754681
1799,2.8274299504739164
1800,5.726141505157651
1801,1.1455882222634342
1802,5.36858268333748
1803,3.7032523567930897
1804,3.547915121741908
1805,2.8587336415110634
1806,11.071091613400094
1807,7.054428887051108
1808,1.5045498735153293
1809,0.8519757543446989
1810,4.147697649494321
1811,0.09384482246224038
1812,0.8578593596343478
1813,2.1675770310175935
1814,3.8007558116974205
1815,5.7581868429181
1816,1.2071131464110083
1817,4.207703821896141
1818,6.173065662818312
1819,6.530851909710744
1820,0.9634477951282001
1821,4.74566790333631
1822,3.479033897530855
1823,1.4362167145136029
1824,4.215877873572047
1825,0.2619563277682029
1826,0.7515448875571056
1827,0.7307965307158235
1828,12.164728494381405
1829,2.4003872422674744
1830,0.08714748785933782
1831,0.39849610501764116
1832,6.856769930776912
1833,24.658373814165063
1834,1.8399054827340604
1835,1.2096316501364897
1836,5.397374837690853
1837,4.507765539170387
1838,15.344502941081844
1839,1.403087496832095
1840,3.518065607506544
1841,1.288058123012489
1842,8.119372479246348
1843,2.176706717888856
1844,1.8402830289904397
1845,3.1586449585536185
1846,5.790905453574527
1847,4.684462058883362
1848,2.2075482529651143
1849,2.920465105606198
1850,8.379898329357726
1851,1.368395350743804
1852,2.486086746884831
1853,2.916104662781296
1854,2.5489060746787504
1855,3.769273300249322
1856,3.3284937123455247
1857,4.131987574496783
1858,0.7499258210200983
1859,1.4274862353563345
1860,14.378677347154767
1861,4.654691152565619
1862,3.5256612378624825
1863,8.041347637111325
1864,9.143310363607712
1865,7.2758640106501105
1866,5.49975351873107
1867,2.7341528817204206
1868,5.649297754892483
1869,2.4527472121690734
1870,1.5403054138223513
1871,1.8513739562427252
1872,0.26643265601059635
1873,3.398942738050723
1874,0.8752903227500102
1875,6.287919960499716
1876,18.532049638852804
1877,10.238359597891215
1878,2.920497433190991
1879,3.9632485144413794
1880,8.714490170757436
1881,2.9287421780895455
1882,1.0315200045466137
1883,6.104643503277492
1884,3.5890490894001204
1885,0.760553779707645
1886,0.3382844845975133
1887,9.731098710918166
1888,5.045187921884793
1889,1.440651075402549
1890,0.29858527475099517
1891,4.285056680038828
1892,9.953240850440471
1893,4.584216203076358
1894,1.9573533882208458
1895,1.795399415726009
1896,1.2689381997763192
1897,1.5720867032902888
1898,1.7380520826091648
1899,2.3231214059184975
1900,5.064070260255384
1901,1.3146047796561005
1902,3.2998372325908223
1903,3.7733830010442215
1904,2.9023575514919826
1905,9.743204718063692
1906,0.9994827332833472
1907,4.341418372009864
1908,6.506395999612758
1909,2.012445020879221
1910,1.4849388940844956
1911,0.6735009397970682
1912,2.279186278600734
1913,1.1629050408800443
1914,0.8059734509295153
1915,1.0148399968920168
1916,0.11629992964743333
1917,5.004001987105349
1918,8.436687153800959
1919,6.4846722331107145
1920,3.749555255209676
1921,3.062920392498576
1922,2.996714750674151
1923,7.324324611713494
1924,2.0007774120862267
1925,6.730207706145646
1926,4.647894606797203
1927,7.770269446313188
1928,3.9776241924154303
1929,3.4912191676153888
1930,0.4347009245339487
1931,1.4049648989339802
1932,0.24726325375685793
1933,2.8654363842050627
1934,3.227543178817275
1935,5.966163953179958
1936,7.659284741069162
1937,0.5148574462627428
1938,2.242193809378285
1939,4.324032954437407
1940,1.5938754876670405
1941,2.3840394275937955
1942,6.7123710077983745
1943,0.549174409978002
1944,3.829838072021064
1945,3.278581337704427
1946,3.5159430743094284
1947,1.557700439373669
1948,2.913057099032703
1949,0.055587849495189336
1950,0.22496571476630156
1951,11.867758398472775
1952,1.6740722516340871
1953,2.904449674015485
1954,2.4739257336139855
1955,0.08056431975677723
1956,6.721212924310346
1957,1.3321080400069634
1958,3.804831439696707
1959,2.700572377537346
1960,3.645716902039255
1961,1.767292586931122
1962,2.2798760308128254
1963,7.1822411173634135
1964,0.7558543688896253
1965,1.0046091530185892
1966,1.1908138477969228
1967,5.255233691985351
1968,1.0834819197423924
1969,0.4241384477690377
1970,9.78832512182116
1971,2.813752696815345
1972,2.659219650601378
1973,0.8627241708194544
1974,6.71082505708962
1975,5.200432831175594
1976,8.405983976092045
1977,2.858814665093821
1978,3.289357070174538
1979,0.3903653934825522
1980,1.5907173926928793
1981,1.9624694214638503
1982,0.3089345296306859
1983,3.3566188221138162
1984,4.383410251167837
1985,3.801303075689556
1986,4.473532005300317
1987,7.174551699832153
1988,4.365132741886893
1989,1.9789931787645134
1990,8.313196450126025
1991,1.3141270178202804
1992,7.373086560805949
1993,4.771197909346821
1994,1.6755813142569786
1995,0.4568019433800113
1996,5.317801880975888
1997,5.358035201307206
1998,0.8800470784175066
1999,4.474098105019136
2000,0.031007643015011004
2001,0.816062120025903
2002,17.621165050520936
2003,2.0893233397694533
2004,3.420460490836283
2005,3.7420089388958937
2006,5.106891102246347
2007,0.20224759392475627
2008,5.953123180117055
2009,2.585586932934871
2010,0.9508247326126822
2011,1.604531357028649
2012,5.580391140899438
2013,1.8819265284414899
2014,3.392837261064471
2015,0.27538013238040393
2016,0.3389035470630768
2017,3.1404191237323977
2018,13.995269964360764
2019,2.9469646787412302
2020,1.8285880953850566
2021,5.07368289034538
2022,4.49797775973303
2023,5.25826378652924
2024,0.18223979606308388
2025,4.402702361850032
2026,0.40137708371266534
2027,0.26381570114543046
2028,7.170473409356866
2029,0.2078113538233138
2030,2.784857594445514
2031,0.15561620071764673
2032,2.7060831767131646
2033,0.20002084630173936
2034,2.2386731830731783
2035,1.1227295593385815
2036,1.4630457301432762
2037,0.5602908725916436
2038,4.932873960088354
2039,0.9913094168754134
2040,4.2133921575179
2041,1.4667349903447922
2042,3.0813363712750403
2043,0.34069279648347267
2044,6.846942419246545
2045,1.386088287333953
2046,5.066347400273267
2047,0.7235698907857347
2048,1.087834060788223
2049,7.153333304674911
2050,1.397275180241293
2051,0.5755377850880061
2052,2.3045656673815214
2053,0.26754861778857947
2054,0.21316892430113524
2055,6.810448808335977
2056,0.5161299520431138
2057,0.4473413124725871
2058,20.942114764051077
2059,4.268845849927038
2060,7.035108577394706
2061,1.1758345234592054
2062,6.091558566083185
2063,1.0921568850292172
2064,0.10423549338000351
2065,3.794655459507198
2066,2.1531046627227357
2067,1.8879209358516622
2068,2.747790749845438
2069,1.994312783523997
2070,1.218014625560093
2071,5.195354840222938
2072,2.1188134165395174
2073,6.905805951875372
2074,3.8387881711642424
2075,14.229196588686003
2076,14.88858587090041
2077,0.8487170879212599
2078,2.244149400037192
2079,3.620754445154832
2080,4.238865692681627
2081,0.05447404410852818
2082,8.75727560086527
2083,1.003160981851082
2084,1.7615490231241304
2085,3.7325031967610403
2086,4.259957040799885
2087,3.358113530523185
2088,0.5191845316093648
2089,5.014912602179693
2090,0.813929263290434
2091,8.687475340746717
2092,0.9995564025161501
2093,3.4274821586905944
2094,7.6737711453710995
2095,0.7051737809859174
2096,0.5972342961275041
2097,4.663383539865217
2098,3.2736241940492405
2099,0.01468223538831212
2100,3.8966856195260267
2101,1.7782763484009323
2102,0.5392831102802311
2103,1.6362134628636735
2104,2.329739460714236
2105,3.6921104416633383
2106,15.779079115362975
2107,1.5822082592297757
2108,0.5060320053536213
2109,1.7183244765901482
2110,4.264134552555427
2111,5.412064518405385
2112,4.652851790425761
2113,5.423940030836041
2114,0.2430866406270985
2115,8.292312757369052
2116,0.8450690594163413
2117,5.618980201957838
2118,0.9060444983829571
2119,1.344239103715551
2120,8.355945518163045
2121,7.097898801292813
2122,0.3071045792687694
2123,13.294459646360586
2124,0.8912137243802317
2125,1.9027311349210196
2126,1.8718194424589154
2127,0.33483608906057793
2128,5.262320270346645
2129,1.8270725056890489
2130,1.2112456151510367
2131,9.075813911957965
2132,4.751553882426747
2133,0.8182018732087739
2134,1.3618285458334654
2135,1.94370038768268
2136,2.37445971906192
2137,2.502382181695294
2138,5.370118257766763
2139,3.2900016296340064
2140,1.9932197558710798
2141,29.935203863822583
2142,0.933631085728289
2143,0.12329955103505853
2144,0.9298987681920401
2145,13.196987234739272
2146,0.5006488074784257
2147,1.4103513666118705
2148,13.164742803160305
2149,0.8464073197915678
2150,1.6137109291449176
2151,2.193551807740923
2152,3.3000953777063313
2153,0.1331556654305068
2154,3.146972221625015
2155,0.7678541473991556
2156,2.8939451787750516
2157,8.814293280495836
2158,3.181953888898718
2159,1.8891043194493287
2160,1.915228488883439
2161,2.185675478851823
2162,9.51360114180783
2163,2.634530509511121
2164,4.249622258880403
2165,0.3520196347943354
2166,7.841598525252465
2167,0.5407399135158895
2168,3.2660044307334917
2169,4.174357076529484
2170,1.834162145286761
2171,0.6130081292591744
2172,0.1857389821019064
2173,3.9194474515837303
2174,13.46174195856538
2175,4.386310998557921
2176,2.9018897085211526
2177,6.480994834397692
2178,0.12993753308184539
2179,3.2343305719055278
2180,8.012323719817273
2181,0.07407482112412164
2182,0.8372730985080217
2183,2.1680432894693817
2184,9.99379606413977
2185,1.511780088128036
2186,5.5665905060728145
2187,0.028260623197422344
2188,5.183415727245489
2189,9.182434838888438
2190,4.7656701673225585
2191,1.131601458839067
2192,0.08751404887488186
2193,3.016200032362541
2194,0.24293602507825407
2195,0.8947933856588408
2196,0.5667226477521878
2197,4.55134010727991
2198,1.5842524191843743
2199,0.5999246692304185
2200,3.206808040908022
2201,3.536199033297421
2202,6.303543459459593
2203,4.537873013778014
2204,17.55950734229609
2205,4.109564548533113
2206,3.7004231687887725
2207,2.3924789257127883
2208,0.19709156351964294
2209,3.4610839507584066
2210,2.1479379225815842
2211,2.8307732847722424
2212,0.9223447900751929
2213,2.6781560960901962
2214,0.6357566067722465
2215,6.8268209931021575
2216,0.9898211899196381
2217,0.7786423744158639
2218,0.42893670379998594
2219,40.04961788826328
2220,1.1120514371442374
2221,1.9876325288303691
2222,20.094273396546544
2223,5.855920534356169
2224,1.1159400866699691
2225,1.7717707519801082
2226,4.124387170488587
2227,0.42993078370944293
2228,18.373855969219477
2229,3.2697644158859274
2230,3.9405937350776914
2231,5.335422315598074
2232,0.32520695929240073
2233,2.182848842488554
2234,3.7684191736066515
2235,1.749158163454538
2236,1.183506411684313
2237,1.0689537626994972
2238,5.354276022292085
2239,1.0142708130779514
2240,1.2297333111096105
2241,2.1408829091856676
2242,0.8979470814072954
2243,5.130424662996265
2244,0.30750544108574773
2245,7.70613861457048
2246,1.4718216923802139
2247,2.028008587024215
2248,2.243572068096611
2249,0.8434535682415816
2250,8.353539705821092
2251,2.182262357497592
2252,3.9436237857118313
2253,5.6398522182417805
2254,8.395946690541352
2255,1.8664614532552772
2256,5.4859421578260195
2257,0.8648343741510159
2258,8.66385087091211
2259,8.001551886806823
2260,4.0853070668949725
2261,1.9296795393756645
2262,0.03905898174229646
2263,1.8614027611104458
2264,1.9645161527772248
2265,0.7722611465220802
2266,1.0466489981416418
2267,7.370454588197794
2268,6.0313953942484195
2269,6.512799097004173
2270,7.18033977280369
2271,3.2751995548719646
2272,0.24745413940519403
2273,0.38865752537750936
2274,7.65387348648611
2275,2.2413059991792763
2276,4.279167357685017
2277,4.286895923452138
2278,9.207755525484494
2279,3.150311757452941
2280,2.4534398407674716
2281,0.6950922480711712
2282,1.512385464223569
2283,10.538475872554114
2284,1.0862977577489712
2285,2.4748141398528882
2286,0.4629887327665318
2287,15.358955506774773
2288,11.258643825632113
2289,7.683616979517649
2290,0.8551685467858136
2291,4.584398990275627
2292,4.457106007170653
2293,0.2997579360951185
2294,0.746521416248454
2295,1.4264881609590383
2296,3.062302363543931
2297,6.119229410924805
2298,7.143732099087746
2299,4.718293539549401
2300,2.9493606888379276
2301,1.1754533887934095
2302,3.8925523720243964
2303,6.91740039813374
2304,5.429371672412656
2305,1.4311244857065435
2306,1.3221199451129324
2307,1.0699732486555102
2308,4.372648144307818
2309,13.48843932684517
2310,0.8439773410072646
2311,14.552316231697091
2312,2.3485180193141644
2313,0.1096321363654041
2314,3.818280223819044
2315,3.2831673309037095
2316,0.5702229868581543
2317,2.0431379107341465
2318,10.494695095292125
2319,2.164591313005367
2320,1.9985780136836477
2321,9.774815596774166
2322,1.5044046730292613
2323,2.5166168853318336
2324,6.9595710258398755
2325,2.772052888876271
2326,0.16966138107632053
2327,5.423616105461165
2328,3.12148663149161
2329,1.231806009805601
2330,4.459266127080577
2331,1.5413486882917575
2332,3.529453667230271
2333,2.734536457904978
2334,1.4568712098731722
2335,1.6489610993331965
2336,3.574022333205583
2337,1.2138593232283832
2338,0.25795623827187036
2339,3.473021128893928
2340,5.373662357804836
2341,4.506379844952222
2342,1.8256800179925416
2343,6.5932981273078095
2344,20.78466364980661
2345,3.811477193658816
2346,2.9934574985948883
2347,2.130979043258588
2348,5.297152104112511
2349,4.63635976913168
2350,12.30683405962338
2351,5.453906915400355
2352,8.685549749931754
2353,1.5234809804859555
2354,2.614191993545184
2355,5.749211645034991
2356,1.645093691794957
2357,25.03472953332876
2358,1.5833832961708254
2359,7.6655591558967
2360,7.052153946232263
2361,2.0741900700354585
2362,0.9431709657081621
2363,2.8368446829124636
2364,7.053819154883574
2365,2.5693465118882233
2366,0.38164535219995865
2367,5.840643003388776
2368,3.567281455235809
2369,0.91093850658254
2370,9.881449887982482
2371,2.0830962316847
2372,20.31620396475151
2373,5.823418346511919
2374,2.7823889450732846
2375,6.7355252750413745
2376,1.6867158227876595
2377,0.4833317101562387
2378,2.0755679229134723
2379,7.984993120008557
2380,2.860080752038799
2381,0.012245070344022306
2382,0.5441365039206845
2383,5.180804010423289
2384,2.7801126186292984
2385,3.3365355130640877
2386,4.8131204081954255
2387,2.9782718257624112
2388,32.54549483456304
2389,1.1975605001753307
2390,8.06238972004066
2391,6.687457941360383
2392,1.808559319059355
2393,1.377840993712333
2394,8.821456846901771
2395,3.9932953333708827
2396,0.5710452333281649
2397,1.0449478467397464
2398,2.7617495182748493
2399,0.1498140332913736
2400,1.5599831216122213
2401,2.2708070129692226
2402,4.128853377074753
2403,0.36926622782469004
2404,1.0891815456396927
2405,3.6433522884453318
2406,9.462736203420885
2407,8.108036997724076
2408,2.009463660995218
2409,1.9901107446836668
2410,0.262757039409242
2411,0.960630511430458
2412,5.570299505674998
2413,40.61613572445946
2414,10.904859509368833
2415,6.026581259913723
2416,4.095126647565392
2417,6.076254399165439
2418,1.2944846535400032
2419,0.7133013918786797
2420,2.676327949236501
2421,10.062429512268364
2422,3.8850295582030174
2423,1.4843003532508219
2424,1.1889120008252505
2425,1.0210560265536754
2426,1.6629722028510254
2427,2.5490046261048103
2428,10.1112183026353
2429,20.6780551845604
2430,5.734209420242751
2431,1.9945167605497591
2432,0.6946809089035156
2433,3.2438998888700183
2434,3.6014798743554333
2435,2.2306531223728707
2436,2.70737689063316
2437,4.492734495860873
2438,2.225311140875966
2439,6.410628689053752
2440,1.8885981048411882
2441,7.166233808038837
2442,0.3987545031905994
2443,9.36398777770328
2444,6.212721063259217
2445,9.303703007074963
2446,0.3469410920341904
2447,1.4612042994495116
2448,2.1978590093490555
2449,2.8374578735786877
2450,0.1357769537939328
2451,0.039937828851994595
2452,21.861630234125908
2453,3.6518654646572544
2454,0.08103319911842563
2455,1.7971292867757804
2456,0.5954103889665038
2457,0.6789187958750399
2458,9.7205497395416
2459,0.2808437810161869
2460,1.7070775503707893
2461,2.184298186717462
2462,5.419447270634585
2463,8.726887343353516
2464,4.721904768182833
2465,5.231695373385691
2466,1.1829137501804212
2467,5.1429576727337185
2468,6.885510438485116
2469,5.140039221255575
2470,1.4767645724205527
2471,8.98475137115422
2472,4.4669754021343175
2473,7.618411839462434
2474,3.555002945179223
2475,15.760454268564104
2476,0.9371311760351361
2477,1.6705754892109088
2478,0.541239991096213
2479,0.5624754400290626
2480,4.886464647388666
2481,1.7076300495611492
2482,0.38660998374014094
2483,1.0532147207876104
2484,3.134608551697702
2485,0.5992173297640337
2486,2.0893056590115955
2487,0.954545851005148
2488,14.230333306328886
2489,3.459493240419413
2490,4.145524689888331
2491,1.2940048213329574
2492,4.7295070205775165
2493,1.2807261882750935
2494,4.188971602803437
2495,2.9088182935104543
2496,6.950633364096613
2497,3.0954474294368737
2498,0.3363579261167536
2499,2.8227013483814054
2500,12.939967545486903
2501,9.442805079009046
2502,1.077091488752951
2503,1.9835124746583814
2504,1.149760648038124
2505,3.483700681506283
2506,2.143652727687259
2507,8.25158334042063
2508,2.442062427682967
2509,4.177182847739385
2510,9.514852663709878
2511,8.188386965805632
2512,5.088483618161053
2513,19.144575113429823
2514,1.2160322932670264
2515,1.0448417698401051
2516,6.066147126679244
2517,15.21618270690273
2518,1.1992377749692453
2519,0.8548032150931228
2520,0.30001507480066447
2521,0.3438293223276892
2522,0.9475138404033976
2523,3.185265427670502
2524,3.1261178051534797
2525,1.4045386172130365
2526,0.6680666346402511
2527,7.938772297597528
2528,5.349276406433449
2529,1.8491292705942397
2530,3.7722742287695374
2531,6.376235974415266
2532,1.8249241923939497
2533,0.42064613896650854
2534,18.773335809082816
2535,1.3687120477640284
2536,1.1420408959088106
2537,4.222335506140478
2538,4.279552218489542
2539,4.656201795037112
2540,5.76539929768044
2541,6.001617914632365
2542,5.416086599351003
2543,5.847808083359776
2544,41.08840085227826
2545,0.2676693470706939
2546,8.44392969274908
2547,6.895189073218545
2548,1.481974588971673
2549,9.136721197733896
2550,11.02250342293947
2551,1.2712371278650556
2552,12.144431230296885
2553,0.7390841163227555
2554,4.1459445690209895
2555,0.11013497967775894
2556,7.0008971968884515
2557,4.530229012892396
2558,1.388605193874279
2559,2.300583646934354
2560,2.890372855713731
2561,0.8243738871879168
2562,3.705893693283307
2563,4.988223484908604
2564,1.5986807362481303
2565,0.11036398647551493
2566,1.6224214632049936
2567,0.8050831333601673
2568,5.636217323105099
2569,0.19566725673284957
2570,7.201220990300853
2571,0.09531880747932008
2572,2.2842509639879274
2573,0.7327408064089247
2574,10.703248159162085
2575,1.9659556931848658
2576,1.0701996814935817
2577,0.9421481358001115
2578,3.7128437854539245
2579,3.910927789381961
2580,26.490337348594622
2581,2.5512482276656767
2582,2.2663156768796995
2583,5.574615835140577
2584,1.5055881215356017
2585,6.795459870548515
2586,3.0891338889019555
2587,0.19959953906313987
2588,0.863461271960915
2589,6.520162929691132
2590,15.733465985529003
2591,5.452502837924851
2592,3.563998777458066
2593,0.19013857626551847
2594,7.20461516006215
2595,0.43978421271695445
2596,3.5231471870395294
2597,4.539119472739302
2598,3.588209451669896
2599,6.568465515474033
2600,8.797579088396768
2601,0.017900591658129468
2602,3.2887953699325245
2603,3.7460034087529914
2604,4.756326658599795
2605,3.0969438276656414
2606,3.3588043037488577
2607,1.4402938002978785
2608,4.498964946354335
2609,0.5471387011756521
2610,3.1507512397477666
2611,1.4336038467813792
2612,3.560198637574808
2613,0.5102991950018627
2614,0.3730281384056133
2615,3.564687305388271
2616,2.0188379692078704
2617,0.9741650211265795
2618,0.034168227003678026
2619,4.236163850760864
2620,1.3479472969576067
2621,2.6445422515148547
2622,1.6321145287178649
2623,2.7338196040836644
2624,17.12771196237586
2625,0.6727911333456718
2626,20.973711005812127
2627,0.793134961986894
2628,5.057950518981494
2629,0.7602266968693814
2630,2.9210445963638354
2631,0.09783869598345317
2632,3.1931141169514685
2633,0.8519395360515905
2634,1.5611984376740144
2635,2.0048641144273076
2636,1.0812638662594058
2637,0.5546616134496722
2638,1.5577906615981372
2639,1.0522036634006613
2640,10.706264263898673
2641,5.907472509610535
2642,0.7465198310528789
2643,0.8623229989259888
2644,2.712173487023521
2645,6.626219710641206
2646,6.221854402944245
2647,0.5086431067067458
2648,6.666536544950726
2649,3.0809795224818073
2650,0.6632767677882393
2651,2.3304375245084827
2652,14.617117819900056
2653,2.0452510012648832
2654,5.5276639351777765
2655,2.1947661799397875
2656,8.95068704518894
2657,1.9574181069162335
2658,3.7162288266105112
2659,3.723318803512617
2660,0.9868840140583507
2661,0.14114362072106
2662,8.427662736162997
2663,2.72365454392376
2664,6.4104310186784925
2665,0.9969049284303849
2666,1.403791857619217
2667,6.790021195276988
2668,0.7908905004400261
2669,7.518505915443349
2670,2.07157608540595
2671,0.4107029606790275
2672,0.05345051372175089
2673,6.774645870036869
2674,2.2901150551224654
2675,6.548433021072677
2676,2.431952440632445
2677,4.061789911974992
2678,1.7950965184647432
2679,0.07364689587220971
2680,3.7600793961015997
2681,3.1709804198470493
2682,0.28860709388670824
2683,3.4991099531041083
2684,3.8821335777933754
2685,6.244913890901528
2686,0.20732591980300907
2687,38.52513739273428
2688,1.412906979037409
2689,7.252493054562168
2690,1.8881795398415573
2691,0.11538034652427885
2692,0.8270149732107211
2693,1.6299117411926063
2694,1.6244539202540698
2695,5.30751451855332
2696,2.2128357851621816
2697,0.4350824840497858
2698,3.5842499214330523
2699,4.0948629596622395
2700,8.178820088803368
